district,state,households_surveyed,women_interviewed,men_interviewed,female_school_attendance,pop_below_15," Sex ratio of the total population (females per 1,000 males)","Sex ratio at birth for children born in the last five years (females per 1,000 males)",Children under age 5 years whose birth was registered with the civil authority (%),Deaths in the last 3 years registered with the civil authority (%),electricity_pct,clean_water_pct,sanitation_pct,clean_fuel_pct,Households using iodized salt (%),health_insurance_pct,Children age 5 years who attended pre-primary school during the school year 2019-20 (%),women_literacy_pct,Women (age 15-49)  with 10 or more years of schooling (%),child_marriage_pct,Births in the 5 years preceding the survey that are third or higher order (%),teen_pregnancy_pct,Women age 15-24 years who use hygienic methods of protection during their menstrual period5 (%),Current Use of Family Planning Methods (Currently Married Women Age 15-49  years) - Any method6 (%),Current Use of Family Planning Methods (Currently Married Women Age 15-49  years) - Any modern method6 (%),Current Use of Family Planning Methods (Currently Married Women Age 15-49  years) - Female sterilization (%),Current Use of Family Planning Methods (Currently Married Women Age 15-49  years) - Male sterilization (%),Current Use of Family Planning Methods (Currently Married Women Age 15-49  years) - IUD/PPIUD (%),Current Use of Family Planning Methods (Currently Married Women Age 15-49  years) - Pill (%),Current Use of Family Planning Methods (Currently Married Women Age 15-49  years) - Condom (%),Current Use of Family Planning Methods (Currently Married Women Age 15-49  years) - Injectables (%),Total Unmet need for Family Planning (Currently Married Women Age 15-49  years)7 (%),Unmet need for spacing (Currently Married Women Age 15-49  years)7 (%),Health worker ever talked to female non-users about family planning (%),Current users ever told about side effects of current method of family planning8 (%),Mothers who had an antenatal check-up in the first trimester  (for last birth in the 5 years before the survey) (%),antenatal_4visits_pct,Mothers whose last birth was protected against neonatal tetanus (for last birth in the 5 years before the survey)9 (%),Mothers who consumed iron folic acid for 100 days or more when they were pregnant (for last birth in the 5 years before the survey) (%),Mothers who consumed iron folic acid for 180 days or more when they were pregnant (for last birth in the 5 years before the survey} (%),Registered pregnancies for which the mother received a Mother and Child Protection (MCP) card (for last birth in the 5 years before the survey) (%),Mothers who received postnatal care from a doctor/nurse/LHV/ANM/midwife/other health personnel within 2 days of delivery (for last birth in the 5 years before the survey) (%),Average out-of-pocket expenditure per delivery in a public health facility (for last birth in the 5 years before the survey) (Rs.),Children who received postnatal care from a doctor/nurse/LHV/ANM/midwife/ other health personnel within 2 days of delivery (for last birth in the 5 years before the survey) (%),institutional_births_pct,Institutional births in public facility (in the 5 years before the survey) (%),Home births that were conducted by skilled health personnel  (in the 5 years before the survey)10 (%),Births attended by skilled health personnel (in the 5 years before the survey)10 (%),Births delivered by caesarean section (in the 5 years before the survey) (%),Births in a private health facility that were delivered by caesarean section (in the 5 years before the survey) (%),Births in a public health facility that were delivered by caesarean section (in the 5 years before the survey) (%),Children age 12-23 months fully vaccinated based on information from either vaccination card or mother's recall11 (%),Children age 12-23 months fully vaccinated based on information from vaccination card only12 (%),Children age 12-23 months who have received BCG (%),Children age 12-23 months who have received 3 doses of polio vaccine13 (%),Children age 12-23 months who have received 3 doses of penta or DPT vaccine (%),Children age 12-23 months who have received the first dose of measles-containing vaccine (MCV) (%),Children age 24-35 months who have received a second dose of measles-containing vaccine (MCV) (%),Children age 12-23 months who have received 3 doses of rotavirus vaccine14 (%),Children age 12-23 months who have received 3 doses of penta or hepatitis B vaccine (%),Children age 9-35 months who received a vitamin A dose in the last 6 months (%),Children age 12-23 months who received most of their vaccinations in a public health facility (%),Children age 12-23 months who received most of their vaccinations in a private health facility (%),Prevalence of diarrhoea in the 2 weeks preceding the survey (Children under age 5 years) (%) ,Children Prevalence of symptoms of acute respiratory infection (ARI) in the 2 weeks preceding the survey (Children under age 5 years) (%) ,Children under age 3 years breastfed within one hour of birth15 (%),"Breastfeeding children age 6-23 months receiving an adequate diet16, 17  (%)","Total children age 6-23 months receiving an adequate diet16, 17  (%)",stunting_pct,wasting_pct,Children under 5 years who are severely wasted (weight-for-height)19 (%),underweight_pct,Children under 5 years who are overweight (weight-for-height)20 (%),Women (age 15-49 years) whose Body Mass Index (BMI) is below normal (BMI <18.5 kg/m2)21 (%),Women (age 15-49 years) who are overweight or obese (BMI ≥25.0 kg/m2)21 (%),Women (age 15-49 years) who have high risk waist-to-hip ratio (≥0.85) (%),child_anaemia_pct,women_anaemia_pct,Pregnant women age 15-49 years who are anaemic (<11.0 g/dl)22 (%),all_women_anaemia_pct,All women age 15-19 years who are anaemic22 (%) ,Women  age 15 years and above with high (141-160 mg/dl) Blood sugar level23 (%),Women age 15 years and above wih very high (>160 mg/dl) Blood sugar level23 (%),Women age 15 years and above wih high or very high (>140 mg/dl) Blood sugar level or taking medicine to control blood sugar level23 (%),Men age 15 years and above wih high (141-160 mg/dl) Blood sugar level23 (%),Men (age 15 years and above wih  very high (>160 mg/dl) Blood sugar level23 (%),Men age 15 years and above wih high or very high (>140 mg/dl) Blood sugar level  or taking medicine to control blood sugar level23 (%),Women age 15 years and above wih Mildly elevated blood pressure (Systolic 140-159 mm of Hg and/or Diastolic 90-99 mm of Hg) (%),Women age 15 years and above wih Moderately or severely elevated blood pressure (Systolic ≥160 mm of Hg and/or Diastolic ≥100 mm of Hg) (%),Women age 15 years and above wih Elevated blood pressure (Systolic ≥140 mm of Hg and/or Diastolic ≥90 mm of Hg) or taking medicine to control blood pressure (%),Men age 15 years and above wih Mildly elevated blood pressure (Systolic 140-159 mm of Hg and/or Diastolic 90-99 mm of Hg) (%),Men age 15 years and above wih Moderately or severely elevated blood pressure (Systolic ≥160 mm of Hg and/or Diastolic ≥100 mm of Hg) (%),Men age 15 years and above wih Elevated blood pressure (Systolic ≥140 mm of Hg and/or Diastolic ≥90 mm of Hg) or taking medicine to control blood pressure (%),Women (age 30-49 years) Ever undergone a screening test for cervical cancer (%),Women (age 30-49 years) Ever undergone a breast examination for breast cancer (%),Women (age 30-49 years) Ever undergone an oral cavity examination for oral cancer (%),women_tobacco_pct,men_tobacco_pct,women_alcohol_pct,men_alcohol_pct
Nicobars,Andaman & Nicobar Islands,882,764,125,78.01,22.98,973.31,927.41,98.01,83.22,97.9,98.81,83.45,56.93,99.42,2.65,-29.45,87.54,53.53,11.36,0.0,1.77,100.0,65.3,57.24,46.36,0.0,2.72,2.0,4.92,1.24,9.53,3.3,40.42,49.39,62.77,71.65,78.01,72.57,43.91,97.86,85.09,2278.2,92.53,97.81,96.65,0.79,98.6,11.52,39.56,10.72,-64.21,-94.08,-80.38,-69.08,-71.87,-67.32,-20.67,-3.08,-68.61,94.92,-100.0,-0.01,5.65,1.75,55.43,-19.37,-18.71,21.59,15.69,7.76,24.6,1.49,8.18,39.11,62.51,37.67,38.36,-43.34,38.3,47.98,7.44,3.88,13.05,9.62,4.36,15.39,23.24,8.45,35.36,32.86,11.06,46.97,13.35,13.16,5.37,63.46,76.79,29.59,64.49
North & Middle Andaman ,Andaman & Nicobar Islands,874,789,108,82.66,19.82,949.82,844.43,100.0,-92.55,93.24,92.2,86.38,61.25,99.86,2.07,-30.06,84.01,41.03,15.38,1.5,3.83,100.0,84.09,73.11,48.34,0.58,6.43,7.84,9.29,0.0,5.78,1.33,23.19,83.17,74.46,79.19,91.11,83.65,24.08,99.23,92.53,1903.71,94.28,97.7,95.01,0.7,98.33,12.91,39.56,11.43,68.58000000000001,66.06,92.52,73.14500000000001,80.72,82.19,23.525,5.54,77.60499999999999,-89.58,93.65,0.0,4.54,6.98,27.32,-6.46,-5.92,27.02,26.97,8.31,42.8,0.83,8.55,35.89,79.33,30.38,62.46,-43.34,62.07,47.82,7.19,6.4,16.72,9.09,6.94,18.28,18.35,3.98,27.4,22.62,5.97,32.2,1.7,0.25,15.84,46.77,70.47,5.08,45.26
South Andaman ,Andaman & Nicobar Islands,868,844,134,84.68,20.95,967.48,934.92,96.53,92.21,99.58,97.94,89.33,91.92,99.67,1.15,-50.82,86.67,57.5,17.06,0.51,2.81,98.19,57.13,50.5,34.02,0.0,2.82,1.75,10.57,0.29,17.6,8.64,31.18,88.17,79.4,85.94,92.05,80.96,61.93,98.91,88.13,3460.04,89.75,99.46,83.83,0.0,96.86,37.14,-79.13,29.55,-76.29,-96.57,-100.0,-79.0,-94.75,-81.74,-33.66,-0.01,-85.27,83.96,-93.11,-4.33,5.99,0.0,51.13,-22.34,23.49,21.11,12.62,3.46,17.43,7.21,10.0,39.01,78.15,43.35,57.6,-43.34,57.66,43.17,7.51,9.45,18.41,9.28,7.79,18.1,12.7,4.86,22.95,17.88,6.09,26.9,1.32,0.67,8.0,19.6,50.76,1.72,32.81
Srikakulam ,Andhra Pradesh,874,780,100,59.99,20.71,1139.51,1162.58,94.96,71.03,99.91,87.73,71.58,74.7,76.54,75.63,-0.01,64.32,42.51,25.4,0.0,5.46,77.95,72.33,72.18,71.03,0.34,0.55,0.0,0.26,0.0,5.69,3.6,16.01,45.75,79.69,78.41,94.43,67.5,35.34,100.0,90.81,3479.24,97.71,97.94,52.2,0.47,96.38,56.98,73.77,44.52,-82.79,-100.0,-93.25,-82.79,-89.65,-93.25,-34.88,-74.8,-89.65,69.56,-97.01,-2.99,11.9,1.3,42.77,-13.98,16.14,19.66,19.51,7.36,21.44,4.48,13.76,27.18,53.98,59.61,62.82,-43.34,62.59,59.19,8.24,7.81,17.44,6.78,8.61,17.57,12.75,5.85,22.12,14.37,5.51,22.89,1.04,0.23,3.76,7.09,21.32,0.55,28.26
Vizianagaram ,Andhra Pradesh,902,853,134,55.95,20.56,1114.35,898.03,95.42,81.7,99.52,93.1,61.74,60.3,84.96,76.69,-25.17,58.32,37.63,33.72,2.2,12.74,72.52,71.18,71.18,69.27,1.29,0.0,0.0,0.63,0.0,6.68,4.74,21.1,36.37,76.08,71.35,91.27,59.62,32.42,98.75,83.89,1930.67,89.19,99.01,70.64,0.46,97.61,41.3,70.25,30.25,-76.75,66.06,-100.0,-76.75,-90.31,-92.52,-34.96,-77.29,-83.57,85.86,-100.0,-0.01,7.51,1.39,55.64,-2.47,1.75,36.4,19.23,8.34,32.21,4.65,16.85,28.82,57.97,66.74,64.64,-43.34,64.04,73.88,6.23,7.0,14.26,5.81,7.51,14.47,12.93,6.6,25.2,14.83,6.43,25.13,4.9,0.63,7.33,11.41,21.47,0.8,32.3
Visakhapatnam ,Andhra Pradesh,869,818,112,66.76,21.35,1066.43,974.03,90.52,71.28,99.57,91.78,77.77,72.87,82.17,64.92,-5.02,69.54,45.98,25.41,0.0,9.5,85.72,68.02,67.68,64.93,1.46,0.33,0.0,0.78,0.0,4.79,2.37,15.2,35.3,79.44,58.59,88.03,74.99,40.11,97.04,84.78,2200.41,90.88,95.25,69.33,0.0,94.35,26.47,57.23,16.78,-76.49,-93.52,-97.91,-76.49,-90.48,-95.14,-45.08,-72.89,-79.63,91.26,-83.81,-9.71,8.12,1.95,64.27,-6.94,11.84,30.96,21.53,11.2,33.53,4.79,17.44,23.79,57.97,72.61,58.61,-43.34,58.02,58.93,6.14,8.55,16.97,7.34,8.49,18.2,12.12,5.94,23.91,17.01,7.04,29.16,1.72,0.73,4.07,6.34,22.75,1.32,30.23
East Godavari ,Andhra Pradesh,888,824,105,75.39,20.45,995.49,881.88,92.97,68.2,98.82,97.88,77.73,80.34,81.21,66.36,-11.21,77.87,43.21,25.99,1.31,6.22,70.97,66.34,66.34,64.08,0.85,0.08,0.25,1.08,0.0,7.96,4.39,12.46,32.43,76.33,50.95,86.96,62.66,32.25,91.43,91.88,8159.35,93.49,96.63,45.99,2.17,89.85,52.15,71.99,34.11,-58.95,-67.31,-92.69,-66.28,-83.87,-76.74,-32.54,-77.81,-86.68,81.4,-85.34,-7.48,13.32,2.24,51.28,-2.99,10.21,23.11,14.33,3.83,22.35,3.42,10.2,44.36,49.16,66.76,63.24,-43.34,62.96,65.17,7.46,12.73,21.71,9.15,15.49,27.56,12.98,6.56,29.01,17.32,7.34,32.19,1.94,1.02,4.79,3.16,25.5,0.72,25.89
West Godavari ,Andhra Pradesh,884,841,122,75.4,21.48,998.55,832.54,93.51,90.08,99.34,99.07,80.78,86.83,83.39,67.57,-2.69,76.97,46.47,22.09,0.54,13.35,84.44,77.82,77.24,74.49,0.65,0.59,0.4,0.59,0.35,2.95,1.78,12.49,28.77,82.21,62.73,95.34,82.81,43.65,100.0,94.75,2317.64,96.37,98.7,48.76,0.73,98.47,55.66,71.97,40.44,-80.04,-86.98,-94.78,-80.04,-89.0,-91.66,-26.28,-77.66,-89.0,73.88,-100.0,-0.01,2.71,1.03,32.79,-4.9,3.48,31.44,11.71,4.65,22.45,5.24,10.11,45.34,51.57,62.34,63.08,-43.34,63.04,66.83,7.29,13.14,23.83,7.18,10.36,18.93,14.69,6.06,28.84,17.72,8.67,31.42,7.06,1.77,13.05,2.24,21.8,0.15,23.56
Krishna ,Andhra Pradesh,865,820,119,74.02,20.44,1063.63,1139.25,96.41,86.32,99.55,94.38,79.14,89.82,87.53,68.08,-15.07,76.85,46.17,25.32,0.0,9.6,92.59,79.09,78.1,76.49,1.03,0.0,0.0,0.44,0.0,2.49,1.36,16.09,27.66,81.49,73.3,95.84,56.2,39.2,96.42,88.33,3715.49,90.28,98.93,40.09,0.47,98.03,66.07,79.65,47.9,-89.96,-97.19,-93.85,-89.96,-93.85,-89.96,-33.79,-62.13,-93.85,80.95,-100.0,-0.01,7.81,2.43,29.31,-26.05,-23.41,29.84,14.25,5.21,21.13,4.23,10.47,40.56,53.46,65.7,60.43,-43.34,60.32,59.01,7.89,13.38,23.32,8.45,11.86,22.54,13.41,4.29,24.02,18.58,5.07,28.46,5.36,2.12,12.34,1.37,21.31,0.35,22.76
Guntur ,Andhra Pradesh,851,807,93,64.88,22.41,1055.16,941.42,92.34,82.51,99.19,99.25,83.44,91.65,85.83,71.08,-7.6,68.48,32.61,35.37,1.0,20.7,87.97,73.33,73.17,72.85,0.0,0.19,0.0,0.13,0.0,3.23,1.72,16.59,28.22,89.41,62.47,90.25,75.13,42.49,96.04,93.99,3912.24,97.19,98.61,49.55,0.94,95.54,53.75,72.15,37.04,-76.17,-100.0,-97.61,-76.17,-97.61,-92.49,-39.61,-87.83,-97.61,80.16,-97.44,-2.56,10.04,0.98,69.28,-8.62,11.19,23.82,17.81,8.07,26.88,3.61,9.61,46.39,53.38,59.28,59.82,-51.94,59.51,54.63,7.75,13.01,22.69,10.66,13.44,25.89,14.66,5.94,25.83,18.03,8.51,31.31,6.47,0.2,14.64,1.6,25.39,0.17,24.51
Prakasam ,Andhra Pradesh,821,689,95,58.13,23.08,1010.57,837.05,87.05,88.94,99.27,98.57,78.43,90.78,85.46,67.58,7.58,62.83,34.54,37.28,3.06,16.42,86.64,68.96,68.72,68.72,0.0,0.0,0.0,0.0,0.0,4.8,1.59,25.41,18.91,84.74,73.4,92.23,69.03,51.78,92.84,90.1,2751.785,90.33,97.4,18.11,0.52,97.92,54.15,61.04,-31.78,-51.93,66.06,-89.25,-54.96,-75.95,-65.28,-28.02,-63.06,-61.92,79.93,93.65,0.0,7.88,2.88,73.82,-11.95,-13.44,22.56,8.73,3.32,24.65,5.13,14.39,39.48,50.48,62.61,60.62,-43.34,60.43,64.82,7.93,12.59,23.2,11.82,15.3,30.15,14.6,6.43,27.83,19.77,8.34,33.04,4.06,0.23,9.95,2.22,28.22,0.28,19.04
Sri Potti Sriramulu Nello ,Andhra Pradesh,865,922,132,67.91,20.8,1048.5,1010.6,88.09,84.77,99.11,95.63,81.75,84.56,85.61,72.27,9.62,70.46,38.67,23.84,3.35,14.87,84.01,71.88,71.74,71.36,0.0,0.0,0.0,0.26,0.0,3.11,2.32,19.66,21.7,88.95,72.95,94.16,76.11,51.75,92.82,95.47,1103.69,94.25,97.0,34.86,3.0,100.0,42.26,57.48,18.76,65.27,-80.06,89.2,69.36,81.08,81.14,18.72,70.88,77.18,76.96,-91.25,-8.75,8.94,3.91,39.42,7.37,6.87,29.22,17.18,6.93,27.84,0.52,15.22,39.53,47.63,67.45,59.58,-43.34,59.39,68.64,8.17,12.29,21.8,7.15,12.69,21.12,12.74,4.5,22.96,15.34,5.85,25.05,10.21,0.82,6.71,4.38,26.47,0.27,25.9
Y.S.R. ,Andhra Pradesh,910,1017,140,61.9,24.1,1058.05,779.03,94.33,86.09,99.75,99.85,85.35,94.25,80.24,73.34,9.53,63.76,39.95,25.56,1.22,10.86,92.51,69.05,68.38,68.13,0.0,0.25,0.0,0.0,0.0,5.52,3.07,29.53,14.57,84.39,82.75,93.41,71.21,39.68,97.72,92.29,3389.39,91.28,99.43,40.73,0.57,100.0,36.2,43.47,26.24,82.99,89.65,92.03,84.86,88.92,88.68,26.38,87.48,89.04,90.07,98.29,1.71,5.91,2.31,48.3,4.87,5.54,34.43,14.11,4.2,26.7,0.22,15.91,33.86,30.58,60.6,56.08,-57.55,56.13,60.18,8.39,8.67,18.4,9.94,10.58,22.32,13.63,5.73,23.23,17.75,6.9,27.34,13.44,0.85,3.64,3.07,18.01,0.15,16.03
Kurnool ,Andhra Pradesh,870,908,139,55.23,25.91,1044.64,917.86,86.08,77.87,99.88,97.88,73.48,78.08,70.41,73.32,5.48,56.97,33.38,36.94,2.98,12.37,78.86,70.03,70.03,69.46,0.0,0.0,0.15,0.41,0.0,2.11,0.87,20.65,22.19,78.55,74.25,91.27,69.84,43.34,95.55,87.78,2093.59,87.29,88.52,51.06,2.03,90.55,32.94,64.49,17.2,67.04,-80.35,95.91,68.95,86.3,84.08,22.26,69.09,76.57,79.05,100.0,0.0,4.46,4.16,67.15,9.58,9.62,50.53,16.72,5.96,46.28,1.13,20.64,29.01,42.06,70.75,58.31,-67.8,58.58,61.14,6.89,6.9,15.05,9.19,10.21,20.56,18.26,5.12,26.99,22.24,7.44,31.75,2.31,0.19,2.91,2.11,19.94,0.41,19.99
Anantapur ,Andhra Pradesh,882,868,146,59.45,24.26,1047.36,881.3,94.27,87.15,99.61,98.8,71.25,86.42,88.6,73.24,17.02,63.55,31.25,37.29,1.98,13.6,95.01,67.58,67.58,67.15,0.0,0.0,0.0,0.13,0.0,6.35,3.67,21.9,36.42,80.34,66.61,97.52,71.96,38.54,100.0,89.08,2681.89,87.3,94.7,60.3,2.84,98.33,22.16,36.95,15.66,-81.78,-96.61,-95.68,-81.78,-90.2,-92.87,-17.8,-74.97,-87.65,75.72,-91.79,-8.21,2.51,2.63,54.69,3.9,2.91,35.96,19.32,4.02,40.59,0.3,21.85,29.33,46.26,55.75,50.3,-54.87,50.45,50.0,5.37,7.78,14.2,7.5,8.27,16.75,12.36,8.51,23.41,16.19,7.67,26.67,1.01,0.37,4.01,5.03,20.54,0.55,16.84
Chittoor ,Andhra Pradesh,865,828,121,65.63,22.59,1024.32,1019.3,94.68,74.26,99.74,98.46,74.62,86.63,85.53,70.66,14.22,69.32,40.33,28.06,3.21,19.73,94.66,69.04,68.87,67.86,0.0,0.0,0.0,0.84,0.0,6.0,3.86,21.31,29.13,80.25,65.28,97.79,71.66,43.68,98.18,93.78,2532.61,95.2,97.1,66.53,1.28,97.55,26.44,54.74,14.58,-66.55,-87.49,-97.15,-69.1,-88.36,-89.6,-26.84,-74.98,-86.18,76.92,-100.0,-0.01,4.78,3.08,38.71,-6.17,5.96,27.06,14.82,6.25,27.91,0.5,20.13,33.41,41.66,54.87,51.77,-52.72,51.8,43.9,6.94,8.36,17.15,7.15,12.32,22.42,10.73,5.39,22.73,16.79,5.94,27.06,2.23,0.26,3.95,4.3,18.7,0.43,18.3
Tawang ,Arunachal Pradesh,905,924,137,59.32,27.33,1062.73,833.74,95.33,51.16,99.72,99.77,81.7,88.1,99.87,33.5,3.26,59.08,39.24,11.92,0.76,1.41,88.43,62.09,56.33,9.06,0.0,10.42,29.46,1.67,1.29,14.63,11.7,24.82,67.67,79.88,37.61,85.33,28.22,14.58,99.58,49.59,5344.81,48.76,84.18,83.84,5.67,89.85,17.31,39.56,20.24,67.53,76.79,93.12,69.27,81.86,90.75,19.23,28.74,77.64,84.35,100.0,0.0,14.76,6.24,60.64,20.37,18.76,30.37,7.1,1.89,9.04,21.14,1.17,35.44,68.32,89.61,59.16,-57.41,59.07,76.33,3.14,0.72,4.51,5.49,1.56,8.51,17.42,11.71,30.28,25.72,9.16,36.37,0.99,0.82,0.73,5.07,23.97,23.41,43.2
West Kameng ,Arunachal Pradesh,959,1122,167,73.01,21.68,970.52,766.48,97.34,48.49,97.5,99.76,88.88,88.93,98.86,38.29,3.91,73.69,43.58,12.46,0.46,1.37,90.27,53.81,47.81,17.06,0.0,7.26,17.19,3.39,1.32,17.03,13.49,24.29,68.05,45.13,27.59,64.42,18.48,1.45,90.09,38.85,7645.46,33.76,93.57,92.03,4.55,92.03,10.02,39.56,10.29,-56.19,-60.97,-94.04,-62.97,-65.76,-65.76,-17.04,-22.02,-57.35,79.86,-100.0,-0.01,10.02,2.54,42.63,-24.21,19.68,24.23,23.16,11.91,13.44,15.53,1.94,25.74,76.82,66.62,38.4,18.21,37.36,50.86,3.59,0.65,4.67,7.96,1.58,9.99,12.43,4.31,19.76,21.87,7.02,30.71,0.04,0.49,0.23,13.85,38.72,19.54,45.87
East Kameng ,Arunachal Pradesh,940,1002,130,63.05,31.23,985.38,995.41,81.32,22.21,86.28,93.58,75.55,49.47,98.92,25.05,5.62,62.16,31.84,26.51,3.64,8.05,85.4,64.88,57.44,23.62,0.0,10.61,14.62,6.19,0.82,9.74,4.65,13.73,77.53,41.66,29.12,73.09,11.2,1.15,93.01,53.64,8611.61,54.63,75.96,74.18,4.35,80.31,9.02,39.56,10.99,60.83,78.34,82.93,71.93,70.69,77.79,36.33,20.54,64.37,67.91,98.02,0.0,7.26,2.38,52.17,28.2,26.39,35.67,15.84,8.45,14.24,10.23,4.75,19.64,68.7,51.65,26.87,-13.05,26.21,39.51,4.32,4.04,8.9,6.68,6.27,13.89,14.11,4.39,19.54,22.22,6.02,28.98,0.62,0.22,0.72,24.9,48.16,27.39,49.75
Papum Pare ,Arunachal Pradesh,950,1017,142,77.64,30.51,1039.37,1065.42,75.38,21.62,98.72,92.89,75.7,81.3,99.96,26.94,12.88,78.22,50.46,25.43,1.61,5.95,95.42,47.67,41.03,15.73,0.0,5.57,10.6,4.8,0.94,20.31,8.77,20.7,73.08,38.39,39.28,73.99,24.79,13.29,91.42,53.16,17185.22,58.09,87.99,77.31,1.1,86.52,16.53,28.76,17.4,60.72,-74.3,88.14,63.86,76.25,77.27,37.35,11.52,64.29,75.47,-94.58,-2.94,4.61,1.92,52.92,24.41,24.92,29.72,8.95,4.99,15.62,9.13,5.3,31.08,67.98,53.38,39.36,-18.62,38.44,44.36,4.76,2.99,9.47,5.28,6.46,12.8,13.62,3.49,20.61,21.15,9.21,32.68,2.64,1.17,1.97,16.14,43.66,16.1,42.69
Upper Subansiri ,Arunachal Pradesh,988,1092,147,61.35,27.31,1052.16,1134.79,78.89,10.47,86.96,94.73,80.93,32.77,99.82,21.49,8.03,64.31,31.8,26.66,1.27,13.19,92.71,53.2,48.44,17.5,0.0,6.8,14.46,3.06,4.36,17.31,8.6,19.76,74.57,34.64,32.11,79.14,23.6,8.38,98.63,56.71,10086.7,56.73,76.95,76.24,5.22,81.34,17.85,39.56,23.0,68.45,76.34,89.79,74.44,75.59,84.31,29.21,33.63,72.23,58.94,100.0,0.0,5.9,1.28,56.63,15.25,15.43,36.79,12.17,8.06,19.18,8.96,2.77,24.95,81.55,60.42,36.64,-37.89,36.69,39.21,3.61,2.23,6.62,5.32,3.26,10.61,17.73,5.85,25.44,25.04,10.49,37.54,0.5,0.1,0.31,19.76,55.33,42.77,65.6
Upper Siang ,Arunachal Pradesh,935,901,133,69.45,25.8,894.05,983.18,79.5,18.35,99.46,99.82,91.75,36.32,99.13,34.6,-6.66,74.37,34.75,17.05,1.95,7.06,91.52,62.01,54.03,29.95,0.0,7.37,6.85,7.55,0.56,11.94,6.57,22.06,71.71,54.51,34.01,73.54,12.63,5.37,97.14,56.38,12364.61,52.9,75.98,74.89,3.28,78.75,14.2,39.56,18.26,-61.42,-67.18,-86.72,-64.5,-68.42,-69.97,-24.31,-23.75,-63.4,66.79,-97.72,-0.01,6.22,1.52,28.16,-21.87,25.24,30.37,12.49,4.99,12.0,13.51,2.41,27.28,63.77,51.01,29.35,-22.43,29.17,27.15,3.96,2.92,7.49,5.71,4.22,10.34,15.97,9.3,26.13,20.13,10.7,31.73,0.72,0.36,0.36,21.31,59.16,21.99,61.17
Changlang ,Arunachal Pradesh,981,1168,189,74.62,28.7,963.33,1019.25,97.64,56.54,95.15,81.8,82.3,34.08,99.21,40.54,1.35,77.6,30.51,16.75,1.15,9.03,89.08,71.4,46.34,15.06,0.0,1.62,27.49,1.81,0.0,6.73,3.51,20.86,88.56,65.0,46.94,88.06,37.31,14.09,99.25,69.74,6642.8,67.41,75.05,69.29,6.3,81.25,12.44,39.56,14.86,70.93,-86.14,86.11,70.93,84.35,84.35,19.21,44.53,84.35,77.94,-90.79,-0.01,1.28,0.78,60.69,31.31,28.92,26.3,16.31,8.25,25.03,3.91,10.46,17.14,66.17,65.32,57.11,-60.63,57.21,67.06,5.59,3.11,9.09,8.18,4.3,13.2,13.83,6.67,22.82,19.16,7.04,27.47,0.21,0.0,0.0,21.88,59.89,30.04,60.92
Lower Subansiri ,Arunachal Pradesh,986,1094,167,73.12,22.0,1015.7,1369.73,90.02,30.28,97.83,98.14,82.8,60.81,99.48,24.45,-18.19,76.8,49.91,16.01,1.5,2.01,92.39,65.87,58.0,24.99,0.07,8.92,11.8,9.84,1.37,8.52,2.32,12.41,66.42,53.37,39.08,82.34,15.15,5.3,92.31,67.74,10266.47,65.48,89.77,86.79,2.84,92.61,19.6,39.56,20.39,-66.45,-88.69,-85.01,-75.75,-69.6,-76.54,-36.82,-24.1,-65.86,70.05,-100.0,-0.01,6.4,4.16,52.54,-37.97,-29.81,30.69,11.45,5.9,8.06,14.44,4.31,23.21,68.77,52.44,41.07,-22.09,40.46,59.38,4.91,3.64,9.06,8.33,4.95,14.18,17.11,7.6,25.66,25.2,10.36,36.64,3.62,0.74,0.8,17.97,46.69,16.82,48.08
Dibang Valley ,Arunachal Pradesh,925,868,134,67.57,22.06,982.93,1054.47,96.5,28.86,79.23,100.0,94.99,49.26,99.58,28.69,3.17,77.83,43.17,20.71,1.32,0.67,88.59,69.13,49.74,23.85,0.0,9.52,8.18,5.63,1.16,4.63,3.36,24.11,88.52,60.67,40.38,85.23,25.41,8.1,95.84,66.19,7050.25,58.34,85.52,78.83,3.47,88.09,10.33,39.56,6.92,-90.71,-91.24,-97.28,-90.71,-90.71,-90.71,-31.3,-57.86,-84.01,57.99,-96.57,-3.43,3.87,0.71,66.48,-10.07,-10.96,16.88,18.12,7.83,15.95,4.55,3.81,21.66,82.06,88.56,64.28,-38.95,62.87,67.67,3.48,5.2,9.37,5.48,6.18,12.16,20.56,10.6,32.19,28.78,15.52,45.39,0.31,0.39,0.79,20.25,55.4,27.88,64.33
Lower Dibang Valley ,Arunachal Pradesh,968,1090,173,76.81,24.52,1009.65,884.08,92.6,53.63,84.39,99.52,89.88,57.38,98.7,36.79,1.97,81.56,51.89,13.79,0.0,1.55,96.0,75.34,56.4,28.44,0.0,12.21,3.89,8.26,0.38,4.85,4.61,21.41,94.8,56.34,48.62,87.46,25.78,3.31,97.24,58.57,6112.08,58.42,90.12,86.78,3.62,93.74,11.02,39.56,10.72,73.8,81.04,89.18,77.83,77.03,84.44,31.42,41.67,79.17,67.1,100.0,0.0,2.81,1.01,59.79,29.54,23.88,14.26,7.61,2.91,9.65,5.03,4.08,16.78,75.06,51.51,35.28,-19.61,34.6,39.38,4.62,4.14,8.87,7.12,5.86,13.15,16.71,8.08,25.59,24.78,12.56,38.13,0.0,0.2,0.19,20.62,52.1,20.25,48.66
Anjaw ,Arunachal Pradesh,932,828,125,61.52,23.18,939.24,957.37,94.44,-34.64,96.39,86.61,86.82,29.01,99.56,17.47,2.49,67.89,28.81,21.8,1.47,5.06,89.04,64.74,50.9,21.24,0.0,8.63,15.85,2.89,1.12,6.79,4.7,29.63,79.0,52.0,32.32,80.17,16.48,1.17,97.9,55.75,6514.83,57.34,77.95,76.91,1.98,78.98,12.61,39.56,16.02,-92.99,-90.53,-97.68,-97.57,-95.31,-97.57,-39.52,-35.67,-85.56,58.59,-100.0,-0.01,9.31,7.13,66.52,28.67,25.42,23.56,14.31,7.52,16.01,2.9,2.35,22.79,66.88,57.11,36.93,19.74,35.86,42.21,4.04,8.66,13.02,7.36,10.74,18.26,21.8,7.64,31.14,30.21,11.84,42.61,0.85,0.63,0.21,22.1,66.1,31.62,68.38
East Siang ,Arunachal Pradesh,976,1157,161,76.82,23.09,1058.6,1161.58,83.88,26.14,97.28,97.27,83.89,52.44,99.38,30.5,-17.95,83.76,55.56,14.91,2.17,4.59,87.76,39.95,35.85,14.44,0.0,5.15,7.14,6.73,0.93,17.56,9.58,15.38,61.72,39.87,34.26,75.22,11.41,6.59,94.42,55.71,12217.15,58.75,90.84,85.39,1.68,89.23,18.63,39.56,17.28,-48.81,-65.63,-84.83,-58.97,-71.2,-81.87,-24.12,-24.36,-67.27,67.27,-100.0,-0.01,8.49,2.0,49.37,21.79,23.95,24.62,8.55,4.2,10.27,9.02,6.79,27.87,67.94,51.51,35.28,-32.78,35.2,40.36,5.58,3.4,9.45,7.8,4.38,12.69,17.95,8.47,29.69,26.3,9.99,38.09,1.06,0.18,0.84,24.65,51.34,18.75,50.66
Kra Daadi ,Arunachal Pradesh,516,524,75,58.14,33.52,976.12,867.02,92.72,-30.73,99.69,99.84,89.26,78.33,99.16,23.97,0.0,55.3,27.4,24.84,0.4,12.86,89.62,46.13,39.88,16.71,0.0,5.65,13.38,1.39,0.62,16.51,13.13,19.48,48.14,62.45,18.27,55.06,12.65,9.03,97.69,34.9,20100.56,37.33,73.54,69.42,7.72,80.95,18.86,39.56,25.33,-63.58,-70.33,-92.15,-63.58,-71.34,-77.05,-22.45,-45.13,-71.34,88.14,-100.0,-0.01,5.98,1.76,35.88,-19.08,14.56,28.8,9.38,5.69,14.54,20.17,1.97,29.82,80.89,61.95,24.29,-1.97,22.6,37.24,2.68,0.93,4.06,5.21,0.47,5.68,13.68,4.59,19.41,17.73,7.47,26.14,0.0,0.26,0.58,9.9,24.96,11.5,34.8
Kurung Kumey ,Arunachal Pradesh,542,650,63,72.57,30.96,997.3,868.54,93.39,-8.33,99.2,99.79,78.33,57.28,99.65,13.43,-5.03,76.45,34.66,19.8,0.0,7.65,96.09,54.13,47.89,16.89,0.0,5.63,17.02,4.09,3.51,16.37,7.4,22.73,82.59,45.24,44.11,76.95,23.8,8.55,97.04,62.34,9838.25,61.08,69.16,64.24,1.6,69.71,17.11,39.56,25.89,-71.41,-76.68,-100.0,-71.41,-86.6,-89.49,-45.38,-9.88,-76.31,47.92,-100.0,-0.01,4.66,5.6,38.95,-18.63,-18.73,29.2,15.06,5.29,13.85,5.77,2.68,23.27,78.83,62.39,35.5,-43.34,34.79,42.16,4.08,1.88,6.88,6.95,2.42,10.31,13.99,3.31,19.22,20.13,4.6,25.98,0.67,0.0,1.4,16.42,39.38,27.47,50.15
Lohit ,Arunachal Pradesh,964,1129,193,73.26,27.67,1001.05,838.76,92.99,50.77,98.91,96.88,83.66,63.88,97.92,31.88,4.99,73.43,37.25,20.0,0.63,5.4,91.36,57.0,43.47,14.89,0.0,3.74,20.76,3.28,0.26,14.57,7.25,24.66,65.21,66.87,39.61,74.55,34.13,17.59,96.93,66.22,8236.16,66.17,90.24,84.57,2.57,92.3,19.67,39.56,18.5,-74.04,-76.97,-95.89,-80.42,-86.8,-87.64,-23.58,-51.22,-83.38,72.98,-98.16,-0.01,7.52,1.72,52.31,23.77,20.81,24.46,12.71,4.92,12.91,7.61,8.0,30.93,66.58,52.48,47.63,-33.22,47.21,51.5,3.97,4.81,9.46,3.2,4.61,9.1,14.83,4.94,22.06,17.38,6.96,26.6,1.05,1.27,1.13,17.78,52.97,20.92,50.01
Longding ,Arunachal Pradesh,946,935,149,63.22,29.92,926.46,961.12,88.74,-57.21,97.44,62.47,83.45,22.41,99.3,23.81,0.0,71.91,27.7,7.88,0.94,2.2,91.99,68.58,49.0,21.26,0.0,7.05,16.0,3.94,0.75,7.29,4.5,17.33,86.52,65.8,39.58,78.43,33.39,7.1,96.98,57.07,3777.62,55.53,64.51,62.79,0.91,65.02,4.21,39.56,5.09,52.68,-75.19,74.53,52.68,59.7,61.52,14.91,34.06,59.7,54.22,-85.82,-0.01,0.45,0.76,57.95,22.62,19.98,15.75,20.61,14.21,13.77,4.23,4.04,13.65,62.01,38.37,35.03,19.06,34.12,37.74,5.33,4.89,10.46,7.3,6.67,14.48,15.71,4.14,20.5,22.29,8.26,31.11,0.0,0.0,0.0,16.0,56.09,21.77,55.16
Namsai ,Arunachal Pradesh,989,1156,171,72.14,30.3,982.16,867.32,89.83,57.45,96.45,93.53,75.11,28.7,99.13,30.86,1.63,67.14,22.19,26.71,0.24,11.3,93.0,69.51,48.08,16.65,0.0,2.16,24.56,4.36,0.0,8.71,5.16,14.58,74.54,61.6,35.37,76.73,33.55,8.93,94.57,51.21,4184.46,52.04,63.6,60.33,6.41,68.82,10.47,39.56,13.52,67.17,83.42,83.51,70.88,80.74,79.31,27.21,43.97,75.05,72.37,98.71,1.29,1.73,0.24,47.35,24.3,21.16,28.73,12.36,4.18,17.7,6.16,12.76,17.99,52.88,59.15,58.79,-52.62,58.56,58.49,5.61,2.98,9.23,6.59,3.85,11.99,17.53,7.74,27.11,18.98,7.86,28.1,0.59,0.0,0.0,25.33,68.84,28.35,61.56
Siang ,Arunachal Pradesh,960,1106,154,78.59,21.84,967.97,1010.88,79.93,23.15,99.63,96.29,91.2,27.6,98.91,26.11,0.0,87.36,50.58,9.95,1.79,0.46,98.14,73.74,61.04,34.23,0.0,10.78,4.52,8.37,0.0,4.99,2.44,19.2,60.32,50.83,31.13,78.73,21.53,5.71,97.13,56.02,8477.81,55.42,81.1,79.02,2.09,82.7,5.83,39.56,6.26,-60.25,66.06,-80.81,-60.25,-81.12,-77.54,-21.23,-42.65,-74.74,68.05,93.65,0.0,2.67,0.88,51.36,-19.13,17.32,21.29,12.13,6.97,8.82,12.98,6.49,15.81,76.39,24.91,24.35,-15.43,23.94,23.36,5.16,2.45,8.02,4.31,4.38,9.4,14.9,8.7,24.36,20.53,10.12,31.52,1.19,0.22,0.22,19.61,55.54,27.3,60.64
Tirap ,Arunachal Pradesh,961,934,138,69.01,26.83,963.97,865.11,91.13,-64.79,98.77,93.81,86.67,50.42,98.28,30.84,3.68,75.09,40.2,12.04,0.93,4.04,88.41,56.14,39.4,17.09,0.0,2.89,17.62,1.03,0.33,10.64,8.06,27.06,65.2,59.3,35.68,73.93,27.39,14.48,97.56,49.84,12104.34,51.57,70.24,62.76,4.61,73.85,22.17,39.56,27.04,66.33,-71.24,82.83,72.09,77.44,77.87,19.37,37.46,77.44,72.76,-96.1,-3.9,7.57,3.25,71.99,16.74,16.76,38.62,13.77,7.31,16.03,11.71,5.52,28.29,57.83,48.39,32.41,-24.09,31.99,52.95,4.59,3.28,8.37,5.61,4.65,10.92,16.65,7.76,25.22,22.75,8.08,31.55,0.19,0.19,0.19,12.74,44.8,16.35,49.01
West Siang ,Arunachal Pradesh,945,1068,133,73.6,23.69,1018.03,1060.28,81.89,17.66,88.21,99.06,87.74,57.13,99.45,26.56,14.49,77.92,46.29,18.89,2.06,4.71,94.19,46.57,38.93,15.26,0.0,8.08,6.67,6.83,0.55,15.5,8.15,15.4,51.57,49.51,30.42,72.01,9.89,2.95,92.05,61.4,14222.34,60.62,84.57,79.77,3.41,87.56,17.83,39.56,18.82,-55.4,-60.01,-93.67,-57.52,-87.77,-86.64,-24.21,-30.04,-80.95,64.48,-100.0,-0.01,3.11,2.21,37.58,21.52,20.72,24.49,15.07,8.1,16.23,14.91,4.44,27.39,72.72,45.58,31.22,-16.78,30.54,36.68,4.9,3.58,9.12,7.69,3.34,11.21,23.3,8.5,32.74,28.97,11.34,41.13,0.38,0.08,0.4,16.86,44.31,26.87,49.82
Kokrajhar ,Assam,897,1052,144,75.17,29.49,1024.62,1003.13,97.06,69.53,93.94,87.3,72.2,43.32,99.6,50.18,3.36,73.73,27.54,36.21,0.87,11.29,72.28,72.34,57.95,5.99,0.12,4.09,44.04,3.21,0.5,10.01,3.72,18.74,51.33,67.02,36.93,95.77,61.06,26.4,98.35,68.29,3780.32,65.45,81.91,76.76,0.93,81.98,12.0,39.56,12.16,51.06,52.61,95.29,59.89,76.23,79.51,21.79,37.79,70.39,52.63,96.39,0.0,3.42,3.84,56.35,10.85,10.04,34.62,20.51,8.9,35.15,4.29,10.64,13.74,77.26,74.65,59.45,-59.45,59.45,63.71,5.92,2.86,10.12,8.12,4.06,13.16,11.29,5.34,17.78,13.07,4.78,19.42,0.18,0.57,0.16,25.71,55.48,12.28,31.32
Goalpara ,Assam,917,1158,164,78.5,29.98,1006.91,1026.88,98.77,73.33,89.56,90.73,75.31,36.26,99.12,71.13,2.24,74.06,23.38,41.77,0.3,13.34,64.5,66.79,55.09,6.03,0.12,3.23,40.09,3.56,1.38,7.43,2.15,19.27,68.11,65.25,44.06,96.57,52.17,20.44,98.62,73.5,4407.01,79.95,92.34,87.22,2.7,94.16,16.19,39.56,13.38,70.32,72.71,98.42,71.86,90.62,90.61,16.27,51.96,87.25,57.82,100.0,0.0,7.75,2.13,45.71,8.03,7.54,38.92,24.28,14.25,35.4,5.35,12.17,15.32,68.26,60.69,65.54,-49.16,64.88,66.94,5.96,2.98,10.23,7.71,3.82,13.21,11.14,3.28,16.77,11.46,3.47,17.85,0.17,0.17,0.0,15.6,52.01,5.02,16.15
Barpeta ,Assam,914,1163,159,75.39,30.05,1026.78,1007.49,96.01,74.34,88.87,98.14,63.65,38.66,96.26,58.9,2.67,74.79,31.66,40.09,0.0,14.16,61.53,57.32,47.36,5.48,0.12,2.02,35.34,3.6,0.68,12.26,3.9,18.37,55.07,62.15,43.59,94.86,49.43,21.84,99.06,70.54,4829.04,73.85,87.6,82.3,0.57,87.57,12.66,39.56,12.42,54.62,59.57,94.32,67.54,73.64,83.81,23.72,40.84,67.79,48.21,97.36,1.38,1.72,1.45,46.36,5.86,5.45,29.78,19.52,7.45,26.22,6.12,14.56,16.59,75.0,63.45,65.64,47.6,64.83,70.74,8.1,4.26,14.04,10.19,4.82,16.99,9.6,3.94,17.93,10.01,3.03,16.65,0.67,0.24,0.0,14.32,46.38,0.66,8.04
Morigaon ,Assam,915,1071,136,79.1,32.11,1054.51,1069.58,96.8,74.27,89.48,94.59,62.34,37.56,96.96,62.52,0.0,78.68,24.45,39.09,1.73,11.56,69.12,70.61,56.7,6.04,0.11,3.83,39.6,5.51,0.97,6.51,1.92,27.02,66.38,64.0,41.95,94.77,53.44,18.39,98.69,67.93,4378.97,72.61,88.3,82.82,1.67,89.96,12.32,39.56,10.76,73.39,82.87,91.29,77.03,87.88,87.01,9.85,60.32,83.04,60.22,98.58,0.0,5.36,5.94,62.19,8.62,8.62,43.23,16.1,7.5,30.46,4.34,15.03,14.21,74.11,53.31,64.93,-48.02,64.24,71.77,5.5,4.42,10.26,8.06,4.67,14.17,12.72,4.87,20.05,12.4,6.69,20.52,0.17,0.17,0.17,29.85,56.93,1.88,15.56
Lakhimpur ,Assam,916,957,140,83.23,28.09,982.98,984.87,98.66,67.11,97.21,81.22,74.22,36.07,99.9,66.97,-10.99,83.86,42.11,36.33,1.12,8.19,79.71,67.05,43.59,10.83,0.0,2.97,23.52,5.85,0.14,9.81,4.48,30.79,80.34,61.02,51.67,97.3,42.23,14.87,99.6,67.67,5097.62,77.01,96.16,91.64,0.99,96.82,22.73,39.56,19.87,69.04,72.41,94.49,74.29,87.74,86.31,16.87,53.34,84.63,64.98,100.0,0.0,3.7,3.9,58.99,8.21,7.93,38.5,18.23,7.47,34.36,2.28,17.29,12.4,58.71,69.34,66.32,-42.26,65.42,71.48,4.96,3.47,9.31,5.14,3.43,9.39,13.02,4.44,20.75,15.9,5.33,25.01,0.0,0.0,0.0,27.19,55.81,15.5,39.94
Dhemaji ,Assam,918,989,148,77.31,30.64,1027.58,1022.24,98.35,47.22,95.01,95.25,70.75,21.57,99.64,66.83,4.15,81.47,43.64,32.04,0.64,10.81,74.7,72.55,45.02,14.55,0.0,3.8,23.86,1.56,1.25,7.11,3.48,28.16,67.01,76.16,62.16,96.47,45.33,14.6,98.9,72.84,5167.61,75.38,87.25,84.14,4.23,91.48,16.11,39.56,15.83,89.71,90.79,96.73,95.29,94.73,93.22,13.84,76.68,89.97,64.07,98.31,0.0,0.92,2.97,45.52,6.93,6.78,37.18,18.26,10.07,25.67,3.53,12.05,15.58,57.11,73.06,62.92,-61.67,62.88,59.29,4.89,2.22,7.81,9.23,3.67,13.33,10.11,4.55,15.96,17.37,5.35,24.09,0.0,0.0,0.0,26.24,62.68,30.55,59.45
Tinsukia ,Assam,919,1062,155,72.61,25.37,1022.82,884.46,92.13,64.32,95.7,96.84,66.65,40.87,99.31,60.02,2.42,70.51,25.64,19.82,1.46,6.1,74.61,59.23,36.48,16.66,0.13,2.95,13.4,2.05,0.5,11.02,4.38,17.56,72.2,70.7,63.14,93.86,43.82,19.2,100.0,73.56,5162.8,77.8,82.63,66.23,1.02,83.17,26.45,-58.42,25.48,-75.03,-78.76,-97.2,-82.78,-92.74,-95.05,-38.02,-39.34,-90.23,59.29,-82.13,-6.04,4.87,1.99,51.55,17.5,16.27,32.82,21.5,9.4,32.15,2.65,17.6,16.9,66.47,66.37,72.89,-71.69,72.84,71.52,8.89,4.73,13.91,10.77,8.08,19.47,9.56,4.66,17.09,12.52,5.4,19.27,0.0,0.17,0.17,23.13,51.12,15.65,43.7
Dibrugarh ,Assam,920,1086,161,79.51,24.03,1002.19,979.12,93.91,72.27,94.38,98.06,75.28,44.74,99.49,58.82,2.78,76.58,33.65,23.02,0.0,4.81,79.83,64.64,43.62,24.32,0.11,2.98,10.65,4.52,0.53,8.73,4.75,28.91,76.47,75.78,75.64,94.09,58.85,28.04,99.59,82.05,5124.7,87.04,93.09,71.64,1.15,95.34,27.74,62.89,19.89,-83.84,-85.45,-97.75,-83.84,-93.0,-97.75,-35.14,-50.02,-93.0,56.45,-87.17,-7.59,5.8,2.49,52.63,5.7,5.63,27.33,20.64,8.43,31.96,2.0,20.29,20.88,58.7,66.44,71.99,47.22,70.79,64.33,7.86,6.56,15.39,9.11,8.95,19.2,10.7,4.3,18.07,13.51,4.3,21.39,0.0,0.21,0.54,27.85,57.74,19.04,51.86
Golaghat ,Assam,919,1028,129,77.63,24.3,1001.77,1145.17,90.91,55.16,96.37,93.7,73.14,33.12,98.73,69.34,7.05,75.12,27.86,20.74,0.0,9.5,70.56,61.62,35.66,13.19,0.0,3.06,13.04,5.61,0.16,10.9,4.69,25.33,63.31,76.11,65.74,97.7,63.68,26.15,100.0,73.53,5186.26,83.48,90.36,81.38,2.22,92.11,22.56,39.56,19.58,-72.4,-75.9,-92.6,-79.65,-84.94,-87.51,-35.43,-47.15,-82.77,61.09,-95.51,-2.21,7.95,4.11,53.58,4.79,4.42,26.28,19.19,5.35,25.5,2.43,25.14,16.04,51.18,75.14,77.17,-76.67,77.15,74.69,6.38,4.67,11.62,6.72,6.56,14.4,10.7,6.88,20.48,13.89,6.25,21.96,0.17,0.17,0.17,21.55,51.97,10.41,38.21
Dima Hasao ,Assam,918,1001,149,85.1,27.7,959.26,908.29,94.99,-60.28,95.87,50.15,83.79,48.18,99.4,61.87,8.5,87.71,42.36,16.49,0.71,5.41,79.06,65.48,44.91,10.21,0.15,3.98,27.04,3.11,0.0,9.72,2.62,18.29,66.62,58.93,46.88,96.81,40.75,17.64,99.18,73.83,4825.28,76.82,89.54,84.61,1.83,91.85,19.7,39.56,18.49,-63.61,-63.77,-91.31,-73.55,-71.89,-71.66,-15.92,-46.13,-69.92,63.33,-98.1,-0.01,7.03,2.74,57.99,9.26,8.65,30.59,23.61,11.33,21.69,12.46,10.02,16.2,53.82,73.09,61.06,-43.32,60.49,70.87,5.62,2.4,9.84,8.68,2.82,13.25,11.21,3.45,17.05,16.94,4.01,23.48,0.0,0.0,0.0,21.32,55.22,23.91,57.24
Cachar ,Assam,907,1110,152,80.49,30.89,1012.38,991.36,96.02,72.36,81.73,43.79,57.64,42.96,98.57,57.87,3.67,77.18,25.83,29.86,1.03,8.47,57.82,47.95,38.15,6.87,0.12,1.02,22.92,6.11,0.64,15.64,6.86,23.63,82.2,51.99,32.69,90.04,35.56,12.04,98.18,57.27,3799.16,61.4,79.2,74.91,2.08,80.24,12.49,39.56,13.22,70.37,82.09,88.29,74.4,82.49,76.91,9.17,39.87,63.77,67.86,98.55,0.0,4.21,2.06,29.77,2.87,2.71,28.67,30.67,12.53,38.21,3.26,19.67,9.12,79.08,61.78,58.19,44.04,57.36,57.62,6.4,6.07,13.12,7.29,4.48,14.44,9.74,3.73,16.99,9.1,2.85,15.42,0.18,0.0,0.18,33.16,51.0,2.48,14.62
Karimganj ,Assam,917,1170,160,82.14,32.25,999.79,884.74,98.23,72.63,87.07,62.25,61.45,39.61,98.69,64.44,7.1,80.66,19.58,27.67,2.28,9.91,59.77,64.25,54.86,6.07,0.48,2.31,34.0,9.46,1.93,8.6,4.17,31.01,84.46,54.84,42.78,94.19,39.87,11.4,99.54,63.92,4287.29,70.17,76.35,69.79,2.37,78.28,6.99,-51.35,5.18,75.05,75.9,95.48,84.24,83.98,85.51,22.67,47.27,80.17,74.73,95.02,0.0,7.63,2.29,40.34,4.74,5.28,29.09,48.03,30.54,52.88,1.04,17.77,6.55,75.82,64.11,52.47,41.87,52.01,60.64,6.26,4.3,11.45,8.53,4.46,15.18,9.0,2.6,16.52,10.98,2.68,17.16,0.0,0.0,0.48,43.01,54.2,1.44,6.96
Hailakandi ,Assam,905,1057,130,81.45,33.68,1054.08,950.71,96.61,60.26,91.22,41.18,60.0,35.23,97.59,53.63,6.48,82.19,25.31,32.94,1.65,10.36,56.06,66.84,49.47,4.09,0.0,4.31,24.99,12.8,2.23,8.6,4.16,26.13,94.72,77.55,43.13,96.22,28.96,8.27,100.0,68.79,5090.26,70.13,83.03,75.06,2.16,84.79,12.78,-69.31,9.67,68.62,76.88,95.38,77.82,78.87,85.62,22.09,49.98,77.39,79.99,100.0,0.0,5.1,4.93,24.39,1.65,1.57,42.86,22.21,8.21,42.44,1.98,25.74,10.91,77.51,59.45,61.52,58.66,61.36,58.14,7.1,5.78,14.23,8.95,7.31,18.88,12.21,5.76,21.8,15.56,5.61,24.4,0.0,0.0,0.0,45.14,58.27,3.13,10.05
Bongaigaon ,Assam,916,1092,169,77.04,28.93,998.48,881.29,95.16,69.07,96.96,95.33,72.48,49.84,98.28,57.6,7.66,75.76,28.6,41.66,0.88,15.37,69.01,57.61,45.34,5.93,0.13,2.55,30.55,4.8,0.49,16.07,5.1,23.37,65.05,65.12,33.91,91.84,46.68,22.27,98.52,57.02,4777.73,63.3,84.53,74.92,4.89,89.1,15.17,-78.71,10.15,67.93,73.15,94.06,74.67,80.41,84.16,17.0,40.03,71.34,64.96,96.82,3.18,4.38,1.58,46.69,17.04,16.49,46.2,20.2,7.42,35.32,8.81,13.06,16.93,66.44,77.18,71.43,-51.15,70.63,73.8,7.62,4.04,12.62,8.49,5.81,14.97,7.9,3.97,13.6,9.85,3.63,15.92,0.72,0.78,0.74,18.81,45.69,0.95,13.18
Chirang ,Assam,912,1076,148,71.45,27.97,1014.51,905.78,99.29,72.72,97.75,92.12,77.08,44.45,98.56,61.49,7.92,71.47,23.03,30.85,0.0,13.73,63.54,65.84,55.57,3.92,0.12,5.18,39.9,6.11,0.23,9.81,3.66,34.15,75.28,55.92,56.53,96.1,47.08,22.76,99.23,59.73,5051.95,62.97,83.65,71.06,2.71,82.94,15.3,-69.02,9.3,71.06,68.19,98.22,77.88,86.43,89.32,29.3,43.77,84.5,63.71,96.48,3.52,6.3,1.63,40.5,9.86,9.66,42.7,19.46,8.45,39.69,4.5,17.18,13.33,64.24,70.42,65.67,-54.05,65.19,68.8,5.7,2.64,8.77,8.85,4.1,13.26,13.98,5.24,20.8,18.45,6.35,25.61,0.44,0.22,0.22,18.62,55.1,8.93,30.9
Kamrup ,Assam,894,1021,138,79.39,25.57,996.72,701.36,91.35,52.42,94.75,92.14,68.74,57.41,98.24,47.04,-6.54,79.6,39.19,21.94,0.0,15.72,62.12,38.72,32.26,8.01,0.0,3.39,15.8,4.8,0.25,17.64,7.66,17.06,58.85,56.99,46.86,85.88,42.48,24.29,95.48,61.43,8654.49,67.04,85.03,69.79,4.27,88.54,32.76,-72.35,31.14,63.59,-72.99,90.49,70.1,86.08,82.95,17.43,38.08,73.17,63.99,93.94,6.06,5.02,1.48,45.48,6.69,6.46,22.64,14.8,5.32,19.69,7.47,12.9,23.52,75.08,72.92,71.67,-66.5,71.46,72.51,7.11,8.36,18.07,9.26,7.33,19.62,12.02,3.88,22.21,10.51,3.73,19.16,0.18,0.0,0.34,14.3,44.65,3.23,19.12
Kamrup Metropolitan ,Assam,903,926,165,87.46,19.96,946.3,985.61,95.23,-77.39,99.24,87.21,65.18,85.06,99.69,45.5,-2.56,86.01,49.05,21.86,0.41,10.06,86.28,56.78,41.45,13.44,0.0,4.47,16.79,6.58,0.0,8.78,2.46,16.59,50.32,77.59,68.86,96.27,51.68,16.88,98.25,75.55,8274.65,79.9,89.11,55.71,2.22,90.12,37.96,65.79,28.69,-53.57,-68.95,-90.57,-59.11,-76.97,-74.66,-11.1,-50.89,-71.17,54.89,-78.85,-19.19,5.18,1.3,52.97,-1.14,1.04,25.36,18.24,7.31,25.0,8.65,12.62,21.26,69.11,80.35,75.22,-56.37,74.61,80.61,8.3,6.84,17.13,7.76,10.4,20.26,8.23,2.6,17.01,11.37,2.8,20.3,0.19,0.19,0.37,11.84,39.87,3.86,24.17
Nalbari ,Assam,886,1011,145,81.8,24.48,1042.72,993.71,97.12,55.04,94.74,99.54,68.12,51.07,99.41,52.52,6.99,83.88,41.62,28.11,0.44,8.63,74.03,53.3,38.68,11.75,0.0,2.62,21.4,2.92,0.0,13.21,4.79,18.76,60.58,70.66,55.9,92.82,38.64,16.68,96.89,73.78,6477.58,73.2,91.82,69.18,0.35,91.38,38.68,82.75,28.83,-65.52,-79.75,-89.94,-73.35,-85.21,-87.67,-24.42,-44.14,-71.1,58.36,-97.57,-0.01,3.62,2.2,41.76,9.12,8.8,27.49,15.38,4.9,26.69,4.57,16.35,21.84,74.96,70.98,66.92,-53.17,66.37,66.76,8.04,8.02,17.35,9.65,9.66,20.89,12.01,4.99,22.48,15.69,5.11,24.86,0.86,1.0,0.75,11.73,42.03,2.41,15.54
Baksa ,Assam,921,1175,156,74.05,26.54,1056.88,1097.06,97.88,50.08,98.09,89.78,68.94,35.18,98.89,68.99,3.25,74.8,27.78,24.9,0.0,12.26,66.99,59.23,47.34,7.13,0.0,3.28,33.54,2.71,0.0,12.51,5.65,24.81,76.2,61.05,56.01,94.99,56.21,30.24,99.8,65.02,7311.64,70.88,89.88,82.21,4.64,92.1,17.56,-81.67,13.75,70.46,67.27,93.59,78.28,87.22,91.94,26.64,53.77,68.28,55.82,100.0,0.0,5.8,0.84,34.85,12.64,13.97,41.17,17.03,6.18,33.98,8.64,15.06,18.8,66.85,78.6,73.82,-65.31,73.56,76.62,8.67,3.96,13.39,9.37,6.25,16.11,15.0,7.19,24.52,17.82,5.32,24.98,0.26,0.33,0.0,14.86,57.57,11.88,33.43
Darrang ,Assam,918,1053,176,75.15,29.24,928.99,756.89,96.9,69.23,89.5,99.72,67.85,30.11,97.43,53.65,3.19,75.55,27.51,42.76,0.58,16.05,62.23,46.75,36.47,3.52,0.12,2.76,25.8,3.12,0.88,14.79,5.83,17.95,51.23,56.48,37.48,91.09,43.31,22.31,98.98,53.23,7000.88,66.26,84.41,81.13,2.32,87.03,10.81,39.56,9.96,57.12,58.05,94.87,68.7,76.7,82.2,11.94,34.35,70.42,48.15,98.88,1.12,2.1,2.34,51.7,9.15,9.07,42.04,27.01,9.08,33.05,5.56,17.4,13.31,71.03,66.78,71.42,51.6,70.39,69.87,7.02,3.42,10.98,8.32,4.76,14.19,9.56,4.28,16.65,8.9,1.98,14.45,0.4,0.0,0.0,10.24,43.03,0.3,7.84
Udalguri ,Assam,916,1088,151,70.64,27.2,1086.83,1255.21,96.05,51.19,95.53,82.32,73.82,34.02,99.27,70.57,1.65,70.02,23.82,32.03,1.11,4.65,61.77,50.15,36.2,6.39,0.25,2.03,23.91,3.02,0.24,14.6,6.39,14.63,47.17,50.1,49.81,90.95,44.17,25.73,99.59,53.07,6730.56,62.92,86.15,78.47,1.86,87.87,14.38,39.56,10.8,-38.25,-51.98,-78.59,-48.6,-68.04,-75.88,-20.85,-52.15,-65.69,53.18,-87.95,-0.01,3.22,2.27,46.48,2.59,2.46,33.78,21.31,11.57,32.54,5.22,16.11,14.04,66.94,77.56,82.19,-63.88,81.49,72.61,6.64,4.57,12.12,9.36,6.79,17.95,10.0,6.95,19.68,15.79,4.1,22.61,0.17,0.34,0.17,12.19,50.77,11.06,35.1
Biswanath ,Assam,901,1000,135,72.12,28.68,996.03,1013.76,98.74,62.54,91.14,76.19,76.62,34.98,97.98,68.35,2.91,69.15,23.01,25.26,0.75,8.99,70.87,72.44,56.13,11.93,0.26,2.13,36.27,4.48,0.64,5.25,1.4,29.86,73.45,41.21,46.49,94.62,63.74,21.36,99.27,56.51,3675.96,58.11,84.25,74.01,0.62,84.56,15.33,-70.63,10.95,66.2,74.3,88.34,69.16,82.53,87.2,26.4,54.02,82.64,61.39,100.0,0.0,3.7,1.97,62.66,14.79,14.47,42.72,27.1,13.73,40.99,3.29,22.03,10.57,69.27,79.84,65.07,-45.11,64.36,67.75,5.45,2.62,8.14,5.68,4.43,10.4,14.46,6.95,23.49,19.05,7.59,28.44,0.52,0.0,0.0,27.81,61.56,11.46,40.48
Charaideo ,Assam,922,1117,166,75.0,25.8,1027.15,1040.11,94.4,50.61,91.65,96.4,75.93,27.3,99.66,64.9,1.65,71.93,26.16,22.59,0.0,3.83,68.67,66.98,43.91,20.11,0.14,3.97,14.42,4.44,0.14,8.26,3.74,22.02,69.45,74.05,64.53,95.91,51.74,19.38,98.71,70.49,4857.58,72.78,88.21,76.68,2.2,90.47,20.04,-62.48,16.74,-73.97,-81.49,-96.19,-81.99,-90.08,-90.0,-27.78,-35.94,-79.59,57.97,-87.74,-7.63,9.79,2.21,58.25,10.46,9.9,38.95,23.54,7.25,34.75,3.96,24.7,10.3,53.45,69.66,72.59,-61.56,72.27,76.05,7.06,4.13,11.94,8.8,5.01,14.86,9.3,5.18,18.19,12.57,3.01,17.91,0.19,0.0,0.0,25.4,57.85,17.68,50.41
Dhubri ,Assam,912,1017,128,71.76,32.27,999.53,913.51,96.43,73.08,92.45,96.7,61.81,40.72,99.13,59.38,5.34,69.52,20.43,50.78,1.0,22.39,48.8,64.06,53.23,1.81,0.0,1.33,44.19,5.06,0.72,11.46,4.03,22.63,76.74,49.9,37.56,96.97,47.57,14.55,98.24,48.41,4691.43,54.47,64.17,61.77,5.81,68.94,6.87,39.56,8.0,71.64,69.48,90.5,77.33,82.71,84.01,31.81,47.41,81.37,50.55,96.88,0.0,9.82,1.74,57.85,6.61,7.36,48.51,21.51,6.68,37.76,6.0,22.16,12.37,68.07,73.08,63.04,-69.67,63.23,65.18,4.59,3.07,8.17,5.94,4.35,10.44,11.32,5.51,18.22,13.43,4.77,18.99,0.0,0.0,0.0,21.78,54.99,0.34,5.12
Hojai ,Assam,896,1027,148,79.08,27.48,985.64,1017.49,98.65,79.74,96.34,99.93,63.14,52.03,98.88,67.44,3.67,83.24,23.06,30.91,1.22,15.64,64.56,61.07,48.19,4.26,0.12,1.19,37.23,4.92,0.0,13.19,4.9,21.69,73.54,52.67,51.34,96.2,50.54,16.0,98.34,63.9,5298.67,68.39,82.05,59.4,4.07,83.45,18.36,51.63,11.22,55.45,-63.59,82.11,60.89,60.84,59.26,14.62,41.4,55.61,52.11,86.43,7.78,4.42,2.38,54.89,2.8,2.66,39.27,12.68,4.6,28.35,5.98,19.31,20.1,69.64,56.78,56.58,-51.38,56.34,54.3,6.3,7.53,14.6,7.63,8.0,16.49,11.6,6.87,20.95,15.85,7.28,25.21,0.93,0.0,0.45,18.78,53.67,2.16,16.65
Jorhat ,Assam,917,1019,148,84.43,21.58,1008.55,832.77,92.76,57.15,95.05,85.92,80.36,48.31,98.9,60.05,-11.06,85.09,42.94,24.91,0.36,12.94,76.7,63.82,32.33,12.47,0.26,3.62,9.87,5.98,0.0,10.37,3.15,14.37,62.58,78.32,66.95,97.4,52.06,26.59,99.19,81.44,8434.88,85.38,96.49,74.86,0.44,97.4,44.36,87.73,33.9,69.16,70.44,100.0,79.37,79.82,83.34,25.94,50.28,78.44,50.87,94.15,4.12,6.33,3.01,51.61,10.77,11.47,38.68,15.47,5.06,33.17,5.43,22.54,19.9,49.48,74.13,72.42,-56.35,71.83,75.14,7.73,7.32,15.33,8.48,9.27,19.04,14.3,7.11,25.86,16.74,6.42,26.33,0.0,0.18,0.34,16.48,47.11,4.03,30.88
Karbi Anglong ,Assam,919,1042,156,76.35,29.92,993.98,882.18,93.04,60.7,97.02,79.57,75.16,33.39,99.78,54.09,1.64,78.78,30.26,26.13,0.0,9.09,77.6,66.29,41.06,9.28,0.0,6.22,23.58,1.83,0.0,9.31,2.35,23.59,74.64,64.78,63.93,90.94,35.27,9.02,96.42,56.9,6821.64,60.95,74.87,69.21,3.4,78.27,15.19,39.56,16.39,64.32,-74.31,88.71,65.9,75.3,76.22,4.87,42.94,66.94,44.92,91.43,1.63,2.17,2.23,50.26,20.52,18.11,31.61,17.22,8.7,28.24,4.29,10.0,15.67,59.32,67.46,59.54,-42.11,58.97,57.5,6.52,3.22,10.67,8.49,4.8,14.61,10.92,6.5,20.1,15.0,6.56,22.83,0.0,0.0,0.18,20.52,54.95,20.51,48.52
Majuli ,Assam,921,1052,146,78.44,26.22,995.39,753.99,98.07,59.26,93.48,98.62,65.62,19.33,99.78,60.82,5.21,83.36,41.71,25.46,1.0,10.36,75.42,63.71,31.31,12.15,0.0,3.44,13.61,1.16,0.4,11.59,4.71,25.06,85.63,76.08,72.24,97.18,56.67,13.73,98.44,73.54,6226.81,73.46,90.29,85.78,3.21,93.5,22.5,39.56,21.89,78.62,83.9,95.16,84.25,86.42,90.92,17.93,55.58,80.27,62.02,100.0,0.0,3.6,3.01,51.09,14.89,14.2,35.44,14.12,3.86,22.21,3.78,17.99,14.37,52.96,72.95,68.14,-43.34,67.81,65.5,6.77,3.86,11.1,8.81,5.33,14.9,10.91,6.16,19.67,14.78,6.03,23.26,0.19,0.0,0.19,26.64,54.71,32.09,45.35
Nagaon ,Assam,922,1122,169,81.32,31.06,1050.35,969.26,99.2,65.95,94.48,96.12,66.09,38.57,98.67,59.39,4.74,78.44,22.13,42.57,1.7,14.96,58.39,58.64,46.77,7.72,0.16,2.75,30.18,5.39,0.13,12.31,3.14,16.63,73.72,73.09,59.44,97.05,46.52,12.31,98.26,61.99,5669.97,65.33,83.67,73.35,2.71,86.74,17.87,-80.82,13.0,58.23,68.01,86.89,67.21,73.6,67.33,9.63,31.44,64.63,47.9,95.3,3.29,8.71,2.82,61.64,8.51,8.63,38.89,19.35,5.15,32.36,7.38,21.49,13.24,60.71,68.62,60.97,-62.39,61.03,65.09,8.3,6.17,15.85,10.64,9.14,21.43,8.91,2.89,16.44,9.69,2.47,17.03,0.16,0.16,0.39,18.2,49.0,2.5,14.79
Sivasagar ,Assam,919,1020,146,87.07,23.84,988.58,914.92,97.11,57.91,97.03,92.65,82.26,45.54,99.78,60.66,5.72,86.64,47.06,27.87,0.78,12.76,75.71,67.25,39.5,12.41,0.0,4.38,16.27,5.11,0.27,8.26,3.17,22.07,80.11,85.13,80.89,96.53,53.74,23.8,100.0,73.79,5466.28,83.37,95.25,76.17,0.37,95.61,30.03,-75.3,20.57,-77.62,-76.66,-95.74,-81.88,-90.54,-90.54,-22.52,-30.35,-83.82,64.94,-97.82,-2.18,5.11,0.42,54.87,24.76,24.42,26.1,21.06,6.12,25.93,3.53,20.5,21.46,60.35,67.46,67.98,-54.33,67.6,67.24,7.92,6.22,15.29,7.74,8.8,17.15,11.5,5.94,22.03,15.77,6.82,26.03,0.17,0.33,0.53,25.53,58.39,13.53,42.91
Sonitpur ,Assam,909,1067,148,74.85,26.61,1026.99,1325.27,95.98,77.85,88.24,82.87,72.15,45.75,99.41,66.92,3.58,76.91,24.25,24.02,0.33,6.51,63.43,74.37,58.89,9.12,0.12,1.71,41.89,5.32,0.6,5.76,2.02,20.51,72.02,48.76,45.49,99.23,56.38,16.86,98.53,63.53,5122.91,67.4,83.49,73.14,1.27,82.77,21.11,-73.42,18.47,70.9,-76.81,90.37,76.46,76.82,80.38,21.48,62.42,75.03,58.67,-100.0,-0.01,4.27,2.39,49.77,4.42,4.3,36.67,13.11,4.53,21.85,3.23,21.4,13.14,68.78,69.42,64.28,-47.28,63.62,55.54,5.09,3.89,9.53,5.87,4.56,11.12,14.49,8.0,24.83,14.41,7.65,24.5,0.42,0.42,0.21,23.26,59.12,4.39,28.91
South Salmara Mancachar ,Assam,912,1085,162,69.35,36.67,967.56,910.53,97.6,71.13,79.46,98.16,58.97,28.47,98.94,68.16,1.91,63.46,20.89,44.72,0.69,22.0,60.6,71.49,60.75,1.07,0.0,2.85,52.97,2.48,0.64,7.99,1.67,26.74,71.76,60.14,35.33,92.96,47.43,18.27,99.37,62.61,3092.32,56.07,71.71,69.89,8.09,79.38,4.98,39.56,5.49,65.82,66.01,97.0,74.11,81.89,85.26,6.6,47.08,73.7,65.76,100.0,0.0,5.39,3.9,50.37,7.87,7.12,38.89,18.22,7.11,27.86,5.92,11.94,8.53,76.19,69.56,58.24,37.56,57.13,64.45,5.31,2.8,8.71,7.12,4.47,12.04,11.32,3.1,15.46,12.63,2.55,16.54,0.0,0.33,0.0,25.15,49.99,0.16,0.87
West Karbi Anglong ,Assam,921,1065,146,73.76,31.65,958.74,1104.77,95.44,43.51,94.73,44.69,76.67,17.67,98.94,63.07,3.73,73.89,21.69,21.34,1.69,6.02,77.33,69.93,43.31,7.82,0.0,3.93,26.75,4.44,0.13,7.1,3.16,22.99,80.46,55.54,46.72,87.64,39.85,10.58,98.74,55.71,3597.3,60.5,72.51,68.88,11.97,84.49,6.39,39.56,5.99,47.94,54.5,92.74,52.92,70.31,66.55,3.29,50.51,65.65,42.1,100.0,0.0,6.75,2.93,56.17,14.45,12.77,40.85,23.21,12.7,31.1,3.9,13.07,9.43,54.37,79.03,58.78,-38.84,57.94,58.84,6.0,2.11,9.14,8.6,2.28,12.18,11.29,4.19,16.98,17.04,3.26,22.17,0.0,0.21,0.0,20.19,58.23,23.03,54.2
Pashchim Champaran ,Bihar,934,1070,109,59.75,36.52,1087.97,903.77,71.53,29.42,93.45,99.74,43.27,31.42,97.69,19.96,9.2,52.53,21.56,39.06,5.8,12.53,42.91,50.73,40.19,34.49,0.0,0.2,1.02,2.65,0.65,12.09,6.29,21.02,38.88,54.95,25.39,89.66,9.87,6.51,83.88,57.26,1882.0,64.11,79.45,60.61,3.96,78.43,6.43,25.21,2.77,62.07,82.7,88.77,74.69,74.34,79.86,21.37,1.04,73.36,62.4,96.75,2.02,22.08,6.64,25.92,9.41,13.63,43.47,13.24,5.39,30.26,2.4,24.62,20.62,59.44,61.57,49.8,61.36,50.58,56.3,4.33,4.5,9.28,5.87,6.79,13.44,11.29,5.11,18.13,12.28,7.77,22.58,0.25,0.0,0.0,5.94,48.08,0.93,10.75
Purba Champaran ,Bihar,934,1142,87,58.2,39.96,1185.07,840.78,68.83,34.37,94.84,99.87,48.33,44.17,96.91,19.38,5.82,50.15,20.09,49.24,4.8,12.74,41.5,49.88,40.84,31.79,0.0,1.05,1.77,2.53,1.23,17.19,8.01,18.44,45.67,45.44,21.65,86.35,18.36,9.8,83.49,43.73,2811.32,41.77,61.51,42.99,7.86,67.42,5.41,22.73,2.8,68.29,73.83,90.8,74.08,79.2,77.04,23.02,0.89,77.72,51.52,94.54,5.46,13.4,4.73,33.7,14.86,15.36,49.11,16.84,5.66,37.85,3.79,23.42,16.32,57.51,60.99,57.08,61.12,57.33,64.36,5.26,4.85,10.77,8.05,7.82,16.36,9.08,3.95,16.17,13.77,6.77,23.62,3.27,0.62,0.41,7.56,55.2,0.46,14.85
Sheohar ,Bihar,944,886,104,56.23,36.19,1066.04,1016.53,82.47,49.06,97.63,100.0,57.91,31.3,95.58,18.12,3.29,52.5,20.99,34.61,4.69,3.26,57.29,65.56,49.65,38.2,0.0,1.12,1.58,4.25,1.65,10.41,5.29,24.7,58.69,62.78,25.33,94.04,11.31,4.97,93.18,61.14,2090.38,58.65,74.27,63.83,6.35,77.03,5.34,-39.21,1.95,62.91,73.47,92.78,69.04,75.0,81.34,19.91,3.82,75.0,59.18,98.71,1.29,8.69,5.2,27.34,2.85,3.53,34.44,35.39,21.36,42.24,3.4,20.0,7.58,69.06,73.11,63.43,37.29,61.64,64.31,4.19,3.1,7.53,8.67,4.61,13.86,10.14,3.65,15.48,14.59,4.47,20.81,0.0,0.0,0.25,4.53,56.56,0.29,14.92
Sitamarhi ,Bihar,911,1004,116,59.14,38.2,1209.07,1008.61,78.94,35.64,93.07,99.65,50.65,40.48,94.98,20.7,9.53,51.74,19.17,46.75,6.29,13.06,47.57,52.82,41.04,33.89,0.0,1.21,1.29,2.12,1.46,17.02,7.14,17.26,52.21,57.77,20.28,87.62,14.28,9.55,91.12,51.08,2538.17,57.3,64.36,49.86,7.93,69.56,8.54,40.77,5.27,66.62,76.13,92.65,70.43,78.27,78.41,27.29,0.87,77.73,60.03,100.0,0.0,26.6,3.38,22.61,17.43,16.33,54.18,16.22,4.74,40.82,2.2,31.79,13.87,59.53,70.03,61.84,59.72,61.68,61.38,6.15,5.62,12.27,8.79,5.27,14.62,9.9,4.26,17.83,10.78,4.79,17.89,0.0,0.0,0.0,6.42,55.37,0.14,12.71
Madhubani ,Bihar,918,976,83,55.57,34.69,1227.33,804.99,81.07,22.77,98.59,100.0,38.21,39.96,91.9,19.15,8.3,53.15,26.48,39.18,3.29,10.17,57.35,47.44,39.49,32.98,0.13,0.71,1.22,2.17,1.58,17.72,7.01,18.59,54.3,67.52,34.88,94.01,16.16,9.12,91.47,58.87,2426.03,60.96,73.72,52.38,7.75,78.54,13.16,51.24,4.24,74.09,85.6,95.66,80.28,85.69,91.16,38.59,0.0,83.08,74.68,96.0,1.99,30.23,4.39,27.65,13.35,11.95,43.33,17.12,5.99,36.01,1.96,25.09,13.68,66.31,71.01,60.93,68.02,61.44,69.21,7.41,4.87,13.21,9.33,9.54,20.02,9.48,4.16,18.15,12.82,6.42,23.38,0.75,0.0,0.31,4.98,53.86,0.13,11.06
Supaul ,Bihar,945,1153,112,50.93,39.76,1125.53,884.39,67.85,28.69,97.29,99.71,50.7,14.96,94.29,14.21,6.75,42.14,16.22,55.91,5.59,17.04,55.43,63.65,56.22,50.49,0.0,0.64,0.81,1.51,1.72,12.1,5.68,26.05,44.52,59.03,30.94,89.84,13.24,8.01,96.13,60.66,1759.72,64.2,80.35,73.55,4.16,79.41,3.69,-26.35,2.59,73.56,80.46,99.17,76.78,88.02,85.52,31.31,0.0,81.67,50.5,99.25,0.0,39.31,5.01,36.99,14.13,14.51,42.32,25.77,8.15,45.0,1.36,30.91,9.37,68.32,63.64,61.02,56.14,60.7,63.24,6.81,5.51,12.66,6.81,7.83,15.55,6.29,2.46,11.6,8.77,3.05,14.08,0.38,0.0,0.18,11.39,52.97,0.11,7.91
Araria ,Bihar,947,1122,124,53.01,40.54,1094.2,885.15,59.83,25.48,96.21,100.0,32.24,15.17,93.74,19.46,8.82,43.65,16.77,52.03,6.81,13.28,36.44,45.99,42.75,36.22,0.0,0.11,0.92,1.66,3.22,15.87,6.41,11.0,33.86,41.64,25.83,86.42,17.63,7.59,90.6,46.42,3605.75,48.18,66.21,51.48,6.53,70.31,9.17,45.24,4.86,61.61,71.1,90.0,67.3,77.35,82.98,32.25,0.0,74.19,57.08,94.69,1.6,16.25,6.01,30.6,13.13,12.8,49.89,23.88,5.2,47.77,3.01,30.42,9.92,57.18,75.83,67.71,70.5,67.94,64.0,6.87,6.41,13.55,10.11,7.84,18.81,4.98,2.92,12.06,8.94,3.08,15.81,1.14,0.69,0.69,12.28,53.24,0.24,8.43
Kishanganj ,Bihar,929,1116,111,55.98,39.94,1199.27,1016.46,74.34,33.46,95.78,100.0,52.37,15.25,94.84,8.05,5.92,48.03,14.99,36.56,5.23,10.03,39.81,25.29,21.0,14.58,0.14,0.45,2.35,2.51,0.51,21.72,8.02,12.17,43.26,37.63,17.13,79.17,17.5,10.89,84.71,40.73,4174.26,42.14,54.63,41.46,12.4,64.87,12.1,70.97,6.64,67.32,80.92,93.24,70.2,80.3,82.04,18.6,1.65,77.37,53.18,97.31,1.67,9.12,1.82,16.88,12.13,13.14,38.75,23.88,7.56,41.11,1.48,29.09,11.56,53.4,67.46,64.87,68.38,65.12,62.55,5.56,4.42,10.98,7.77,8.0,17.04,8.5,3.57,17.41,12.37,5.04,22.67,0.83,0.21,0.2,11.61,50.43,0.55,6.23
Purnia ,Bihar,904,973,133,53.55,40.23,1128.44,938.24,73.49,39.06,92.4,99.63,35.63,19.28,92.58,10.17,13.92,47.52,19.23,51.18,7.43,21.43,51.48,25.7,24.34,20.77,0.0,0.32,1.83,0.89,0.25,20.24,9.31,9.38,21.95,26.32,11.13,83.57,12.65,6.49,93.44,41.02,4083.42,41.47,68.87,55.71,9.27,74.21,7.06,37.12,3.9,62.7,81.78,88.08,67.67,79.99,79.5,19.49,3.72,71.07,65.23,96.69,3.31,12.39,2.67,26.11,6.03,5.51,43.51,25.8,8.0,47.07,0.84,31.39,14.37,48.6,68.03,65.14,74.62,66.03,64.02,6.87,6.76,16.46,8.9,9.82,21.39,8.24,2.67,18.72,11.87,3.47,22.5,2.06,1.21,0.89,6.19,47.26,0.87,13.15
Katihar ,Bihar,892,945,107,57.51,38.95,1053.26,887.51,80.89,36.58,92.04,99.16,44.55,16.93,96.7,8.37,8.81,49.69,19.83,49.36,4.43,16.05,49.51,33.79,26.42,18.35,0.13,0.54,3.36,1.74,1.33,22.42,9.16,22.55,57.47,40.91,15.3,84.42,16.23,8.44,91.7,41.73,2333.08,44.32,66.87,59.91,9.29,73.75,3.99,-37.84,2.26,73.65,82.63,93.17,79.09,84.13,83.94,26.08,3.14,78.26,50.17,92.09,0.92,10.62,2.07,25.82,13.61,13.77,43.94,23.49,8.7,48.07,1.37,26.4,13.12,62.06,65.56,68.86,61.02,68.37,66.73,6.51,6.3,14.41,9.14,8.79,19.56,6.01,4.02,16.98,8.46,2.89,17.84,0.0,0.0,0.0,6.1,49.22,0.63,10.25
Madhepura ,Bihar,931,1055,127,58.01,38.32,1147.68,1057.97,61.78,31.42,96.96,99.25,34.64,13.35,95.4,9.54,11.59,47.63,23.23,51.99,6.49,20.79,49.6,55.81,47.63,37.35,0.12,0.25,2.97,4.32,2.4,11.06,4.71,29.86,60.78,53.75,20.87,87.67,14.91,8.16,95.57,49.46,981.83,58.92,74.95,68.83,5.29,77.12,3.04,-38.95,0.96,72.04,87.67,97.6,77.65,83.21,86.48,29.54,0.0,77.55,55.81,98.4,1.6,13.63,1.55,34.0,6.88,6.87,46.3,20.59,6.19,43.49,1.5,31.97,12.92,64.86,67.72,65.44,68.97,65.72,70.37,8.7,6.37,15.41,7.87,8.28,16.85,5.3,1.94,10.44,7.62,2.78,14.47,0.88,0.0,0.49,7.92,53.17,0.52,13.77
Saharsa ,Bihar,907,960,110,50.16,38.83,1128.16,1034.03,75.83,32.35,97.19,100.0,40.52,25.19,94.63,12.82,3.74,43.13,20.94,51.0,4.91,23.47,43.51,44.72,37.55,34.52,0.0,0.8,0.52,0.9,0.8,16.66,8.2,21.78,38.71,34.8,11.66,82.72,12.14,4.36,95.13,38.54,2272.54,40.77,70.39,61.95,5.57,72.86,6.05,-42.66,3.96,72.19,88.5,97.11,74.46,85.13,87.24,35.24,0.77,82.77,57.4,98.76,1.24,8.79,1.95,37.95,11.76,10.33,47.78,20.48,8.33,42.68,1.86,30.97,12.84,51.74,69.25,65.66,61.78,65.3,67.89,6.61,4.67,11.66,9.01,6.65,16.5,6.2,2.84,14.92,8.77,4.21,15.47,0.24,0.24,0.0,10.67,54.93,0.2,9.64
Darbhanga ,Bihar,913,1053,100,54.85,37.06,1121.86,811.85,86.08,27.52,97.23,99.75,48.72,41.64,96.02,25.33,3.32,49.38,22.72,45.07,3.99,10.27,57.53,61.34,48.84,37.46,0.0,0.36,3.04,4.91,1.08,12.74,6.81,21.51,50.17,51.82,24.87,91.9,22.02,12.2,87.59,50.53,3229.51,50.93,69.9,55.8,10.66,75.87,10.62,52.7,5.72,66.27,80.69,95.17,68.97,78.25,81.87,30.4,0.0,78.25,60.44,94.9,5.1,14.27,3.76,30.86,13.44,13.99,45.44,19.26,6.37,39.24,1.51,25.59,13.43,59.79,68.94,61.33,52.52,60.75,59.71,6.41,5.89,13.48,10.12,8.77,19.31,9.04,3.67,17.45,13.66,6.34,23.49,0.81,0.19,0.23,5.62,55.14,0.31,10.62
Muzaffarpur ,Bihar,914,1095,94,65.09,34.9,1097.22,684.56,82.2,38.25,96.58,99.89,55.18,41.54,96.09,13.22,4.85,62.99,33.78,32.86,5.49,8.17,67.82,66.12,55.73,45.03,0.0,0.92,2.32,4.68,1.2,12.05,5.96,20.82,57.89,55.93,28.18,93.76,13.68,8.11,84.11,55.86,3662.85,55.92,72.51,51.3,7.87,78.21,10.53,40.29,3.86,74.93,83.74,99.05,75.91,88.49,91.9,34.41,1.09,88.35,57.8,98.01,1.99,14.63,4.32,29.73,16.34,17.17,42.62,19.94,8.08,34.69,1.91,25.16,16.46,57.32,64.64,58.72,61.66,58.88,66.1,6.86,4.9,12.41,6.85,7.21,16.41,9.84,4.95,18.09,14.13,6.89,23.98,1.38,0.19,0.0,7.24,51.5,0.51,11.24
Gopalganj ,Bihar,912,1139,96,63.31,34.56,1156.69,942.68,87.79,40.83,96.23,99.92,60.1,39.35,96.64,12.73,2.7,63.31,32.91,27.96,3.45,7.56,63.82,57.34,39.52,27.05,0.0,0.2,1.45,3.29,0.62,19.41,5.47,17.89,45.7,53.16,27.88,90.1,23.58,8.6,89.56,53.88,2559.36,54.19,85.92,60.26,3.28,88.02,9.1,27.47,3.4,75.83,97.91,98.39,78.95,91.11,89.55,36.98,1.67,91.11,69.13,98.1,1.9,6.1,5.85,38.64,14.9,13.83,34.16,21.47,9.76,29.23,3.53,22.66,17.94,69.01,56.08,53.76,54.03,53.77,54.06,4.72,4.94,10.52,5.01,4.75,10.09,11.65,5.07,20.34,16.26,4.96,22.84,1.47,0.19,0.0,5.18,47.84,0.14,11.98
Siwan ,Bihar,941,1256,95,70.69,31.54,1140.73,1060.3,86.46,61.94,95.29,99.81,47.71,48.04,94.09,8.2,13.18,70.9,38.85,21.29,3.79,2.58,55.82,53.52,42.35,30.19,0.0,0.0,2.27,6.99,0.74,15.41,5.06,9.26,40.23,61.04,30.26,96.56,21.06,12.84,82.9,63.91,4135.18,63.01,86.36,65.3,4.44,86.92,11.34,37.81,5.17,76.12,83.15,97.43,78.36,92.6,86.41,25.26,0.0,87.22,48.32,100.0,0.0,15.76,7.44,21.85,10.83,10.83,36.65,18.18,5.84,30.79,3.13,18.08,23.3,63.54,63.92,52.95,-58.04,53.12,63.98,3.39,4.94,9.04,8.31,6.58,15.68,12.36,5.21,19.55,18.12,9.35,29.6,0.15,0.0,0.0,4.61,44.07,0.41,11.35
Saran ,Bihar,945,1229,137,64.77,35.26,1076.82,779.29,73.11,43.82,93.62,99.74,37.15,36.83,92.88,9.41,7.21,65.56,35.54,26.24,4.23,6.15,58.97,41.13,31.42,23.55,0.0,0.35,1.7,4.91,0.45,17.34,7.68,17.96,36.74,44.36,30.74,88.05,14.77,8.5,94.33,54.05,2903.42,58.31,72.97,57.17,8.62,79.09,8.02,43.89,1.9,71.95,85.66,95.15,75.65,89.12,88.86,31.08,16.24,83.06,50.19,99.12,0.88,15.89,1.62,28.19,5.9,7.11,39.67,28.8,10.02,44.96,1.97,22.05,19.11,50.72,69.82,62.99,59.06,62.8,70.87,8.09,6.77,16.46,7.94,8.41,18.12,8.37,3.3,16.74,12.67,2.63,19.33,0.5,0.76,0.33,4.15,44.0,0.57,17.37
Vaishali ,Bihar,925,1112,123,64.51,34.69,1069.05,1117.97,81.48,44.11,96.45,99.19,52.6,40.91,86.24,13.49,24.92,62.41,33.96,44.86,4.56,8.06,68.21,45.8,40.99,36.49,0.0,0.88,0.79,1.85,0.71,16.71,8.27,18.47,47.36,46.72,24.52,80.78,14.78,6.81,88.54,57.41,2571.25,64.34,81.58,63.1,6.47,84.82,9.53,39.85,3.43,70.98,84.16,97.36,74.76,84.96,82.31,13.24,5.26,72.74,55.77,98.08,1.03,14.96,3.92,27.63,12.08,11.72,38.26,19.61,6.49,38.36,3.8,26.12,16.92,61.79,77.14,62.86,66.78,63.13,69.61,6.54,5.34,13.61,8.12,7.01,17.06,6.03,3.46,17.36,10.24,3.71,19.56,0.21,0.39,0.79,3.85,46.31,0.35,19.21
Samastipur ,Bihar,923,1061,118,60.91,37.82,1070.62,889.65,88.49,39.2,95.73,98.58,48.77,36.11,91.85,19.04,3.37,54.25,26.48,49.77,5.25,14.92,58.65,63.7,53.77,41.09,0.11,0.56,3.04,4.36,1.7,11.13,5.45,20.55,59.4,53.36,23.53,90.4,20.83,8.9,90.42,52.09,2267.84,51.52,83.38,71.92,2.86,83.71,6.15,47.23,1.03,71.4,85.48,98.95,74.55,89.51,89.41,30.52,0.0,88.47,64.1,98.3,1.7,10.63,4.52,26.99,17.47,17.69,44.0,21.32,7.94,42.76,1.74,26.66,15.17,54.26,67.19,59.93,69.71,60.51,65.93,7.97,5.55,14.27,7.91,7.0,15.86,7.06,4.15,15.83,9.4,4.36,16.36,0.63,0.6,0.4,3.51,51.65,0.13,10.52
Begusarai ,Bihar,966,1170,165,64.99,36.41,1075.89,1058.37,81.71,37.45,96.17,99.05,62.23,45.23,89.17,13.23,26.28,62.31,34.07,49.48,5.94,12.08,70.68,55.76,46.19,36.67,0.38,0.99,1.19,2.86,1.18,15.95,8.98,17.4,53.14,46.54,21.56,88.55,21.39,11.75,87.82,58.58,1710.47,60.93,85.99,63.61,3.42,85.6,6.26,25.31,0.94,65.75,80.77,96.57,72.87,82.26,81.01,24.47,2.51,80.39,57.19,96.54,1.71,11.85,3.13,42.04,5.52,4.55,37.76,21.02,8.82,35.64,4.03,25.99,17.61,68.58,74.53,63.19,58.68,62.89,64.27,6.77,5.58,13.24,9.13,5.58,15.81,7.09,2.39,13.9,9.67,3.13,16.95,0.16,0.16,0.0,3.96,49.61,0.38,13.71
Khagaria ,Bihar,909,1072,125,60.58,41.25,1110.9,918.49,66.8,31.82,94.48,98.8,65.03,33.16,87.99,15.61,7.21,51.82,26.63,44.85,5.98,15.08,50.5,40.93,34.92,27.36,0.11,0.22,1.71,2.76,0.45,15.44,9.5,14.36,56.2,44.6,17.43,83.93,15.83,3.53,89.51,54.18,4326.66,52.2,74.15,63.99,8.76,82.34,4.36,38.02,0.78,64.68,84.33,97.09,73.13,83.65,82.61,31.43,2.58,82.89,62.93,92.92,2.61,13.89,1.64,26.25,16.47,16.34,34.82,25.26,9.27,36.4,1.37,24.71,18.14,56.5,67.05,59.14,62.88,59.46,65.1,8.37,7.81,17.06,9.75,10.77,21.72,7.47,2.26,12.98,9.44,3.12,16.13,0.65,0.2,0.85,3.46,43.72,0.14,6.88
Bhagalpur ,Bihar,966,1154,179,65.07,35.08,985.89,878.54,74.14,26.35,94.52,97.99,60.94,49.16,85.23,16.27,17.4,65.56,35.13,42.36,3.39,14.27,75.59,57.36,46.78,31.92,0.0,0.0,3.37,9.14,1.59,12.82,6.49,31.2,39.88,53.32,27.62,89.92,28.03,16.78,85.41,53.95,2975.44,60.49,77.17,52.09,6.34,77.47,11.48,33.55,5.9,66.79,81.04,95.96,73.44,91.07,91.78,51.93,15.55,89.23,46.19,84.73,8.33,10.87,1.08,33.35,5.36,8.14,39.95,21.17,8.26,40.42,2.81,22.93,19.39,70.08,78.7,73.69,63.65,73.02,73.86,7.45,7.09,15.59,8.45,7.33,16.28,6.95,3.17,13.34,8.79,3.06,14.67,1.59,1.24,1.3,2.39,47.25,0.15,21.17
Banka ,Bihar,979,1098,147,59.32,36.1,1082.8,990.95,73.83,32.77,96.22,96.31,38.19,32.34,90.06,13.64,23.71,55.73,22.56,49.41,2.39,19.15,62.84,71.51,55.68,44.72,0.23,0.66,2.08,4.7,0.44,9.7,4.83,21.68,50.04,70.74,31.74,93.59,24.52,14.69,83.99,72.26,8075.77,74.71,79.79,67.95,3.77,80.4,7.52,38.78,4.31,88.14,89.54,98.11,90.2,92.93,94.98,42.31,2.15,93.8,42.84,99.11,0.89,6.88,2.33,41.07,3.1,2.76,46.74,26.91,10.97,45.76,5.15,23.78,13.4,70.66,77.8,65.66,68.63,65.86,60.42,7.15,4.65,12.96,7.2,9.08,16.92,10.63,4.81,17.42,12.43,5.37,18.84,0.55,0.0,0.0,1.81,49.4,0.49,17.86
Munger ,Bihar,972,1100,157,69.49,31.31,1032.15,966.44,84.76,50.69,98.41,97.74,62.83,59.39,92.57,15.24,22.22,69.5,44.43,34.65,4.17,9.58,80.19,68.55,49.02,33.68,0.22,0.58,3.06,8.59,1.07,10.31,5.66,23.27,65.27,68.68,36.79,90.5,33.04,15.32,89.8,80.68,2461.46,83.39,93.24,60.03,2.78,92.29,21.79,48.4,9.52,73.4,84.81,94.95,75.08,85.88,86.8,44.07,1.21,83.39,44.59,97.58,1.25,14.51,2.64,28.27,5.8,5.1,35.45,26.67,9.1,39.47,2.38,23.66,20.91,70.74,74.3,71.26,72.85,71.35,73.83,9.81,8.72,19.52,11.57,9.61,21.82,9.77,3.5,16.11,10.57,3.9,18.32,1.45,1.46,1.69,2.53,40.92,0.11,12.93
Lakhisarai ,Bihar,969,1222,147,61.17,37.75,1074.15,885.52,74.75,37.44,97.98,96.62,51.55,42.56,84.16,15.06,22.08,57.89,29.96,56.08,4.63,12.96,64.92,67.04,50.35,36.95,0.18,1.2,3.16,5.15,0.56,11.7,6.43,19.81,53.43,66.12,28.04,92.78,21.08,7.97,87.06,66.67,9522.94,74.06,75.78,58.4,5.38,76.2,9.33,44.23,2.82,68.93,76.79,92.91,73.71,82.43,83.92,23.69,0.0,82.43,41.83,97.7,2.3,9.67,1.27,36.01,3.62,3.58,42.66,25.61,10.39,45.05,1.38,25.27,16.17,67.44,77.24,72.88,67.78,72.55,75.13,7.33,4.81,12.84,8.76,7.68,17.8,6.6,3.43,12.27,9.34,2.08,13.82,0.15,0.0,0.14,2.42,45.4,0.75,20.0
Sheikhpura ,Bihar,958,1160,132,58.53,37.5,1074.01,887.89,82.94,47.76,97.27,98.43,54.16,40.25,90.27,9.74,9.51,55.01,28.26,46.13,5.69,10.2,68.07,78.76,50.27,37.21,0.2,0.6,1.48,4.81,2.28,3.15,1.45,26.23,58.56,68.77,28.35,95.82,24.09,6.72,87.71,77.09,1842.37,78.73,89.2,69.73,3.67,91.76,14.61,43.49,8.8,82.75,86.58,99.21,85.62,89.97,88.68,31.39,1.24,87.15,42.81,99.37,0.63,9.1,6.82,25.23,5.02,5.46,53.55,16.29,7.69,37.64,5.6,24.09,13.31,67.69,80.05,69.69,-64.16,69.52,73.94,5.65,3.43,9.91,5.84,4.43,11.06,9.24,4.15,16.33,11.07,3.87,16.1,0.54,0.49,0.34,2.05,45.01,0.17,23.16
Nalanda ,Bihar,962,1151,146,59.57,37.2,1048.05,958.79,73.26,40.61,98.86,98.9,52.53,40.99,89.05,12.8,16.28,56.07,28.8,41.95,4.91,9.95,64.44,72.27,52.36,37.78,0.22,0.59,2.49,6.02,2.72,7.49,4.2,27.75,54.14,64.71,29.31,94.21,16.36,5.29,87.62,77.48,2628.4,73.03,80.31,53.9,6.39,85.1,17.06,45.05,9.57,75.22,83.79,95.72,82.22,86.59,83.39,22.42,0.0,84.85,44.09,100.0,0.0,12.42,5.27,22.41,7.51,9.58,42.61,27.83,12.11,46.66,1.75,23.77,16.03,68.13,80.31,71.54,61.7,71.04,70.17,6.81,3.83,11.12,7.71,5.18,13.57,8.2,3.26,13.35,9.27,3.61,14.04,0.38,0.0,0.0,2.81,49.83,0.3,21.49
Patna ,Bihar,897,942,143,69.52,32.71,949.91,1002.08,73.6,39.92,99.01,98.76,61.02,64.6,92.9,10.17,18.21,67.64,43.63,26.59,7.95,10.12,74.25,49.32,42.32,31.36,0.13,1.94,2.9,4.92,0.46,14.98,4.62,18.55,46.41,51.66,17.92,82.97,20.67,15.74,88.75,59.03,2863.39,63.09,89.14,51.01,3.25,81.44,21.97,47.03,7.91,56.6,-72.54,98.39,66.95,83.93,78.57,20.93,11.02,78.73,58.37,94.93,5.07,9.26,0.71,34.1,9.01,8.27,34.49,27.46,10.61,39.63,1.37,22.58,21.47,66.85,65.36,67.29,-63.65,67.12,62.83,7.57,7.8,17.12,10.02,8.83,19.89,8.14,2.46,16.09,10.0,2.38,14.84,1.56,0.63,0.09,2.06,39.85,0.36,20.98
Bhojpur ,Bihar,974,1213,181,67.92,34.16,1002.91,872.27,70.73,44.64,97.91,99.7,45.87,42.86,92.22,9.63,16.17,64.1,34.57,31.16,4.17,5.34,60.8,63.85,47.88,37.69,0.6,2.19,2.24,4.1,0.7,11.76,5.07,17.51,44.96,42.74,33.48,93.8,15.52,6.18,93.31,56.12,2214.05,62.36,86.9,61.75,2.32,87.53,12.62,37.37,5.22,61.9,80.6,98.36,64.07,80.62,85.74,24.14,3.63,80.88,40.25,97.77,0.75,11.81,1.41,25.51,8.36,7.66,40.65,31.26,13.0,44.03,2.21,23.09,20.82,51.37,67.68,73.89,68.31,73.58,72.68,6.84,6.57,14.0,9.6,6.45,16.97,8.27,2.72,13.86,10.25,1.75,14.46,0.5,0.33,0.33,2.44,43.73,0.5,17.79
Buxar ,Bihar,975,1295,158,64.84,32.68,1005.18,886.29,77.11,40.51,98.53,99.81,52.36,44.65,93.54,11.44,18.25,68.14,33.31,30.8,5.82,7.19,56.56,60.46,44.6,35.11,0.0,0.99,2.42,3.84,1.41,9.06,3.42,31.4,67.26,61.54,27.44,93.38,21.13,9.82,92.19,66.92,1685.56,68.26,89.45,50.87,2.75,90.59,7.69,19.05,0.67,75.02,81.7,97.31,75.02,90.49,90.52,35.68,6.29,89.62,50.38,90.42,6.42,10.42,3.71,36.87,8.36,8.32,39.64,33.17,15.13,45.31,4.94,21.06,16.58,57.7,68.34,66.97,55.11,66.21,65.96,7.12,4.89,12.93,6.57,4.46,11.46,9.17,2.75,13.89,7.44,1.96,10.46,0.34,0.31,0.0,1.79,42.24,0.14,11.38
Kaimur (Bhabua) ,Bihar,973,1167,146,62.28,35.81,1018.15,943.98,77.88,41.31,96.68,97.96,59.08,29.03,93.71,18.07,6.12,66.04,29.45,27.08,6.54,2.62,58.93,78.58,59.69,44.03,0.1,0.43,3.52,7.3,1.67,3.7,1.68,45.11,62.55,62.39,25.58,93.47,11.24,3.64,97.16,81.56,1671.09,77.03,83.33,63.16,5.2,86.04,7.41,31.85,1.56,88.85,90.38,98.2,89.94,91.38,93.46,32.06,13.95,87.36,67.5,98.89,1.11,3.08,4.16,48.5,13.06,13.36,44.1,27.26,15.88,47.2,2.49,25.6,11.81,62.62,71.4,70.63,-62.4,70.32,70.81,4.44,2.02,6.86,6.14,3.43,10.33,7.92,3.3,12.29,10.44,3.65,14.97,0.0,0.0,0.0,2.79,50.8,0.45,14.13
Rohtas ,Bihar,975,1302,148,70.52,32.67,1039.89,923.67,73.92,47.21,98.48,99.58,68.95,47.37,97.4,17.19,7.47,76.51,42.56,30.34,6.06,4.55,72.34,73.85,55.66,42.8,1.16,1.22,1.79,6.06,0.63,5.94,2.7,38.6,59.05,64.86,34.22,95.0,17.4,7.67,91.21,84.97,1620.82,80.73,89.08,51.7,3.74,91.25,14.13,35.74,1.49,86.84,93.59,97.64,86.84,95.83,95.83,45.51,7.7,95.83,71.51,98.91,1.09,3.55,3.11,31.32,2.39,2.6,39.96,31.83,17.96,48.2,2.49,22.94,19.84,52.53,70.34,65.63,50.99,64.9,66.33,5.34,4.64,10.26,7.43,5.49,13.51,10.45,3.85,15.21,10.34,4.6,15.99,1.09,0.65,0.0,1.03,40.62,0.39,18.16
Aurangabad ,Bihar,970,1269,161,65.0,35.16,1074.09,886.17,75.4,33.92,97.7,99.97,47.12,38.92,92.35,15.35,11.99,67.56,36.87,27.31,3.55,7.34,68.43,69.41,53.49,44.21,0.0,0.86,2.46,4.3,0.61,7.15,3.53,26.64,52.77,53.57,29.31,93.18,20.3,9.44,92.34,71.53,1804.45,71.99,77.48,61.88,9.08,84.61,10.15,52.7,3.12,89.74,90.55,99.37,91.25,95.94,96.8,33.32,6.13,91.17,63.9,99.2,0.0,7.13,2.53,35.47,6.32,5.81,41.23,32.9,18.49,48.66,4.73,25.83,9.95,52.42,68.42,60.87,53.13,60.45,56.91,6.45,3.74,10.59,8.86,4.13,14.1,10.4,4.16,16.2,10.37,3.18,15.33,0.0,0.0,0.0,3.3,46.74,1.12,23.88
Gaya ,Bihar,963,1153,147,59.59,36.29,1079.81,863.35,70.65,38.24,97.92,99.21,44.41,34.69,94.86,9.71,13.31,59.4,30.73,42.83,2.45,7.21,72.75,73.28,52.45,41.5,0.12,1.41,1.89,4.43,0.58,5.91,2.57,29.5,51.94,63.18,25.07,94.86,18.89,7.12,93.41,72.48,1926.99,75.43,76.58,49.14,4.16,77.66,14.37,48.26,2.29,85.03,84.19,97.07,90.74,92.63,92.49,26.54,7.33,91.76,47.05,95.67,2.31,5.13,4.12,42.44,10.42,12.52,47.38,24.32,9.31,43.45,3.67,26.77,10.82,58.5,76.65,64.33,64.42,64.33,65.47,4.16,3.59,8.16,7.44,3.6,11.4,11.47,3.85,16.63,12.72,4.75,18.77,0.0,0.13,0.0,3.69,51.94,0.9,29.87
Nawada ,Bihar,963,1239,121,61.42,33.43,1099.08,864.97,65.86,38.55,97.4,99.25,47.92,40.74,98.17,8.09,15.34,62.1,37.25,43.32,3.76,9.44,65.7,69.76,45.14,30.84,0.38,0.92,2.07,7.32,1.31,6.5,3.27,13.47,45.73,69.49,31.62,94.84,17.48,9.48,88.11,74.11,2857.5,80.51,79.94,51.46,4.2,79.47,12.38,41.66,1.01,74.45,85.24,94.61,78.96,87.89,87.49,37.53,0.8,86.39,37.27,96.67,0.72,3.36,2.77,36.91,4.17,5.14,49.43,18.19,9.07,37.29,1.12,28.35,15.72,61.08,73.34,70.14,74.34,70.41,73.65,4.94,3.85,9.36,5.84,5.09,11.7,8.84,3.8,14.47,11.92,5.29,18.46,0.33,0.0,0.0,2.91,47.91,0.93,27.92
Jamui ,Bihar,979,1172,119,53.07,37.0,1089.67,986.4,68.44,37.4,97.89,90.48,37.57,40.22,90.99,14.29,30.75,48.68,20.64,51.85,2.88,15.36,63.09,69.62,47.7,36.78,0.0,0.87,1.88,5.34,0.22,9.52,5.04,18.44,64.39,73.79,37.91,95.16,27.84,11.67,87.81,66.69,5289.79,69.83,73.39,53.34,3.95,72.73,7.5,31.23,2.31,66.39,80.18,97.49,68.19,77.44,85.68,27.89,0.0,76.72,30.16,98.88,0.85,2.11,1.93,36.83,3.27,3.33,43.04,19.37,8.8,37.48,1.7,31.0,12.67,61.9,81.88,76.21,60.64,75.16,75.94,5.36,5.35,11.13,8.22,6.25,15.08,7.28,4.11,12.62,10.33,2.98,14.76,0.0,0.0,0.0,2.8,53.55,0.54,24.99
Jehanabad ,Bihar,949,1072,156,61.72,36.0,1084.54,1066.49,75.09,35.34,99.27,99.75,45.51,34.25,91.04,13.18,20.28,63.18,30.53,41.6,5.62,11.97,53.23,52.48,45.26,35.47,0.0,1.5,2.64,4.21,0.83,12.95,5.62,40.68,61.52,58.4,17.43,94.24,24.19,16.06,95.78,77.67,1511.59,71.22,89.11,61.59,1.33,88.25,20.25,64.78,3.92,70.27,79.12,100.0,77.2,88.41,97.17,39.59,5.79,87.05,68.44,97.98,2.02,11.21,3.38,45.05,6.41,6.6,41.25,36.56,15.16,51.74,1.84,27.15,14.33,57.36,61.91,67.81,72.07,68.05,72.34,6.86,4.67,11.93,8.97,6.48,16.03,8.85,2.63,13.37,7.97,2.33,12.01,1.6,0.17,0.17,5.47,49.05,1.06,28.46
Arwal ,Bihar,966,1185,133,62.64,36.64,1075.58,814.52,69.85,34.21,97.35,99.86,43.42,29.3,90.11,15.55,13.91,62.54,32.88,37.47,3.23,8.78,54.49,60.52,42.75,35.36,0.1,0.46,1.57,3.38,0.97,12.24,5.42,27.12,55.95,57.36,34.51,94.2,17.21,6.94,95.54,70.1,1933.19,70.08,79.16,58.58,5.35,83.11,12.66,57.34,1.47,84.22,89.02,97.31,85.03,93.91,94.71,51.42,4.18,92.15,57.76,98.31,1.69,13.37,4.97,44.1,10.28,11.52,45.62,36.77,14.83,52.94,2.89,31.94,12.36,51.3,65.8,66.62,70.35,66.85,66.34,6.29,4.08,10.9,9.26,5.79,15.87,8.62,2.6,12.87,9.01,3.31,13.97,0.36,0.2,0.2,2.37,47.94,0.56,25.2
Chandigarh,Chandigarh,761,746,104,86.66,23.29,917.45,837.77,97.64,93.63,99.85,99.12,84.98,95.81,96.81,32.23,6.32,82.96,59.61,9.72,1.7650000000000001,0.76,8.72,77.42,55.6,18.99,0.31,4.24,0.45,31.07,0.0,6.89,2.46,33.96,-91.68,82.34,78.74,93.15,73.91,64.48,97.24,90.61,5546.35,89.34,96.87,83.24,0.16,97.03,31.3,-44.28,30.35,-80.93,-82.77,-96.76,-80.93,-87.9,-87.9,-14.99,-84.94,-84.94,72.57,-92.88,-7.12,4.33,0.33,63.72,-22.7,-18.97,25.3,8.41,2.34,20.56,1.85,13.01,44.02,60.71,54.58,60.09,-43.34,60.3,57.67,5.98,11.98,18.95,7.12,8.78,16.62,14.49,5.55,25.03,18.65,8.67,30.62,1.41,0.0,0.39,0.56,12.06,0.27,18.63
Koriya ,Chhattisgarh,906,967,133,69.65,26.85,987.34,864.18,96.68,86.96,97.55,87.62,73.34,30.16,99.16,62.75,2.04,77.08,36.95,22.89,1.79,4.96,65.74,56.41,49.37,34.05,0.2,3.8,0.45,4.6,0.34,12.58,3.83,34.24,84.36,69.71,70.02,94.0,59.59,38.65,97.94,78.15,1348.08,71.53,80.75,70.69,7.72,88.18,10.87,-50.45,8.2,87.05,87.01,90.24,90.42,92.45,92.45,21.17,74.52,92.45,81.73,97.08,2.92,1.17,0.35,31.47,8.61,8.03,32.12,18.07,4.66,31.8,0.31,25.07,17.33,51.88,56.33,64.99,-54.07,64.37,48.34,7.45,5.19,13.39,7.12,7.04,14.59,14.45,8.49,25.73,20.37,9.07,30.93,0.49,0.49,0.91,17.45,44.39,4.71,39.47
Jashpur ,Chhattisgarh,908,945,136,67.91,27.81,1037.7,950.54,96.98,79.42,98.22,88.83,72.81,14.76,98.75,80.58,6.02,75.08,34.93,21.93,1.82,5.51,68.2,56.03,47.16,33.83,0.13,6.63,1.52,2.35,0.26,12.92,5.14,39.59,94.06,56.36,48.57,91.13,50.52,31.97,97.14,82.7,1635.34,80.74,85.62,66.24,1.71,78.56,13.41,44.0,7.37,94.19,94.14,95.53,95.53,95.53,96.88,28.01,76.92,95.53,90.23,100.0,0.0,1.31,0.0,31.34,6.04,5.83,35.82,16.99,3.92,33.58,0.98,27.51,13.43,42.85,54.14,61.79,-54.49,61.47,60.33,5.01,3.21,8.29,5.3,4.49,10.44,17.29,10.38,28.47,21.91,11.58,34.44,0.18,0.0,0.18,21.24,55.84,12.11,50.22
Raigarh ,Chhattisgarh,889,990,154,72.17,24.1,1012.97,811.8,97.21,81.69,99.02,97.53,66.3,29.75,99.62,66.28,4.19,75.96,38.3,11.54,1.78,1.32,69.13,64.05,56.02,45.54,0.0,1.93,2.56,2.79,0.62,10.31,5.16,38.39,89.16,57.67,55.41,95.55,58.04,31.82,100.0,89.55,2136.5,88.92,87.73,72.3,3.3,85.78,18.93,61.28,13.11,90.87,-91.87,100.0,90.87,92.83,95.17,13.54,76.8,92.83,88.34,99.2,0.8,1.88,0.81,37.59,4.78,4.46,39.09,14.92,2.92,28.0,0.63,26.88,14.91,46.63,62.68,62.45,-54.2,62.16,59.5,3.95,3.47,8.07,6.32,5.57,13.37,15.47,8.73,26.13,22.73,8.55,31.93,0.0,0.0,0.0,19.08,43.55,3.77,33.0
Korba ,Chhattisgarh,876,1029,173,71.07,25.4,1034.28,988.88,94.53,72.44,97.93,82.21,73.33,35.49,95.37,60.56,14.34,77.59,37.11,7.24,1.95,1.24,65.16,53.62,46.93,34.45,0.56,1.44,3.53,5.7,0.4,13.41,4.43,12.65,52.36,49.67,49.34,84.17,26.45,15.38,92.85,76.73,1943.06,70.67,75.4,57.42,7.09,78.17,18.14,-63.85,11.6,-68.37,-89.31,-91.01,-72.2,-75.88,-83.87,-48.29,-36.01,-72.74,74.05,-91.57,-1.76,5.3,0.33,26.37,4.49,3.99,34.66,14.7,8.03,27.92,6.28,24.41,16.21,52.39,63.55,66.91,-54.6,66.43,70.48,4.23,4.49,9.61,5.31,3.8,10.19,14.72,7.45,23.92,21.08,10.07,32.74,0.93,0.83,0.47,18.57,42.55,3.71,33.35
Janjgir - Champa ,Chhattisgarh,920,1046,149,67.73,25.32,998.69,794.51,96.01,76.17,99.53,97.24,78.77,24.78,99.41,73.97,7.02,77.02,37.28,10.17,1.54,3.53,78.38,74.77,66.32,47.6,0.36,2.08,2.1,7.79,1.0,6.25,1.93,16.52,70.19,63.08,62.82,90.91,34.22,21.45,97.57,85.94,2596.73,82.6,86.24,64.71,8.4,91.56,22.79,66.61,13.05,85.52,86.76,94.13,90.71,89.48,92.87,50.5,30.91,92.62,86.62,94.72,5.28,6.15,2.06,31.41,4.97,4.83,32.45,24.61,12.02,30.22,6.61,21.5,12.81,52.74,74.05,66.63,60.03,66.28,67.86,4.05,4.09,9.01,5.05,4.98,11.24,15.1,5.12,21.63,18.11,9.1,28.3,0.0,0.0,0.17,14.82,40.36,1.34,31.34
Kabeerdham ,Chhattisgarh,915,1037,151,61.72,27.38,983.31,825.97,98.64,84.14,99.54,97.85,80.26,24.96,95.64,72.09,0.0,67.81,32.59,15.28,1.5,1.52,63.5,75.16,72.18,63.82,0.51,2.77,1.9,1.67,0.25,6.24,2.87,43.65,92.39,67.19,58.89,89.32,59.81,36.94,99.23,92.95,1339.94,94.3,91.72,77.71,3.39,93.44,9.56,-50.4,3.22,95.41,96.88,98.48,96.92,95.41,96.93,21.02,80.43,95.41,86.51,100.0,0.0,0.0,0.0,44.4,7.04,6.83,37.94,12.02,3.07,27.25,5.97,20.57,11.8,59.29,67.45,43.87,-35.55,43.64,45.37,5.58,2.48,8.5,5.85,2.58,9.37,16.45,6.7,23.97,19.44,6.57,26.46,0.23,0.32,0.15,13.71,40.2,2.59,27.55
Rajnandgaon ,Chhattisgarh,919,1030,172,73.35,23.95,1014.34,988.14,99.67,81.38,99.3,98.81,79.16,27.44,99.17,80.82,0.0,82.41,38.85,3.77,0.66,1.44,73.64,73.26,70.47,58.74,1.04,2.52,2.4,1.75,0.0,6.33,2.8,27.59,90.76,79.84,76.07,93.94,52.7,28.14,100.0,90.49,813.26,84.49,95.49,86.25,2.81,96.77,10.81,-59.74,6.14,90.98,90.98,100.0,92.61,95.12,95.12,33.58,69.49,95.12,91.26,100.0,0.0,2.91,0.0,20.07,10.99,10.6,27.6,19.44,6.54,30.97,2.23,25.93,12.78,50.87,80.51,58.55,-43.34,58.27,55.45,4.85,4.65,10.25,3.91,3.43,8.15,18.46,8.05,27.73,20.34,7.27,28.26,0.0,0.0,0.0,19.02,47.29,1.71,35.1
Mahasamund ,Chhattisgarh,916,1073,163,68.59,23.99,1057.22,1076.6,98.54,75.64,98.4,98.83,84.23,30.38,98.88,76.17,6.06,72.62,31.24,9.48,1.06,1.24,61.42,71.43,64.19,50.99,0.94,2.46,2.65,2.59,0.0,5.53,2.6,22.6,82.58,69.42,65.79,92.34,35.06,18.91,98.9,89.09,2076.68,87.21,92.89,72.58,3.96,96.28,10.24,31.73,5.23,82.08,86.27,98.24,86.21,87.35,92.22,30.08,22.86,86.52,88.49,98.25,1.75,5.07,2.35,41.67,16.88,15.72,36.82,13.99,3.63,25.81,3.35,21.3,12.61,63.05,75.83,63.35,-56.48,63.03,63.04,4.07,3.01,7.62,4.37,3.42,8.54,11.74,4.34,17.86,14.29,5.28,21.38,0.5,0.17,0.43,23.72,43.23,3.71,30.26
Dhamtari ,Chhattisgarh,917,1152,151,77.34,23.57,1056.69,1119.63,99.62,87.13,99.9,99.11,89.82,30.89,99.37,86.83,2.72,83.69,40.92,5.84,0.39,0.98,82.88,81.11,78.29,64.88,1.0,1.49,2.02,5.53,0.35,4.53,2.2,37.24,92.09,61.22,70.4,94.16,56.84,38.29,99.5,84.3,1601.1,83.66,94.25,70.35,4.06,96.55,22.91,57.84,12.92,-80.61,-82.25,-100.0,-88.99,-86.03,-95.85,-18.92,-44.91,-89.22,92.84,-100.0,-0.01,1.38,3.11,23.3,7.3,8.89,30.45,17.85,5.98,28.92,2.74,18.4,12.71,50.67,67.31,59.99,-43.34,59.57,59.81,5.84,3.9,10.1,6.8,6.48,14.1,13.04,5.36,20.96,16.91,6.29,24.93,0.25,0.31,0.0,14.14,37.96,2.76,32.92
Uttar Bastar Kanker ,Chhattisgarh,915,1010,156,70.21,21.79,1029.74,1131.21,98.5,89.67,99.44,98.68,80.49,25.92,97.28,84.84,-1.81,78.45,40.26,5.37,0.54,0.77,80.63,74.69,69.55,53.39,3.22,2.46,2.17,0.86,0.6,3.03,0.69,41.44,85.2,78.14,77.9,93.33,56.21,42.9,99.32,87.35,1508.81,88.08,94.07,83.92,1.68,92.79,11.04,39.56,6.97,-89.5,-96.97,-94.57,-92.29,-91.78,-91.78,-42.45,-43.95,-89.5,91.02,-100.0,-0.01,3.15,2.77,28.8,8.35,7.97,24.81,24.5,15.73,36.06,2.56,25.48,6.84,63.78,62.26,66.33,-33.35,65.21,69.22,3.41,3.49,7.42,4.33,3.52,8.79,17.15,9.13,26.98,20.75,8.6,30.18,0.2,0.2,0.2,16.54,39.4,5.17,31.86
Narayanpur ,Chhattisgarh,916,1146,164,54.03,28.84,1077.03,1101.92,91.64,71.68,90.05,90.52,52.79,19.52,98.36,83.09,5.48,53.84,26.49,11.11,1.34,2.54,55.55,57.71,52.79,33.31,5.05,3.02,3.46,4.29,0.2,9.18,3.4,35.43,93.06,60.14,59.1,96.06,40.45,24.16,98.28,76.87,797.48,71.32,74.16,67.23,11.47,82.46,5.77,39.56,5.33,81.67,82.65,100.0,84.46,87.09,87.28,14.66,63.41,83.78,82.68,94.24,0.0,4.57,1.57,33.2,16.32,14.78,43.73,21.54,8.32,39.49,6.26,28.09,5.65,56.78,86.82,72.75,57.21,71.97,71.98,3.93,2.84,7.01,5.39,3.22,8.77,13.39,3.69,18.82,16.09,4.17,21.14,0.0,0.0,0.0,32.66,51.26,24.65,49.69
Bijapur ,Chhattisgarh,915,1087,166,47.44,30.48,1068.72,1045.49,87.1,67.38,86.82,94.34,30.63,18.48,98.63,73.53,1.19,46.29,24.19,18.27,2.34,5.24,47.07,35.68,32.36,15.62,2.3,4.06,3.3,3.1,0.0,15.49,4.76,45.64,90.24,53.07,56.85,92.13,32.54,20.14,96.79,64.94,776.46,58.16,63.62,62.26,11.49,73.8,3.58,39.56,4.9,78.35,79.04,92.65,84.57,83.22,83.84,33.55,63.89,82.96,84.79,98.36,1.64,4.52,2.81,25.4,16.89,16.37,53.83,20.03,7.98,46.13,3.89,43.58,6.02,52.2,77.2,72.94,60.25,72.14,68.74,4.42,3.26,8.25,4.3,4.13,9.2,9.68,3.48,14.98,16.18,4.49,21.56,0.0,0.0,0.0,44.42,61.86,31.99,60.82
Balod ,Chhattisgarh,919,1006,164,76.35,20.71,987.98,1067.87,99.14,83.79,99.68,99.49,83.76,33.29,96.73,79.52,-2.68,84.66,46.25,3.26,0.33,0.0,84.79,83.54,79.86,68.42,0.71,2.34,0.75,3.42,1.06,2.57,1.03,37.47,94.08,72.73,81.46,93.68,46.92,24.21,99.42,90.84,1904.62,89.06,97.35,85.75,2.65,99.15,17.84,-58.07,12.95,-85.21,-92.4,-100.0,-85.21,-91.99,-92.4,-28.93,-56.74,-89.84,90.32,-97.69,-2.31,1.32,1.21,22.41,2.92,2.87,33.56,15.14,8.04,35.95,7.7,18.83,12.16,69.15,68.29,56.57,-48.61,56.38,59.66,4.55,2.93,8.1,4.84,2.62,8.43,15.96,7.95,25.06,18.23,8.53,27.65,0.61,0.0,0.21,11.42,36.14,1.47,26.81
Baloda Bazar ,Chhattisgarh,914,1116,169,66.7,27.2,1070.09,1021.48,96.01,68.92,99.23,94.79,78.85,24.86,97.86,66.05,9.81,75.01,38.71,11.4,2.16,2.68,59.77,71.46,62.77,43.23,0.76,4.7,3.77,3.9,0.16,5.34,2.41,17.55,73.43,59.28,49.47,86.52,21.62,12.56,98.57,72.64,2490.75,69.71,78.14,65.8,10.17,86.17,9.71,-64.74,2.61,77.32,84.68,96.97,80.32,87.64,89.82,32.42,27.36,85.95,77.13,98.61,1.39,4.68,3.0,35.44,12.32,11.5,40.85,19.36,9.41,34.11,7.32,19.44,14.71,62.98,67.77,61.46,-56.15,61.24,60.22,3.09,3.43,7.1,4.94,3.52,9.37,14.19,6.17,22.63,19.3,7.29,27.92,0.32,0.61,0.33,14.89,40.81,1.75,35.03
Balrampur ,Chhattisgarh,897,995,128,62.08,29.17,979.66,887.35,94.64,78.37,97.85,84.44,57.34,13.21,99.53,62.27,1.49,66.81,32.16,24.6,2.56,9.07,60.72,51.95,46.79,32.19,0.0,2.94,1.9,3.17,0.24,16.0,3.42,35.88,83.54,76.39,52.09,89.39,55.03,34.23,88.52,78.59,966.21,72.74,78.89,72.71,10.35,89.24,8.75,39.56,8.23,76.11,86.17,92.41,76.11,86.37,89.22,16.99,60.96,84.91,83.2,98.45,1.55,1.13,0.53,38.27,14.14,13.35,35.14,22.98,7.93,38.84,1.61,28.74,9.94,40.47,50.08,63.24,-65.46,63.35,55.6,4.06,3.65,7.94,5.54,5.14,11.18,15.49,9.21,25.2,20.33,9.95,31.22,0.0,0.0,0.0,21.36,53.17,16.21,44.5
Bastar ,Chhattisgarh,905,1036,143,58.04,26.52,1068.01,1042.33,89.34,55.94,96.8,94.09,60.99,31.56,97.12,69.28,16.1,54.62,25.32,17.29,1.79,5.96,53.06,54.24,47.65,31.43,0.86,2.19,6.1,4.93,0.17,12.08,5.32,36.85,86.74,57.25,55.07,94.81,31.1,18.18,92.36,69.19,3279.25,64.56,63.54,56.07,13.75,72.63,6.56,-46.91,5.45,57.33,61.1,93.86,61.77,85.04,81.35,32.01,24.15,75.98,87.44,97.89,2.11,18.52,5.3,42.03,10.57,10.64,48.09,20.37,9.07,45.22,5.17,34.89,8.73,59.85,80.71,77.13,-78.96,77.2,80.28,4.56,3.03,9.02,4.72,4.79,11.42,13.1,7.19,23.66,16.76,5.68,24.13,0.86,0.22,0.99,36.38,55.8,18.46,41.39
Bemetara ,Chhattisgarh,922,1060,134,65.25,27.0,972.49,987.18,99.36,80.04,99.66,98.82,80.48,18.86,97.75,63.38,1.32,74.14,32.99,15.12,1.16,4.9,63.92,75.58,71.21,62.39,0.12,1.88,1.59,2.79,0.39,5.03,2.39,37.25,88.15,77.42,54.61,89.04,54.56,34.79,99.71,91.52,2514.93,91.94,94.98,84.57,1.99,93.91,13.16,-67.62,7.23,93.43,93.43,100.0,93.43,93.43,95.65,28.27,64.13,93.43,88.98,100.0,0.0,1.29,0.0,27.35,15.49,14.7,38.35,16.37,3.9,27.62,4.07,20.97,14.86,57.41,61.82,46.94,-49.15,47.01,50.26,4.74,2.99,8.36,6.67,4.05,11.67,17.09,7.01,26.86,19.9,6.48,27.57,0.45,0.0,0.0,10.57,40.24,0.68,28.97
Bilaspur ,Chhattisgarh,881,973,173,70.97,24.78,1033.14,1070.45,94.19,63.5,98.61,93.62,80.47,42.19,98.61,60.37,3.03,74.32,37.38,11.19,2.62,5.2,70.69,58.5,50.28,33.7,0.14,3.01,2.54,5.45,0.27,10.39,3.96,19.9,56.02,52.45,46.87,84.64,29.99,9.2,92.91,75.74,2344.38,78.58,79.44,55.79,8.14,85.64,19.03,57.16,9.88,52.5,-69.52,93.99,65.78,77.53,80.13,36.72,38.92,73.32,62.72,89.05,10.95,5.14,0.8,33.55,15.68,15.21,25.73,24.02,10.93,28.0,4.4,27.18,17.07,50.32,78.14,59.29,-41.37,58.5,63.93,4.28,4.81,9.98,6.5,5.26,12.69,14.45,7.25,24.44,19.19,8.06,28.64,0.29,0.32,0.18,11.48,39.95,2.55,33.89
Dantewada ,Chhattisgarh,917,1121,162,51.04,27.89,1098.42,1295.98,95.36,60.7,95.9,95.14,60.48,34.56,98.26,82.2,6.42,50.32,24.2,16.31,2.06,6.65,56.69,58.82,54.44,26.59,4.81,6.81,6.08,6.25,0.21,7.09,3.61,46.82,98.82,65.34,68.2,96.63,27.47,12.63,98.71,84.92,709.8,84.94,90.45,84.1,2.48,88.67,5.11,39.56,3.87,77.6,73.66,95.11,85.83,89.97,83.76,27.77,47.53,89.06,91.79,98.3,0.0,2.39,1.04,34.47,19.6,19.62,45.61,19.35,9.57,45.84,9.82,25.89,6.75,71.55,89.87,76.73,62.99,76.01,75.67,5.77,1.78,8.07,7.35,2.47,10.66,14.77,2.62,19.11,18.49,3.73,23.66,0.87,0.48,0.5,38.08,55.7,21.42,49.81
Durg ,Chhattisgarh,910,1112,184,79.41,22.87,956.54,812.37,98.93,81.89,99.57,98.46,89.47,76.31,97.95,67.01,3.95,84.59,52.69,4.33,1.8,0.64,87.65,80.61,76.41,61.15,0.58,3.75,1.59,6.47,0.38,4.93,3.35,36.45,89.18,71.08,69.85,95.97,46.5,28.73,99.42,94.23,2451.17,92.47,96.71,72.44,1.69,97.99,27.52,64.11,16.51,82.67,87.01,97.21,85.77,90.83,92.22,34.64,56.41,85.35,82.32,90.44,9.56,2.0,0.0,18.52,8.46,8.34,38.87,16.9,10.05,27.74,3.02,12.5,23.87,65.72,57.06,51.97,-41.19,51.66,61.79,6.11,3.7,11.16,6.63,4.4,12.2,14.51,5.14,22.59,18.53,5.36,26.47,0.53,0.38,0.75,7.19,36.63,0.86,31.97
Gariyaband ,Chhattisgarh,922,1044,159,67.37,26.48,1048.17,1011.38,96.34,75.55,98.74,96.82,80.98,17.05,99.22,79.82,7.0,72.08,27.77,9.74,1.24,3.62,58.2,76.2,68.34,48.48,0.42,2.52,3.54,5.6,0.42,3.47,1.4,27.68,88.08,57.99,57.84,90.7,39.85,26.09,98.33,86.34,1569.94,82.34,87.56,80.58,4.65,84.93,10.89,39.56,8.41,83.44,81.11,100.0,85.38,88.88,94.16,45.02,25.76,86.93,81.6,100.0,0.0,1.62,4.81,31.16,8.33,9.36,28.94,21.92,10.59,22.09,13.46,20.01,9.09,58.84,73.91,65.04,-55.31,64.64,63.23,3.95,2.94,7.36,4.99,3.05,8.61,15.47,5.62,22.58,17.56,6.61,25.64,0.19,0.0,0.0,21.04,45.26,1.21,35.06
Kodagaon ,Chhattisgarh,916,1165,148,57.5,25.71,1032.98,1111.08,93.34,57.77,97.75,98.77,79.52,12.36,98.98,80.58,3.62,56.13,24.67,11.75,0.31,3.03,57.77,68.23,60.54,38.88,7.82,1.93,5.07,4.77,0.29,3.73,2.28,28.91,90.95,69.37,64.05,95.38,39.46,17.25,97.56,79.44,2136.95,77.34,78.72,74.34,5.54,83.65,3.59,39.56,2.81,70.13,64.43,96.9,77.15,83.7,86.71,32.06,23.77,81.77,84.73,100.0,0.0,10.85,4.39,35.58,9.63,9.31,37.59,22.83,8.75,42.15,5.48,31.26,6.08,59.07,76.61,79.52,-87.59,79.74,79.69,4.46,2.9,7.61,4.12,4.36,9.21,12.18,6.51,21.23,14.63,5.88,21.58,0.0,0.17,0.32,28.62,48.28,18.25,41.42
Mungeli ,Chhattisgarh,912,963,119,63.55,29.34,1021.73,1017.29,96.96,83.32,99.69,97.95,80.68,22.85,97.2,67.98,0.0,68.55,32.16,20.48,1.87,3.06,68.16,64.01,60.32,51.26,1.18,0.78,1.0,1.85,0.0,11.42,3.96,25.48,89.73,73.25,67.32,94.66,60.3,38.77,94.02,74.44,685.05,66.55,69.81,56.21,14.49,83.16,10.79,-73.42,1.44,79.7,85.71,98.69,83.86,89.01,89.21,26.94,59.04,90.65,87.69,96.58,3.42,1.16,0.0,37.6,3.07,2.96,30.14,17.69,5.01,30.63,2.06,20.91,17.52,52.32,61.95,54.63,-50.28,54.48,53.74,4.76,6.0,11.42,5.4,5.97,11.89,17.49,7.45,26.18,20.26,8.09,29.21,0.2,0.41,0.6,13.74,37.64,1.2,26.13
Raipur ,Chhattisgarh,915,1173,182,77.09,24.19,982.79,999.81,97.49,78.34,99.48,99.73,83.95,60.47,99.38,76.92,3.45,81.31,40.1,8.79,1.62,3.31,71.98,76.76,72.11,58.15,0.52,3.43,1.93,4.95,0.22,6.1,3.08,23.07,85.06,82.42,65.6,94.66,46.13,25.59,100.0,88.38,1790.34,86.7,90.71,63.92,6.55,95.8,24.31,55.58,14.73,74.15,75.41,96.58,86.76,78.02,85.76,31.53,27.68,76.41,88.44,94.52,5.48,3.44,3.8,36.38,8.99,7.93,32.22,21.71,10.25,32.33,5.57,14.43,15.7,62.13,74.63,59.83,-37.14,59.09,63.08,4.0,3.99,9.2,4.49,3.04,9.13,10.97,3.62,17.67,14.97,4.53,20.55,0.21,0.16,0.0,10.86,37.52,1.2,33.3
Sukma ,Chhattisgarh,922,1218,173,45.89,29.6,1078.19,924.9,91.89,53.15,98.25,95.96,35.53,14.38,99.02,78.11,1.49,40.48,15.87,18.88,1.84,2.7,48.31,53.74,51.37,25.56,3.57,6.59,4.17,8.15,0.0,7.61,4.02,45.48,94.51,58.94,73.99,96.31,27.64,19.82,98.42,80.61,472.67,79.85,81.22,80.75,6.41,84.8,3.21,39.56,3.75,73.33,76.82,94.96,80.07,80.07,76.81,10.5,51.63,78.47,80.4,100.0,0.0,4.94,1.83,38.01,21.5,20.88,41.78,21.15,9.86,37.39,6.47,34.51,3.77,68.56,91.4,79.02,65.77,78.42,77.9,4.27,1.32,6.0,4.48,1.53,6.51,10.53,2.65,14.47,15.76,1.82,18.08,0.2,0.2,0.2,44.45,61.69,32.15,54.17
Surajpur ,Chhattisgarh,914,1024,135,64.79,28.54,949.97,915.74,95.59,84.4,98.65,83.35,75.4,23.95,99.33,75.67,1.06,68.25,30.68,34.28,0.99,4.5,62.36,59.84,50.09,41.18,0.18,2.75,1.41,2.61,0.6,14.13,6.1,41.46,80.3,55.32,48.85,89.57,56.33,33.78,92.17,82.97,1184.1,81.22,85.87,72.63,1.87,79.94,9.79,-54.58,3.53,78.73,84.97,92.6,79.7,82.0,83.34,24.87,71.77,82.0,93.84,98.36,1.64,2.45,0.0,23.32,11.92,11.35,27.58,19.26,5.79,32.28,0.44,29.46,14.68,40.99,51.08,60.96,-55.43,60.74,53.05,4.88,4.53,9.93,5.08,5.66,11.48,16.59,7.22,24.97,20.43,9.22,30.9,0.61,0.34,0.3,17.73,50.42,7.44,43.38
Surguja ,Chhattisgarh,872,950,133,66.33,27.47,1035.96,1138.72,97.21,81.61,99.26,96.39,75.76,24.47,99.35,65.14,2.84,73.68,37.73,18.07,3.15,6.41,62.96,55.18,49.12,38.46,0.17,2.16,1.11,2.44,0.32,15.01,5.4,30.82,82.72,70.35,57.71,95.4,54.49,38.23,97.65,83.39,1455.1,79.14,85.34,73.25,4.32,89.42,10.22,-49.0,5.87,84.55,88.95,96.39,87.94,89.54,96.89,27.53,61.33,86.12,86.26,97.17,2.83,2.55,0.28,32.29,10.37,9.94,29.41,17.5,7.63,30.55,1.32,26.84,15.25,51.5,51.35,58.82,-46.4,58.32,54.3,4.29,4.22,8.97,5.03,7.06,12.51,16.68,9.84,28.51,23.55,12.48,37.48,0.0,0.0,0.22,24.03,49.26,12.07,40.63
Diu ,Dadra and Nagar Haveli & Daman and Diu,911,978,101,77.78,21.18,1331.64,982.8,100.0,97.97,99.98,99.69,89.69,85.32,96.4,63.98,4.53,90.77,52.68,2.28,1.09,0.0,89.01,77.8,52.21,32.55,0.0,1.18,1.85,15.87,0.48,7.7,3.52,35.41,-82.59,85.72,90.71,93.13,79.87,51.24,97.01,92.98,1309.86,93.14,95.65,63.85,1.54,97.19,33.51,53.98,25.6,-92.9,-100.0,-100.0,-92.9,-100.0,-100.0,-63.84,-6.96,-100.0,81.48,-100.0,-0.01,1.18,0.53,26.56,-15.41,17.93,33.94,17.35,3.8,28.54,8.23,16.35,30.6,45.31,62.76,50.44,-43.34,50.27,61.97,7.93,7.63,17.3,11.07,6.4,19.41,9.85,3.14,18.07,9.91,4.86,17.71,0.31,0.0,0.25,1.69,34.45,0.4,25.21
Daman ,Dadra and Nagar Haveli & Daman and Diu,851,733,152,83.78,22.66,754.98,766.66,96.85,-92.32,99.54,95.97,67.07,92.05,96.95,32.88,-10.11,85.88,42.85,22.82,1.05,1.35,86.33,52.54,48.91,34.35,0.0,1.34,3.9,8.81,0.51,21.07,10.74,20.67,61.35,62.72,70.53,78.74,38.44,20.84,96.64,89.46,1200.24,87.63,97.39,60.54,0.0,96.94,23.58,35.36,17.42,-78.33,-73.58,-91.24,-83.91,-87.28,-82.75,-23.37,-2.46,-78.99,81.75,-96.78,-3.22,4.83,0.51,23.67,13.71,11.81,30.04,25.19,7.9,29.26,1.44,22.28,36.85,50.32,82.51,60.82,-43.34,60.8,63.0,4.47,7.05,12.78,7.65,7.3,15.62,9.37,4.55,18.42,13.18,4.67,19.86,0.66,0.32,0.32,2.26,36.13,0.61,32.58
Dadra & Nagar Haveli ,Dadra and Nagar Haveli & Daman and Diu,914,1002,174,70.75,26.8,817.44,821.71,98.32,96.07,99.67,94.76,63.08,74.33,85.04,58.81,1.63,72.82,31.48,29.98,2.06,5.52,96.27,72.75,64.34,45.02,0.22,2.62,2.96,12.43,1.09,8.97,3.44,26.37,71.24,81.97,90.9,85.84,65.07,39.97,99.67,92.16,501.58,91.86,96.32,75.83,1.77,98.09,21.89,45.0,16.71,100.0,98.45,100.0,100.0,100.0,100.0,49.17,3.84,96.92,87.72,97.31,2.69,2.1,0.25,26.55,9.57,9.18,42.38,20.92,3.34,42.06,1.52,26.99,22.97,43.71,74.78,64.5,-62.06,64.41,64.33,7.12,5.32,13.37,7.85,7.91,16.44,6.84,3.85,13.33,8.43,3.25,13.48,0.33,0.22,0.22,3.29,39.83,1.38,26.1
North Goa ,Goa,925,975,148,89.53,19.28,1016.91,849.01,100.0,100.0,100.0,98.1,87.74,96.69,98.1,64.83,-17.57,92.37,71.98,7.45,1.45,2.72,97.28,63.06,54.75,23.02,0.0,2.3,3.95,23.09,0.0,9.2,4.48,33.2,82.13,74.63,91.29,95.77,84.84,68.37,100.0,93.1,3824.15,95.94,99.57,58.59,0.0,98.6,39.47,46.66,34.73,-78.64,-87.45,-97.09,-85.52,-87.31,-92.17,-20.33,-5.28,-90.15,94.36,-93.82,-6.18,3.64,1.46,61.08,26.86,25.76,24.17,17.7,7.26,25.84,2.72,14.1,37.22,52.26,55.19,40.19,-43.34,39.97,46.23,7.92,11.02,20.58,9.7,13.05,24.9,10.96,4.13,27.25,15.84,5.57,28.27,1.42,1.89,0.92,2.65,19.19,4.35,33.81
South Goa ,Goa,931,1055,165,88.2,18.85,1040.35,819.48,100.0,100.0,100.0,99.02,88.17,96.24,96.92,67.7,20.52,93.76,70.88,3.9,1.37,2.78,96.21,74.98,67.83,40.02,0.0,2.48,0.95,23.45,0.0,7.19,3.28,19.71,89.35,62.71,96.04,97.76,92.19,59.09,99.45,99.49,3768.46,98.02,100.0,52.04,0.0,100.0,39.44,54.91,25.18,68.58000000000001,66.06,92.52,73.14500000000001,80.72,82.19,23.525,5.54,77.60499999999999,87.95,93.65,0.0,2.49,0.0,62.6,-8.93,-13.35,28.31,21.36,7.98,21.04,2.82,13.49,34.63,49.5,50.01,37.25,-43.34,37.63,42.46,9.41,7.91,21.13,11.05,9.75,23.19,13.58,3.0,27.74,13.53,3.72,25.03,0.84,0.4,0.14,2.51,16.92,6.97,41.12
Kachchh ,Gujarat,922,1026,181,66.56,26.57,979.27,994.16,96.56,95.06,99.16,96.83,85.82,67.16,97.99,34.34,6.5,75.57,24.13,18.97,2.92,5.71,59.11,76.46,62.45,34.43,0.0,3.92,3.34,19.47,0.41,7.84,3.86,36.08,85.81,88.81,84.15,88.75,74.33,54.9,97.76,93.87,1792.81,91.33,97.36,45.31,0.51,97.61,15.8,21.56,10.11,70.19,75.31,97.39,72.9,87.64,87.48,17.44,2.52,85.48,76.88,88.22,10.87,3.2,0.48,43.23,5.48,5.12,37.48,20.23,10.63,33.43,2.6,28.09,25.65,30.88,68.61,57.98,-43.09,57.49,62.56,6.66,5.51,12.93,6.93,5.71,13.42,10.77,4.42,19.14,10.71,3.79,18.2,0.36,0.0,0.0,8.9,38.71,0.33,2.67
Banas Kantha ,Gujarat,889,1049,157,61.1,29.23,1007.3,966.79,96.11,82.3,91.14,93.58,53.86,45.63,96.61,40.96,2.26,63.71,17.64,37.34,4.79,5.08,52.67,42.58,37.45,29.09,0.0,1.69,2.18,4.27,0.21,18.5,6.94,25.09,58.66,68.04,56.05,74.45,56.76,42.72,92.94,86.05,1376.74,87.4,92.94,29.05,1.22,92.66,18.52,24.65,9.54,43.53,-66.49,86.42,52.22,64.11,63.7,11.18,1.81,64.51,75.51,87.29,12.71,7.68,0.0,47.89,4.45,3.76,38.98,25.47,8.54,44.1,1.16,36.73,11.73,32.04,78.99,59.62,-68.6,59.98,65.76,7.58,4.99,12.92,8.9,6.28,15.78,7.9,2.92,14.33,9.21,4.36,15.7,0.26,0.26,0.0,7.47,37.28,0.13,5.08
Patan ,Gujarat,904,1011,169,64.81,25.08,967.42,975.59,98.21,88.84,98.29,99.39,73.11,62.62,98.05,50.17,1.5,71.08,22.59,35.35,2.13,2.27,56.89,65.61,52.86,35.37,0.0,5.18,3.56,8.37,0.14,11.2,4.99,37.48,77.28,86.2,79.81,72.91,68.07,55.64,99.59,93.62,783.44,92.01,98.55,25.17,0.0,97.07,18.9,20.86,14.29,80.99,91.88,97.19,82.54,92.56,95.56,37.47,0.0,85.74,81.56,96.62,3.38,6.84,0.54,41.4,3.97,3.22,50.51,20.93,6.45,42.25,3.09,29.29,18.29,30.25,76.17,59.75,-60.09,59.76,60.23,10.19,7.32,18.07,10.14,7.73,18.8,8.31,3.68,16.29,9.54,3.53,16.34,0.0,0.0,0.0,6.93,38.85,0.21,2.09
Mahesana ,Gujarat,839,883,136,71.28,22.13,912.81,742.48,96.42,92.44,97.68,97.01,72.14,63.14,91.48,40.74,-5.46,75.05,32.59,32.31,3.14,4.53,44.5,46.27,41.79,26.18,0.0,2.82,3.06,9.46,0.13,18.43,7.63,20.9,76.44,59.69,56.58,73.79,58.3,44.84,97.06,79.73,5102.81,83.37,97.25,27.37,0.85,91.55,28.68,35.3,14.67,-79.56,-91.08,-92.55,-81.9,-85.08,-85.08,-16.68,-2.56,-80.09,83.56,-84.3,-15.7,14.58,0.52,32.76,-0.01,0.0,31.03,28.16,11.99,41.39,1.5,24.42,24.32,42.63,85.98,69.54,-62.93,69.27,77.74,9.73,9.02,19.43,12.13,8.27,21.62,12.92,5.85,22.59,17.94,6.26,26.99,0.33,0.0,0.4,7.7,36.9,0.18,3.22
Gandhinagar ,Gujarat,862,919,151,77.63,22.34,924.44,765.64,100.0,96.69,97.81,99.72,84.6,76.86,93.6,29.74,5.24,81.78,37.86,32.6,1.27,5.02,69.26,49.3,43.61,25.52,0.0,2.12,2.55,13.15,0.11,18.53,6.62,16.86,59.79,69.46,71.02,86.71,38.08,22.57,96.17,88.18,2444.73,88.96,97.81,39.46,1.38,89.26,32.7,39.64,24.25,-77.66,-95.18,-94.24,-81.52,-90.38,-92.37,-30.13,-3.81,-90.38,81.01,-92.43,-7.57,15.02,0.36,37.78,6.36,4.91,38.07,30.57,9.9,44.61,0.51,21.15,29.5,43.53,81.24,69.22,-57.43,68.81,72.76,8.65,8.77,18.52,8.36,8.73,18.7,12.55,5.83,23.93,18.35,7.0,29.33,0.95,0.34,0.34,7.16,33.84,0.05,5.41
Porbandar ,Gujarat,917,1018,169,74.87,20.75,1000.37,1044.96,99.14,94.4,99.75,96.24,85.74,76.85,99.01,42.13,-5.73,84.33,35.93,9.96,2.13,1.87,71.68,75.49,68.54,34.46,0.0,11.25,5.11,17.11,0.3,7.7,3.18,59.07,81.02,93.54,92.05,96.42,56.46,36.97,99.51,97.6,684.64,95.59,100.0,61.15,0.0,95.99,19.19,33.72,9.95,-82.85,-82.22,-96.61,-82.85,-90.98,-96.61,-36.72,-2.46,-90.98,96.9,-97.36,-2.64,5.61,0.76,55.05,13.27,14.51,18.15,21.81,14.2,25.52,3.91,15.82,27.83,39.77,77.86,47.41,-54.94,47.6,52.36,9.23,5.59,16.44,11.64,7.18,19.53,8.7,3.04,15.79,11.4,2.59,16.2,0.38,0.2,0.39,16.66,59.67,0.27,6.0
Amreli ,Gujarat,870,936,127,69.88,22.71,983.84,977.23,99.59,98.78,99.64,97.79,73.28,65.61,93.46,47.74,-12.91,77.17,27.18,10.51,1.3,1.64,73.78,62.19,51.9,40.45,0.18,3.41,0.52,6.85,0.0,9.54,5.42,29.99,75.38,93.9,92.59,89.25,73.78,59.16,98.25,87.02,1647.96,85.9,90.13,45.54,2.39,81.16,18.69,31.51,10.19,-60.09,-68.11,-93.41,-65.77,-87.52,-80.47,-17.52,-3.76,-85.56,80.07,-94.35,-3.9,3.49,0.32,40.39,2.8,3.84,35.3,23.71,7.24,30.57,6.77,18.25,29.06,39.01,71.99,50.28,-43.34,50.02,47.02,8.29,6.32,15.47,7.96,8.32,17.29,8.03,4.29,17.97,6.3,3.13,11.5,0.19,0.37,0.58,4.97,53.68,0.39,1.58
Anand ,Gujarat,870,914,163,75.18,22.23,912.19,725.58,98.42,89.47,97.95,99.72,82.1,65.13,92.61,36.17,7.43,75.89,32.22,27.95,2.31,7.0,69.11,53.68,49.22,37.61,0.0,1.45,0.56,9.19,0.41,16.48,6.27,23.89,74.51,74.23,64.24,91.2,55.48,41.31,98.62,90.26,2487.59,88.58,95.96,41.21,1.33,95.17,22.39,34.02,9.13,-77.03,-85.36,-98.09,-81.79,-89.02,-91.91,-35.57,-2.09,-85.0,91.44,-94.05,-5.95,11.73,0.0,33.74,10.64,11.53,38.4,28.6,10.85,46.63,3.84,32.01,20.85,32.29,78.36,66.59,-43.34,66.36,64.17,9.83,5.95,16.61,8.36,6.34,15.52,15.86,6.06,26.63,16.55,6.88,26.87,0.17,0.17,0.17,7.25,35.81,0.25,4.79
Dohad ,Gujarat,899,1221,158,59.58,35.58,1047.47,1013.08,95.05,91.28,89.29,90.99,35.93,26.8,93.42,40.26,8.13,56.1,23.13,29.87,4.03,7.36,45.1,70.83,55.64,42.9,0.0,1.21,2.3,6.27,0.0,7.68,2.73,31.64,79.34,75.18,70.9,96.88,64.96,44.57,98.86,87.19,1516.15,87.02,92.45,68.2,1.27,93.19,6.05,20.9,1.45,66.18,74.77,88.94,68.51,73.83,74.99,23.46,1.22,73.83,85.37,98.64,1.36,14.01,3.66,40.32,8.98,7.54,55.34,27.75,13.38,53.02,5.75,39.13,6.54,61.86,87.24,75.37,69.37,75.08,79.71,6.95,4.45,11.82,6.88,4.1,11.43,12.77,4.04,18.16,12.17,3.78,17.68,0.0,0.0,0.0,14.61,55.85,0.9,14.24
Narmada ,Gujarat,904,1021,155,66.0,25.98,1006.44,853.1,98.2,98.0,92.69,96.83,54.56,31.28,98.53,51.07,4.89,67.29,22.59,29.49,1.98,12.02,52.51,80.24,67.02,56.27,0.0,1.41,0.79,7.04,0.0,5.25,2.25,44.99,75.61,81.7,83.42,94.26,65.1,48.44,99.59,87.19,753.29,87.59,81.65,66.33,2.87,84.23,7.34,-27.17,4.78,82.84,-93.84,88.28,82.84,84.6,84.6,33.94,1.97,84.6,88.11,-97.58,-2.42,7.53,0.95,30.56,4.3,4.08,47.18,22.98,9.86,52.82,3.08,30.73,11.09,56.03,93.21,75.92,-75.62,75.91,82.99,6.28,3.99,10.81,6.59,6.07,13.14,11.96,5.58,19.19,14.54,4.82,20.81,0.0,0.0,0.0,14.55,48.82,1.18,11.89
Bharuch ,Gujarat,856,919,124,76.66,23.69,960.26,1112.02,98.31,86.1,98.15,97.23,77.69,60.16,98.92,37.36,3.74,74.01,31.52,16.77,2.53,5.03,63.62,36.22,35.73,29.63,0.0,0.65,0.7,4.75,0.0,20.25,10.13,16.22,-72.23,63.37,65.68,84.45,38.36,21.03,96.34,78.81,1724.18,81.72,91.14,49.6,1.72,92.06,19.47,36.05,9.05,-80.02,-92.14,-91.52,-83.82,-83.55,-87.3,-23.75,-10.66,-79.48,79.62,-89.34,-10.66,11.16,0.35,30.66,8.83,7.71,40.87,24.46,7.97,45.48,4.65,30.27,25.49,42.44,81.04,71.56,-77.2,71.77,69.77,7.63,9.51,17.99,10.21,9.45,20.49,14.36,4.04,23.68,16.44,4.67,24.88,0.45,0.0,0.24,11.21,35.09,1.13,7.5
The Dangs ,Gujarat,897,901,130,69.94,28.8,1023.19,1142.82,97.64,96.82,95.89,91.21,71.72,23.39,98.15,44.33,3.51,68.92,20.65,30.21,4.01,13.02,57.37,79.81,69.05,55.7,5.3,0.45,1.07,4.96,0.53,5.09,2.65,39.25,76.53,86.35,90.21,96.76,78.94,56.56,99.45,80.14,663.37,80.14,74.45,64.23,4.44,77.08,7.09,-31.74,5.99,91.34,96.21,94.94,91.34,91.34,91.34,32.78,0.0,89.8,90.02,100.0,0.0,5.08,2.69,37.5,14.67,16.47,37.61,40.9,22.22,53.1,1.11,33.72,8.06,59.77,82.39,77.59,-66.82,77.24,77.14,4.08,2.2,6.67,4.83,3.92,9.15,18.33,4.03,22.94,17.48,5.87,24.07,0.25,0.25,0.45,18.47,44.82,4.63,18.26
Navsari ,Gujarat,893,991,162,77.86,19.55,1056.28,1005.57,100.0,99.15,98.65,97.4,80.12,70.17,95.08,41.96,-0.01,84.05,47.65,15.73,1.39,3.34,77.16,78.19,65.13,52.13,0.84,1.25,0.68,9.29,0.14,6.5,3.7,62.78,87.46,93.42,94.69,97.6,79.06,66.99,97.56,98.23,1188.17,99.57,99.26,49.59,0.74,99.05,26.51,33.27,20.13,94.99,95.49,100.0,94.99,96.87,94.99,41.2,3.22,94.99,95.5,96.96,3.04,6.58,3.89,17.02,0.0,0.0,36.83,28.98,9.33,43.59,3.38,21.79,18.73,59.37,75.26,68.91,-43.34,68.71,72.58,6.18,8.83,16.04,7.18,8.05,16.05,14.87,5.43,23.69,14.82,5.53,22.05,0.5,0.5,0.15,9.0,29.15,1.36,11.81
Valsad ,Gujarat,882,1031,159,79.02,25.24,1009.32,1020.44,96.83,97.97,98.63,98.0,85.31,73.11,95.66,40.58,20.31,82.93,45.59,19.35,1.65,6.45,84.94,76.08,61.86,45.44,0.0,2.0,0.67,11.94,0.28,9.32,5.45,52.67,70.48,88.25,92.48,97.49,76.54,59.13,100.0,95.02,957.77,93.2,96.52,44.74,1.99,98.5,16.9,23.55,10.52,91.07,92.48,98.47,95.3,92.47,93.94,30.68,5.22,89.42,96.57,91.73,8.27,4.94,0.63,29.12,14.49,15.95,37.76,23.17,9.14,34.81,0.33,23.84,21.26,53.34,87.64,75.83,-70.97,75.68,85.77,7.31,5.36,13.62,6.76,9.45,17.16,15.52,5.11,23.76,20.09,7.16,29.25,0.14,0.38,0.14,5.25,32.29,1.46,17.89
Surat ,Gujarat,902,986,195,82.71,23.11,911.62,889.94,99.6,94.74,99.34,98.87,81.95,88.56,96.65,31.55,12.67,84.18,43.95,13.14,1.75,4.35,78.23,78.74,65.56,45.18,0.24,2.66,1.99,14.27,0.14,5.65,1.36,39.78,83.56,92.16,93.4,95.31,73.08,52.74,97.36,96.72,2342.33,95.29,97.69,41.08,1.13,98.82,25.01,34.05,13.97,-92.81,-92.81,-100.0,-92.81,-92.81,-95.2,-37.51,-0.01,-92.81,92.51,-86.47,-13.53,3.12,0.0,44.05,1.94,3.15,36.05,25.97,14.65,32.45,5.3,20.99,25.09,58.31,83.59,69.32,-58.67,68.96,76.23,6.83,6.81,14.61,9.26,6.39,16.13,15.27,4.9,23.43,17.11,3.85,22.6,0.35,0.2,0.36,7.67,32.54,1.59,8.73
Tapi ,Gujarat,904,991,144,66.05,21.03,1075.85,1184.66,95.52,95.51,97.56,99.02,70.21,45.5,97.88,42.32,-4.29,72.02,32.49,25.25,2.05,9.85,63.69,83.12,74.38,60.75,4.39,2.4,0.9,5.48,0.17,3.21,1.14,41.3,71.53,83.15,90.96,94.18,73.64,51.57,99.46,90.04,845.63,89.94,92.93,72.59,1.21,85.16,14.76,-41.74,8.64,-97.54,-95.01,-97.54,-100.0,-100.0,-100.0,-31.42,-0.01,-100.0,88.29,-97.5,-2.5,8.12,1.61,46.8,-3.95,6.72,41.68,36.61,17.12,51.78,1.93,35.4,12.63,57.72,80.74,77.56,-72.0,77.38,72.79,7.14,7.9,15.79,9.1,8.24,18.17,16.69,7.61,25.18,19.76,6.59,27.98,0.14,0.17,0.0,10.8,35.63,2.31,14.51
Ahmadabad ,Gujarat,906,1010,155,79.83,22.05,928.43,993.99,98.36,96.09,99.49,98.73,86.38,89.72,98.68,36.23,6.54,81.47,42.65,17.51,0.48,4.38,66.36,78.99,58.21,30.76,0.0,3.33,3.75,19.74,0.08,6.45,3.37,36.18,76.5,73.51,77.76,85.91,69.04,54.27,98.65,89.97,1279.4,86.44,94.45,46.68,1.24,95.29,32.37,43.84,24.48,-65.23,-76.51,-92.99,-69.06,-79.96,-82.67,-13.24,-2.21,-82.1,85.08,-89.38,-10.62,1.81,0.96,33.9,3.58,2.98,35.45,17.54,7.4,33.97,4.57,19.37,30.12,38.0,72.01,63.49,-70.12,63.7,67.31,10.22,8.27,20.33,11.97,7.23,20.14,8.41,3.3,18.51,8.08,3.46,16.17,0.0,0.0,0.0,6.16,33.41,0.25,3.6
Aravali ,Gujarat,901,1078,187,68.57,25.54,996.23,964.55,93.79,90.82,96.53,98.45,56.32,47.93,93.46,43.89,0.0,71.93,34.67,26.96,2.72,6.65,52.47,68.65,56.34,43.49,0.11,1.52,2.76,8.09,0.0,11.19,4.95,29.98,75.6,62.63,73.84,89.65,55.96,41.37,95.77,87.58,3666.13,85.13,92.18,34.8,2.49,93.02,20.99,27.64,14.73,76.99,86.92,95.21,81.76,87.86,88.12,17.27,5.93,86.44,84.58,92.32,7.68,16.63,1.79,33.02,10.13,9.43,47.08,29.03,9.26,47.24,3.28,34.41,18.05,42.18,89.54,77.11,-82.59,77.27,87.67,6.67,5.24,12.39,7.93,6.55,15.13,11.78,6.87,20.96,15.29,4.87,22.04,0.65,0.49,0.32,9.64,45.83,0.27,5.22
Bhavnagar ,Gujarat,871,950,145,72.03,24.13,941.9,1192.17,96.5,86.31,96.92,95.09,72.87,59.81,87.23,32.17,5.31,74.24,26.25,17.96,3.26,1.49,64.5,45.7,40.51,29.69,0.13,2.97,1.19,6.53,0.0,15.51,6.9,12.64,56.22,76.64,70.9,90.53,45.21,28.61,94.78,87.04,1933.04,90.43,94.18,44.27,2.52,95.97,23.69,31.46,18.04,74.27,-93.99,90.58,75.98,85.22,83.51,14.56,0.0,84.6,83.11,-94.15,-5.85,11.05,1.84,33.87,9.42,11.22,32.63,29.61,6.33,39.53,1.77,20.81,29.35,26.59,71.54,49.09,-56.17,49.42,52.04,8.75,6.35,16.44,6.78,8.76,17.11,9.82,4.14,20.08,11.01,3.43,17.95,0.0,0.0,0.2,9.66,50.88,0.25,4.53
Botad ,Gujarat,866,1032,149,68.86,24.79,974.8,992.28,99.04,92.36,99.27,99.23,71.96,63.03,98.65,37.97,-1.87,71.82,22.0,12.96,2.3,2.22,72.09,49.25,44.64,31.84,0.0,1.96,3.14,7.7,0.0,13.2,6.2,17.43,64.13,82.29,82.71,82.34,54.63,36.71,98.24,85.43,2027.28,86.94,93.45,39.24,3.09,74.52,16.59,25.46,7.11,65.07,77.58,93.96,74.46,76.27,78.17,19.88,1.33,75.18,73.97,94.06,5.94,5.37,0.64,35.88,6.9,8.12,32.17,26.0,9.6,32.33,5.76,19.64,27.34,25.02,75.53,59.14,-48.5,58.75,60.28,8.77,7.08,16.72,8.67,7.38,16.81,6.24,2.95,12.52,6.7,2.53,11.95,0.48,0.0,0.76,5.26,48.91,0.41,1.25
Chhota Udaipur ,Gujarat,896,1035,173,52.33,25.41,1015.86,937.22,98.32,87.35,95.3,97.4,52.95,25.67,94.26,39.95,0.0,53.2,20.25,27.52,2.83,4.33,43.96,77.49,67.28,57.39,0.0,1.69,1.05,5.47,0.26,5.09,3.39,64.2,91.24,81.86,81.22,94.45,59.37,45.45,99.6,91.14,924.32,87.41,85.72,68.78,3.89,88.34,7.54,22.17,5.5,81.69,80.05,98.69,85.66,86.56,89.26,32.55,0.0,85.35,95.99,100.0,0.0,11.28,2.66,24.39,1.24,2.38,48.59,28.37,13.84,48.09,4.84,30.87,7.57,49.22,87.66,79.13,-72.06,78.9,80.31,6.27,3.39,10.42,7.32,5.94,13.77,12.06,5.66,19.37,12.68,3.8,17.45,0.39,0.16,0.39,8.88,47.65,1.33,11.21
Devbhumi Dwarka ,Gujarat,915,1170,198,59.02,24.19,1010.24,955.36,96.58,93.4,98.71,93.91,73.37,61.15,97.51,33.54,1.67,66.09,15.76,11.63,1.36,3.8,65.88,47.7,41.08,19.05,0.0,4.49,6.07,11.07,0.28,15.85,5.96,33.47,65.92,84.05,76.56,90.26,29.07,12.18,98.34,90.1,1463.35,88.25,94.8,37.22,1.97,91.7,17.92,24.48,10.28,73.31,76.96,92.32,81.02,77.21,80.09,28.08,0.0,76.23,77.27,95.74,2.18,9.08,0.0,55.83,3.99,5.84,30.23,26.07,17.19,36.23,4.85,22.35,24.06,50.56,66.65,48.75,-49.08,48.77,50.86,6.41,4.7,13.5,6.46,5.8,13.46,9.69,4.37,18.13,10.97,3.31,17.25,0.35,0.0,0.0,24.19,60.6,0.51,2.64
Gir Somnath ,Gujarat,900,1158,185,65.78,23.4,980.6,920.77,96.76,87.68,99.5,98.2,74.27,46.8,87.55,46.63,16.68,73.12,30.75,9.89,1.95,0.94,74.14,57.83,51.12,39.92,0.0,1.22,0.38,9.46,0.12,12.37,4.76,23.98,48.59,79.19,80.69,89.32,53.48,35.36,95.63,90.84,1193.69,87.65,87.12,34.02,4.8,91.82,17.19,26.46,9.24,69.86,-93.54,98.78,77.11,92.49,81.82,18.77,0.0,92.3,90.62,98.44,1.56,9.89,0.65,37.64,16.01,14.6,44.43,18.53,4.87,30.33,4.97,24.75,17.31,25.15,68.92,49.64,-57.7,49.9,50.88,6.16,6.31,13.2,7.23,6.47,14.22,6.46,3.29,14.03,7.65,3.05,12.25,0.36,0.2,0.0,18.9,60.66,0.37,5.23
Jamnagar ,Gujarat,920,1042,165,72.79,20.95,1003.88,911.83,97.05,98.4,98.92,99.74,86.6,81.56,99.21,38.6,-4.13,83.14,35.26,6.81,2.15,1.02,74.98,85.18,66.52,31.87,0.0,11.39,4.55,18.05,0.4,2.02,0.81,60.81,92.2,91.69,73.78,94.97,52.47,32.92,99.53,92.43,1149.51,86.37,96.49,55.42,0.48,96.22,23.29,32.15,18.19,-78.4,-80.04,-100.0,-78.4,-92.94,-92.71,-33.63,-0.01,-84.63,91.51,-97.61,-2.39,4.04,2.07,44.56,-15.27,10.73,28.35,23.8,12.54,28.86,3.61,17.26,29.54,35.35,74.99,50.57,-43.34,50.22,60.13,8.14,5.93,15.29,8.21,6.51,15.5,8.23,3.19,18.07,7.17,2.89,15.01,0.34,0.34,0.34,7.65,52.03,0.23,1.3
Junagadh ,Gujarat,886,963,164,73.75,21.58,999.37,875.95,97.82,94.29,99.26,97.04,81.68,67.18,97.41,47.25,-5.48,82.79,34.96,11.23,1.55,4.95,75.24,48.01,42.32,25.87,0.14,2.91,1.98,11.14,0.0,13.75,4.03,26.52,-69.0,81.96,72.54,88.17,39.59,28.01,100.0,84.05,1272.22,82.82,97.42,60.32,0.78,97.74,23.0,33.93,17.26,93.47,93.38,95.34,95.02,95.02,96.88,36.26,2.0,93.21,87.94,98.15,1.85,7.52,1.52,32.5,5.17,5.15,37.28,17.32,7.08,26.43,4.37,18.71,33.37,37.71,74.72,58.82,-57.26,58.77,55.45,9.15,7.63,18.54,10.11,8.23,19.25,12.71,5.63,23.25,14.61,3.76,20.82,0.4,0.19,0.4,13.77,54.36,0.17,2.88
Kheda ,Gujarat,890,1029,183,73.95,23.65,934.29,867.86,98.03,90.93,96.9,97.69,63.34,47.95,89.79,32.2,-13.74,70.92,24.19,49.17,1.02,10.43,65.33,29.78,28.65,21.44,0.0,0.98,0.76,5.32,0.0,16.52,7.93,13.79,-49.25,63.98,61.2,83.2,42.44,26.98,98.07,85.07,2371.24,83.19,95.18,47.52,1.95,88.41,18.92,31.06,8.66,68.99,-84.88,90.12,74.34,88.24,86.88,41.09,4.58,81.8,78.09,96.5,1.38,14.09,1.46,25.8,1.62,1.24,37.26,30.88,12.13,39.49,2.51,32.24,17.76,45.04,85.08,76.21,-72.94,76.07,77.55,8.51,6.91,16.04,9.0,7.79,18.21,13.99,6.28,24.03,16.68,4.3,24.53,0.0,0.0,0.0,13.45,45.78,0.46,6.09
Mahisagar ,Gujarat,899,1017,168,66.14,25.39,992.53,963.32,96.26,90.1,95.17,94.79,44.42,47.44,96.57,46.0,3.52,70.89,33.91,30.66,3.47,6.09,59.39,73.34,59.12,44.55,0.0,1.19,3.12,8.68,0.7,6.77,3.12,44.25,83.11,77.21,76.63,89.41,63.25,45.72,97.35,90.9,2087.03,91.12,92.98,26.61,1.94,92.69,16.56,19.31,14.07,79.98,83.41,97.17,84.64,85.9,90.93,35.77,1.49,85.81,86.81,100.0,0.0,14.43,0.94,21.52,1.25,3.04,43.43,26.2,11.97,48.98,2.64,30.69,9.43,42.81,85.86,73.15,-56.5,72.5,79.35,7.03,4.72,12.26,7.26,4.99,13.11,9.95,4.09,16.25,10.44,3.18,14.73,0.6,0.87,0.58,5.02,45.46,0.27,4.11
Morbi ,Gujarat,902,1119,182,70.46,22.57,980.52,858.32,96.07,100.0,99.86,98.33,80.08,73.64,98.11,34.41,0.0,82.42,35.38,8.89,1.74,3.38,66.2,73.29,58.69,26.66,0.22,9.71,4.96,16.93,0.22,10.24,5.74,44.4,81.99,89.83,75.11,89.95,55.83,43.02,96.67,89.92,1369.83,87.78,94.78,30.11,2.36,96.39,20.2,28.68,5.48,64.17,73.47,95.9,67.07,83.09,79.66,25.37,3.86,81.91,82.57,78.32,21.68,3.73,0.92,47.06,9.94,10.16,32.91,25.21,12.51,32.34,3.99,21.18,24.61,38.79,75.33,50.7,-50.11,50.68,61.96,9.69,7.08,17.77,10.4,7.49,18.69,9.33,4.21,18.35,8.99,3.32,15.09,0.16,0.0,0.0,7.26,54.65,0.16,1.87
Panch Mahals ,Gujarat,908,1101,196,70.12,26.3,969.16,878.52,97.56,96.22,95.52,90.95,58.93,43.62,95.42,33.95,4.91,71.67,28.41,34.07,2.92,10.45,61.8,71.37,52.59,40.71,0.0,2.08,2.79,6.03,0.31,6.95,2.43,29.15,68.11,73.96,88.73,92.19,64.21,42.18,96.55,87.97,2680.4,89.22,88.41,24.67,1.65,84.2,9.88,14.36,2.97,95.44,95.44,99.06,96.57,96.85,96.85,36.56,0.0,96.85,87.64,99.06,0.0,13.67,0.93,40.16,3.61,3.04,47.12,35.71,19.65,51.85,3.36,33.05,16.07,50.5,90.95,69.49,73.95,69.75,71.67,8.18,5.08,13.81,8.58,5.93,15.21,14.9,6.37,22.46,20.17,6.48,27.55,0.0,0.0,0.15,7.76,42.2,0.37,7.74
Rajkot ,Gujarat,882,979,159,78.37,21.96,974.72,1049.44,97.12,96.05,99.59,99.5,85.44,83.59,98.59,45.13,2.17,84.68,42.59,12.11,2.27,1.76,84.45,78.82,53.53,26.48,0.13,8.01,2.37,16.54,0.0,6.22,2.4,48.09,86.16,93.96,93.52,94.83,60.61,41.97,98.21,98.05,667.73,98.26,99.28,40.89,0.72,100.0,24.69,34.31,11.39,-84.87,-85.63,-95.75,-89.51,-88.1,-88.84,-37.01,-0.01,-88.1,84.24,-86.81,-13.19,4.34,1.16,45.24,13.64,14.19,38.94,17.55,7.29,37.01,8.12,19.53,27.97,44.17,76.99,60.63,-43.34,60.46,72.66,7.69,7.47,16.56,8.47,6.2,15.4,9.43,2.47,17.75,8.92,2.38,14.49,0.46,0.0,0.11,7.2,53.37,0.12,1.23
Sabar Kantha ,Gujarat,892,1018,152,68.68,26.55,986.84,870.62,94.93,93.78,95.34,90.72,60.97,58.71,94.55,49.32,13.04,74.52,31.1,26.96,4.0,6.11,68.41,66.4,55.51,37.3,0.0,4.32,2.18,10.97,0.12,9.17,3.54,21.82,64.03,70.1,73.24,90.66,52.19,24.58,99.11,86.93,1828.47,83.91,89.43,38.3,2.4,83.03,23.71,37.68,11.61,88.47,89.72,98.61,88.47,93.13,93.13,42.47,0.0,93.13,87.56,98.46,1.54,14.03,0.47,37.06,3.59,5.09,37.01,33.08,16.59,41.0,4.9,26.57,15.48,58.89,81.12,67.94,-49.4,67.31,73.79,8.1,5.23,13.72,8.59,6.84,16.57,14.67,6.59,24.0,16.18,7.55,26.1,0.18,0.18,0.0,6.81,37.76,0.54,6.8
Surendranagar ,Gujarat,869,931,143,66.04,23.65,957.42,992.12,96.7,93.99,99.43,96.88,63.75,56.92,97.55,50.44,0.0,75.07,23.28,19.52,4.51,6.3,52.82,75.99,65.71,47.26,0.13,3.39,4.28,10.34,0.0,8.25,4.0,25.06,75.53,84.01,57.45,90.68,39.59,25.37,98.57,78.36,1720.87,73.35,85.58,45.36,2.87,83.59,12.19,24.39,5.26,62.52,68.44,91.15,67.81,75.2,78.35,31.14,1.56,75.2,79.42,93.69,5.24,8.58,2.9,30.02,0.0,0.85,39.16,27.14,8.77,41.78,5.24,24.09,20.73,32.91,81.01,55.42,-60.83,55.6,56.89,8.51,6.99,16.37,11.27,7.01,19.26,9.94,3.47,17.11,9.14,3.65,14.68,0.0,0.0,0.29,4.7,47.45,0.06,1.27
Vadodara ,Gujarat,855,894,167,82.02,20.99,953.34,1186.27,98.61,96.46,97.28,99.49,85.62,78.1,94.57,41.66,-17.81,84.57,46.41,22.77,1.67,10.31,72.35,58.49,49.06,32.54,0.0,2.8,1.7,12.02,0.0,11.37,6.49,17.46,44.48,80.44,65.92,93.07,53.14,41.31,96.59,90.68,1597.34,88.66,95.92,45.74,1.81,95.19,29.93,44.06,17.09,-84.93,-90.8,-93.17,-84.93,-91.7,-93.17,-27.27,-8.33,-91.7,91.62,-82.56,-17.44,11.79,0.72,44.63,6.63,5.06,42.26,20.06,5.15,39.85,6.43,20.86,27.63,51.24,86.43,72.56,-65.87,72.32,74.29,7.84,7.42,16.61,6.52,7.37,15.1,13.81,4.87,24.26,13.95,5.49,23.75,0.15,0.0,0.46,6.83,29.11,0.39,5.4
Panchkula ,Haryana,679,751,83,81.23,23.09,936.23,853.65,97.23,96.95,99.46,99.2,82.62,81.13,97.64,19.9,-4.47,87.86,60.28,7.4,1.77,1.37,96.15,76.59,58.96,25.22,0.07,3.53,3.0,26.76,0.24,7.01,2.24,23.94,72.3,82.62,76.91,90.29,69.46,54.97,100.0,95.26,4399.03,97.29,96.99,80.99,0.0,96.99,32.65,-48.05,30.82,-85.12,-92.61,-97.1,-85.12,-97.1,-97.1,-52.76,-88.67,-97.1,71.07,-100.0,-0.01,3.17,0.76,73.94,-11.12,10.26,21.76,12.03,4.95,19.26,3.94,14.07,39.86,67.12,53.06,57.44,-43.34,57.06,64.81,6.21,10.45,17.39,8.01,8.99,18.11,14.58,6.32,24.27,18.01,7.0,26.21,0.46,0.28,0.28,0.9,19.52,0.3,20.0
Ambala ,Haryana,902,1139,200,82.24,21.56,929.88,764.46,93.14,87.35,99.61,99.29,87.22,81.59,96.21,18.99,-23.53,88.85,55.34,6.43,2.39,0.75,93.31,69.5,57.61,25.46,0.57,3.16,3.22,23.87,0.54,6.97,2.15,15.62,41.65,76.54,57.39,88.95,51.55,32.08,96.18,86.92,2873.67,86.93,97.83,61.65,0.98,90.95,34.21,45.14,29.0,79.33,86.93,97.67,81.39,93.34,93.29,35.5,76.3,92.76,79.53,92.77,2.87,5.63,5.75,29.22,18.66,17.38,24.11,10.85,3.97,13.73,6.18,14.82,41.62,62.53,64.18,46.51,-33.81,46.06,49.15,3.99,6.29,11.67,5.25,6.5,12.98,15.33,9.37,28.84,19.71,9.08,31.24,2.87,0.86,0.24,0.8,21.96,0.44,18.81
Yamunanagar ,Haryana,916,1154,192,79.05,23.59,922.91,1102.93,98.05,89.87,99.76,100.0,83.54,77.71,94.36,20.62,19.01,87.05,51.18,6.9,1.01,2.34,91.61,79.11,57.98,19.48,0.85,3.35,2.75,30.31,0.26,4.24,1.94,28.03,73.55,87.44,66.42,90.79,58.87,36.31,93.65,88.31,1871.55,85.55,94.79,55.75,0.38,85.95,28.0,33.77,26.58,82.88,85.57,95.81,84.42,90.4,94.09,40.8,80.87,87.56,67.42,95.05,1.79,7.24,6.58,31.67,14.31,12.43,27.73,12.11,4.26,23.08,6.35,13.95,37.95,61.66,72.86,56.34,-62.15,56.57,60.4,5.67,7.7,14.59,6.72,6.86,14.93,15.63,7.22,28.72,17.3,8.74,28.76,2.51,0.74,0.71,1.73,25.28,0.41,19.67
Kurukshetra ,Haryana,888,1140,184,75.32,24.69,941.08,869.18,97.86,86.7,99.59,99.93,82.63,77.58,97.05,19.19,20.02,83.92,48.4,11.68,1.38,3.9,92.34,68.38,62.95,21.98,1.18,4.65,3.77,30.13,0.25,9.45,4.4,20.23,76.02,82.71,59.75,92.13,70.6,51.44,98.22,95.3,1662.18,96.48,98.36,63.05,0.59,97.57,21.94,42.1,11.22,69.77,72.08,96.97,73.61,98.47,94.63,30.88,87.42,91.63,72.61,96.24,3.76,7.71,7.7,41.57,30.92,28.67,24.92,12.8,5.01,22.5,6.99,11.75,37.34,69.58,73.66,57.47,-46.31,57.08,57.72,4.78,6.17,12.53,5.14,4.85,12.09,17.94,7.83,30.38,22.85,9.65,34.42,1.23,0.59,0.32,1.29,24.25,0.21,19.29
Kaithal ,Haryana,737,872,97,66.34,24.4,928.91,804.36,99.64,95.34,99.99,98.45,89.72,55.91,96.97,29.08,4.3,73.95,45.9,11.03,3.67,4.69,92.06,76.52,60.97,36.38,3.0,3.98,1.47,15.39,0.43,4.83,1.73,12.52,58.5,81.39,68.77,96.53,65.98,46.83,97.9,95.27,1037.76,93.9,98.21,65.36,1.45,99.66,24.91,51.98,11.98,-74.26,-86.34,-89.73,-76.43,-91.9,-91.9,-44.7,-88.98,-91.9,70.48,-100.0,-0.01,4.52,1.6,50.2,10.89,10.02,29.89,20.72,9.54,29.86,2.28,16.46,32.66,72.92,61.43,62.45,-43.18,61.52,64.26,8.65,6.54,15.8,9.62,6.52,16.87,9.54,4.27,16.91,13.19,5.21,20.4,0.0,0.17,0.21,1.72,22.64,0.0,13.81
Karnal ,Haryana,918,1237,202,79.15,26.42,969.94,821.11,99.35,91.15,99.24,99.89,83.5,74.08,97.79,24.59,19.16,84.46,46.78,6.61,2.42,3.11,92.89,79.1,67.08,23.43,4.84,3.05,4.84,28.11,0.0,5.37,2.21,36.25,83.89,91.19,84.71,93.48,77.98,53.74,100.0,97.46,1046.8,97.3,98.96,62.47,0.5,98.64,18.71,40.75,6.13,88.85,84.61,100.0,91.42,98.76,98.66,36.12,91.88,97.82,74.7,93.93,6.07,4.41,5.12,46.53,19.12,19.24,29.16,9.78,4.84,20.53,2.93,14.88,36.49,72.55,78.33,62.11,-53.2,61.89,61.51,3.5,4.84,9.43,3.65,4.19,9.02,10.72,3.8,17.64,15.24,4.63,21.21,0.7,0.43,0.43,2.63,26.58,0.3,22.01
Panipat ,Haryana,852,1004,143,78.31,25.98,916.78,937.57,96.41,79.21,99.6,99.85,79.32,72.95,97.19,26.48,2.78,85.89,52.12,11.92,1.59,5.71,94.04,70.13,55.35,22.84,0.45,4.98,2.51,21.89,1.11,7.3,2.82,17.26,62.94,81.35,49.2,85.05,41.07,23.16,93.19,92.83,1717.4,93.22,97.1,52.58,0.88,96.28,20.34,32.38,11.28,80.62,79.43,96.75,82.08,86.95,90.5,24.42,77.05,86.95,52.2,96.63,3.37,8.18,4.65,29.98,9.09,10.32,25.13,9.92,2.77,18.91,2.38,13.7,37.84,51.57,73.41,66.78,-68.97,66.88,66.29,4.93,5.82,12.01,5.08,8.28,13.98,11.34,4.08,21.6,14.96,8.37,25.59,0.96,0.5,0.26,4.62,27.26,0.45,17.64
Sonipat ,Haryana,872,1017,156,78.87,23.51,843.82,906.08,96.73,92.05,99.33,97.17,86.65,69.93,96.63,22.36,6.44,89.13,56.82,15.51,3.15,2.91,97.51,78.72,59.94,30.03,1.01,6.68,3.65,18.02,0.23,4.8,1.37,20.26,58.61,85.83,64.07,90.64,48.88,32.22,96.37,94.51,1532.51,92.47,99.7,62.36,0.0,90.19,16.67,30.84,8.27,-82.99,-77.37,-92.35,-82.99,-90.12,-90.12,-31.11,-83.04,-90.12,53.96,-100.0,-0.01,4.26,4.02,33.87,4.97,5.14,23.6,9.17,5.12,12.68,3.6,13.15,39.25,53.69,68.65,52.97,-60.96,53.28,52.75,6.16,6.37,13.4,6.45,4.85,12.1,12.55,4.46,20.04,15.1,5.83,21.91,0.49,0.31,0.27,2.88,30.69,0.17,17.94
Jind ,Haryana,861,1053,159,71.41,25.84,976.78,849.93,94.9,92.95,99.98,96.17,88.52,42.11,95.86,23.68,0.0,83.56,45.28,8.68,1.18,1.93,96.2,79.21,65.15,39.54,1.03,8.58,2.73,12.37,0.37,5.35,2.61,25.14,76.21,82.57,49.63,88.68,46.86,27.5,95.38,96.39,1669.83,94.45,98.68,66.53,0.63,98.95,14.47,23.11,10.59,77.54,-83.33,96.26,86.24,88.06,84.22,32.54,78.41,88.06,60.26,100.0,0.0,5.11,0.72,22.62,11.12,10.47,25.48,8.78,1.55,22.86,2.49,18.93,32.33,51.44,68.87,59.51,-62.72,59.61,50.68,6.11,5.07,12.07,7.49,7.26,15.39,9.36,4.53,16.52,13.92,6.01,21.85,1.99,0.93,0.36,2.51,35.25,0.0,16.94
Fatehabad ,Haryana,753,899,145,67.25,24.09,908.38,901.33,98.66,92.69,99.77,99.76,87.3,43.74,94.28,29.43,7.07,73.2,41.51,11.68,2.84,2.05,96.74,75.84,62.86,39.06,0.61,5.04,2.1,15.55,0.14,4.58,2.16,29.05,70.76,91.25,60.08,92.28,60.33,41.46,98.05,96.92,1011.89,94.41,97.94,58.91,0.3,97.94,22.16,38.4,12.18,90.73,96.71,96.84,90.73,93.75,93.75,30.99,90.73,93.75,67.78,98.34,1.66,3.6,0.63,30.49,12.8,11.17,24.62,16.01,5.26,26.55,1.06,19.84,29.81,53.96,59.3,62.45,-59.01,62.3,66.49,6.61,8.81,16.09,7.37,9.12,16.95,9.73,4.96,17.5,12.18,6.49,20.11,0.68,0.0,0.21,0.79,23.53,0.5,14.16
Sirsa ,Haryana,483,588,28,68.26,22.6,909.36,787.02,100.0,-81.58,99.89,99.25,81.94,38.82,95.71,26.64,-6.82,73.12,44.65,8.88,1.54,5.64,95.3,74.0,64.18,40.39,0.0,4.03,1.69,17.95,0.13,8.27,4.17,12.11,-56.11,93.91,61.91,96.55,44.19,29.65,100.0,97.41,1704.97,98.41,99.34,67.32,0.0,99.34,27.21,-53.82,14.81,68.58000000000001,66.06,92.52,73.14500000000001,80.72,82.19,23.525,5.54,77.60499999999999,73.41,93.65,0.0,5.15,0.93,39.94,-6.8,-9.11,24.98,12.61,5.09,23.44,0.72,20.8,29.26,63.69,70.06,62.09,-43.34,61.89,64.86,6.16,8.63,15.39,10.33,12.53,23.6,10.41,5.06,19.87,15.87,8.48,26.8,0.0,0.0,0.61,1.1,21.74,0.28,12.93
Hisar ,Haryana,832,1016,152,69.29,25.77,939.23,856.38,98.78,82.64,99.74,99.33,89.11,44.8,95.75,27.88,3.26,79.76,43.85,8.88,3.37,3.61,96.41,74.42,64.55,42.85,0.29,4.89,2.56,13.05,0.54,8.9,3.11,24.43,69.59,91.24,69.91,97.76,54.37,34.37,99.44,93.26,975.1,93.58,98.23,46.1,0.89,98.83,18.23,23.68,12.77,85.53,-90.6,100.0,87.03,95.35,97.05,38.88,97.05,95.35,63.99,94.18,4.69,4.66,2.17,47.11,3.0,2.62,27.79,16.42,5.13,21.44,1.8,18.46,30.15,56.42,70.5,64.01,-58.68,63.76,63.55,7.09,5.01,12.59,8.19,7.91,16.7,9.52,6.6,19.39,17.3,9.02,28.63,0.0,0.0,0.17,1.83,34.53,0.2,14.17
Rohtak ,Haryana,826,978,139,79.58,23.7,941.99,880.47,97.02,88.79,99.65,98.45,90.01,67.27,94.95,24.78,5.08,88.53,55.91,12.4,1.89,1.68,98.27,74.41,62.99,34.22,0.4,7.82,2.82,15.98,0.0,8.51,3.73,19.46,71.03,86.43,72.28,96.89,56.44,34.53,96.77,96.19,1957.36,96.07,97.39,62.06,0.0,96.72,19.85,37.13,10.84,77.42,88.13,88.22,84.68,84.4,83.12,22.08,78.06,84.54,71.37,96.47,3.53,3.77,1.93,49.22,7.05,5.95,28.86,12.54,2.87,22.06,4.06,15.9,35.9,58.62,76.18,64.8,-77.09,65.29,63.11,6.55,5.75,14.27,7.04,6.58,14.8,10.58,5.62,20.73,15.78,6.54,24.5,0.37,0.17,1.06,2.75,30.51,0.27,17.63
Jhajjar ,Haryana,800,911,142,77.26,22.95,981.67,1281.55,97.13,92.7,99.84,96.6,91.68,55.9,96.32,26.99,-1.79,89.14,62.66,7.72,1.24,1.29,97.4,80.2,61.96,33.83,0.73,7.23,2.33,17.05,0.11,4.58,2.05,23.2,60.75,87.32,60.13,88.16,58.74,41.46,98.7,96.04,3315.74,96.15,97.2,60.62,0.3,97.19,21.28,37.26,12.62,90.86,84.12,96.91,90.86,95.85,96.52,23.88,90.56,94.04,69.51,100.0,0.0,3.7,0.31,36.03,16.95,15.39,15.59,8.0,3.52,9.67,6.25,10.07,43.47,55.11,76.86,59.92,-65.67,60.14,65.19,5.05,4.47,10.22,5.3,5.94,11.79,11.05,7.74,20.95,17.61,7.73,26.77,0.78,0.21,0.21,2.57,34.07,0.12,14.72
Mahendragarh ,Haryana,890,997,164,69.96,22.27,935.56,962.0,96.22,84.34,99.6,99.71,79.78,34.16,97.35,25.61,7.03,82.73,52.42,13.38,0.38,9.55,95.69,70.19,63.22,45.89,0.4,3.3,3.16,9.83,0.23,9.34,5.26,36.9,64.47,88.14,55.2,89.36,48.51,28.4,97.54,87.99,2496.94,90.38,98.91,65.33,0.72,98.85,22.62,36.49,15.86,73.86,-70.07,94.28,75.97,86.37,87.6,30.01,82.49,84.24,62.47,-97.8,-2.2,4.73,0.76,51.82,8.85,8.73,25.15,8.38,2.09,15.35,4.96,14.28,29.51,69.44,72.32,61.15,-62.83,61.22,67.25,4.96,5.11,10.33,5.63,6.03,12.29,13.74,4.99,21.57,15.81,8.08,25.8,0.13,0.13,0.13,2.31,32.89,0.37,13.91
Rewari ,Haryana,883,1021,150,74.55,22.64,884.53,787.38,96.1,84.24,100.0,99.73,86.4,54.92,97.67,25.33,10.23,87.41,58.72,5.75,0.37,4.72,94.82,70.61,64.38,37.67,1.16,3.36,5.44,14.7,0.69,8.5,4.21,32.88,70.38,85.72,63.78,94.41,45.76,29.1,99.43,90.47,1464.13,89.73,98.71,53.86,0.0,98.34,25.98,44.1,11.51,79.33,-83.59,92.58,83.52,90.19,90.19,36.29,78.54,90.19,83.15,93.53,3.25,2.71,0.0,47.36,5.52,6.09,25.93,9.28,4.24,20.46,5.36,11.65,28.3,77.97,71.33,61.91,-59.34,61.84,71.84,4.01,3.84,8.22,5.19,4.85,10.92,15.69,6.81,24.07,16.87,8.98,26.5,0.0,0.0,0.0,4.38,33.47,0.29,19.1
Gurgaon ,Haryana,800,849,98,80.93,24.72,871.09,858.4,84.13,91.11,99.44,99.65,84.54,80.95,97.59,34.62,4.94,87.07,59.55,20.68,1.85,6.89,96.03,70.27,61.16,34.62,0.12,5.98,1.46,18.51,0.0,7.84,3.06,29.2,-74.42,86.17,48.12,96.08,47.81,16.78,93.79,87.68,1389.15,87.62,96.67,56.94,0.51,97.18,18.57,36.18,7.37,-58.66,-80.05,-92.96,-68.37,-70.06,-81.8,-43.68,-67.58,-70.06,54.81,-94.01,-5.99,4.46,0.0,44.27,11.8,10.13,22.05,15.71,4.22,22.23,2.56,9.02,24.32,64.67,67.72,68.04,-55.86,67.48,77.62,7.44,5.05,13.46,9.75,5.06,15.39,10.72,3.96,16.51,17.19,4.46,22.41,0.0,0.26,0.0,2.86,32.62,0.49,18.51
Mewat ,Haryana,890,1078,159,51.15,40.63,914.04,891.29,84.85,66.77,98.63,97.06,71.67,22.01,93.38,11.49,1.74,45.06,13.89,28.69,7.27,7.6,58.08,37.83,28.17,11.16,0.12,2.34,3.25,6.12,2.62,19.63,11.3,29.83,62.22,70.94,45.88,84.81,18.3,5.68,95.99,65.91,1031.42,66.86,74.63,59.15,5.25,77.75,4.16,15.23,3.05,53.77,63.45,87.16,57.75,68.33,65.69,21.03,48.95,66.44,59.15,97.67,0.0,4.07,0.68,54.99,11.84,12.96,44.38,14.23,7.09,37.31,3.52,19.24,14.85,82.57,76.43,61.07,55.23,60.57,66.4,2.93,2.72,6.04,5.07,2.7,7.93,10.59,2.89,15.52,14.57,3.72,19.24,1.26,0.49,0.75,4.74,36.51,0.33,5.47
Faridabad ,Haryana,857,1033,184,80.49,24.96,889.86,954.65,95.61,77.51,100.0,97.85,84.16,89.26,95.41,32.8,10.74,84.39,55.55,15.33,1.43,2.77,95.45,77.48,58.21,22.42,0.56,5.68,2.37,23.93,0.37,7.38,3.31,23.79,91.7,85.55,51.23,81.43,44.57,25.01,95.01,93.5,1590.91,93.28,92.49,42.88,1.4,93.93,23.47,39.64,8.87,69.49,73.21,95.37,74.42,83.58,85.1,22.26,69.53,83.58,59.35,94.82,5.18,4.71,1.19,37.21,12.34,11.71,28.86,7.97,3.59,19.47,2.43,9.99,37.05,68.05,68.44,54.79,-30.9,54.2,55.89,3.77,5.27,10.0,5.06,5.51,11.64,15.22,5.3,23.33,18.78,6.0,26.15,0.99,0.0,0.21,2.65,22.95,0.51,13.63
Palwal ,Haryana,897,1166,191,66.99,31.29,942.91,884.3,92.05,71.09,98.86,96.69,80.3,34.62,95.33,23.51,3.47,71.14,39.4,23.75,4.2,4.72,91.36,71.23,54.21,31.85,0.43,6.91,2.78,10.22,0.68,7.99,3.13,25.15,77.33,81.22,53.41,81.87,32.07,20.53,96.76,82.69,1584.07,83.01,78.34,46.49,4.42,83.24,11.65,27.28,6.38,69.03,74.39,94.05,74.98,82.18,86.71,21.56,71.5,81.29,57.38,97.6,1.21,5.57,2.14,36.93,20.49,21.15,30.95,9.89,4.17,21.02,3.68,15.79,27.38,59.85,71.57,57.2,-56.78,57.18,59.67,3.12,4.52,8.61,5.29,5.34,11.09,14.01,6.17,21.94,16.48,5.88,23.2,0.55,0.17,0.43,6.96,30.94,0.11,13.34
Bhiwani ,Haryana,855,1046,143,70.2,24.81,984.94,898.8,92.36,89.46,99.97,97.51,89.67,36.55,94.52,28.24,3.98,80.03,47.02,15.03,2.88,3.36,95.5,71.99,67.15,49.69,0.41,3.62,2.06,11.09,0.13,9.32,4.57,32.98,66.39,89.03,60.36,92.69,53.3,30.29,93.29,91.48,1078.99,91.17,97.7,49.34,0.76,97.82,13.1,19.12,7.81,72.51,80.43,95.25,78.6,93.18,95.69,28.04,79.74,89.3,63.62,100.0,0.0,5.76,0.29,48.89,9.56,8.44,29.0,6.03,1.9,20.64,0.99,19.53,28.06,56.63,69.21,66.8,-54.12,66.43,67.1,5.35,4.46,10.2,6.22,4.72,11.33,12.3,3.86,18.69,16.25,7.29,24.81,0.95,0.13,0.33,1.77,34.6,0.13,14.23
Charkhi Dadri ,Haryana,838,960,113,69.56,23.38,963.6,1006.84,92.16,93.93,99.48,97.32,90.4,36.23,95.45,29.71,11.6,84.41,54.45,11.8,1.74,3.13,96.31,69.37,61.31,42.62,0.58,3.98,1.59,11.8,0.0,11.11,5.17,30.6,65.55,82.63,53.44,87.71,48.9,30.91,95.31,93.88,1606.81,91.86,98.94,55.94,0.74,99.68,14.18,18.05,11.47,84.16,-89.29,92.36,86.1,92.57,94.84,34.57,85.07,92.57,68.26,-100.0,-0.01,4.06,0.33,55.27,13.08,11.51,23.91,10.64,2.58,16.87,1.76,16.96,28.75,56.99,67.21,73.07,-62.4,72.64,71.11,5.2,4.65,10.33,6.69,6.37,13.43,13.69,4.73,20.61,16.94,4.16,22.85,0.0,0.0,0.0,1.89,38.27,0.12,11.96
Chamba ,Himachal Pradesh,907,931,109,70.13,25.13,1073.13,1000.95,96.69,97.48,99.09,85.53,86.54,34.96,99.14,26.79,-13.98,84.09,50.92,3.76,1.89,1.99,87.25,81.83,65.18,24.43,18.44,0.18,0.86,19.32,0.0,6.22,2.87,31.8,-71.7,75.09,62.71,94.04,65.38,37.43,98.74,72.94,4252.41,70.79,72.04,64.88,3.95,74.12,10.52,39.56,8.79,-100.0,-100.0,-100.0,-100.0,-100.0,-100.0,-52.85,-100.0,-100.0,77.76,-100.0,-0.01,1.98,1.58,43.62,18.09,19.87,42.56,15.39,5.78,25.96,9.0,14.62,23.21,61.11,46.54,43.94,-38.29,43.71,47.42,5.35,4.41,10.63,6.1,4.98,11.48,11.91,3.51,17.76,19.26,2.75,23.15,0.18,0.0,0.0,2.46,40.28,0.6,40.46
Kangra ,Himachal Pradesh,887,930,123,84.08,21.09,1050.7,795.2,98.06,90.77,99.66,98.57,73.33,49.14,98.71,36.36,1.23,94.43,69.85,1.53,0.97,0.82,88.99,59.05,52.0,32.56,0.45,1.29,1.13,16.41,0.0,11.82,3.64,15.78,52.24,51.45,56.28,78.81,63.38,38.46,96.36,88.66,2087.39,85.87,90.17,74.97,1.96,87.54,28.23,-75.89,22.27,-83.88,-92.02,-97.43,-83.88,-97.43,-95.22,-28.71,-86.05,-97.43,79.02,-95.45,-2.44,5.02,0.44,43.32,-15.48,18.57,28.0,19.44,7.72,32.0,2.34,15.15,30.95,60.92,55.25,63.72,-43.34,63.39,57.71,7.38,7.92,16.36,6.04,8.35,15.69,13.37,6.76,24.94,17.52,5.05,26.57,0.18,0.22,0.0,1.18,32.86,1.12,34.1
Lahul & Spiti ,Himachal Pradesh,875,698,113,65.61,17.78,1077.18,1181.73,98.89,92.3,99.8,89.24,61.69,71.73,99.24,31.15,-9.64,86.22,55.91,11.17,1.54,3.1,90.94,78.51,66.26,27.52,13.32,4.38,1.59,18.08,0.86,5.71,1.38,16.35,46.38,62.35,65.63,95.43,72.74,47.96,99.36,81.08,3532.76,81.03,86.39,75.93,2.29,86.65,17.73,39.56,16.37,-77.85,-100.0,-97.48,-79.79,-92.67,-92.9,-26.66,-85.91,-92.67,74.51,-95.49,-4.51,6.53,1.27,57.13,21.69,19.67,28.46,16.29,10.32,18.44,7.44,9.91,26.94,61.88,90.96,82.34,-43.34,82.05,85.77,4.06,2.26,6.74,4.28,2.83,8.5,8.7,3.59,14.98,11.59,5.57,19.22,1.21,0.19,0.36,1.7,33.49,1.82,47.87
Kullu ,Himachal Pradesh,883,892,128,77.36,21.78,1008.03,1016.53,96.08,88.51,99.17,94.26,81.15,64.97,99.75,26.77,7.75,87.36,54.43,8.71,0.94,4.72,85.7,78.25,67.54,32.57,9.67,0.91,2.83,20.92,0.31,4.98,1.39,16.78,-69.69,62.06,59.99,91.77,61.86,43.38,99.29,84.63,2919.02,86.57,86.95,66.8,2.5,88.14,13.59,-35.08,9.77,80.18,-94.97,93.76,82.46,91.48,91.48,53.25,87.37,91.48,85.23,92.9,2.84,8.5,0.5,50.68,26.72,28.74,35.94,16.07,5.76,25.58,11.21,11.0,29.78,65.15,75.27,53.72,-23.14,52.82,55.54,3.89,4.31,9.36,4.72,3.6,9.08,10.25,2.92,17.42,15.11,3.55,20.55,0.65,0.56,1.41,1.43,33.61,0.95,33.65
Mandi ,Himachal Pradesh,902,878,112,79.24,22.32,1159.46,839.74,99.26,95.55,99.5,96.46,86.98,38.59,98.91,41.33,-2.63,93.96,71.84,6.27,0.8,6.25,92.41,81.4,71.26,50.52,1.4,0.58,1.06,17.57,0.13,7.07,2.81,14.21,44.78,81.2,70.25,95.52,68.38,39.93,100.0,84.16,2859.42,83.21,86.58,77.44,1.41,86.37,15.98,39.56,14.77,-94.12,-98.0,-100.0,-94.12,-100.0,-100.0,-56.58,-95.85,-100.0,72.82,-100.0,-0.01,2.59,0.44,45.5,-23.24,24.35,31.34,19.85,7.97,21.29,6.96,12.75,31.57,67.45,52.23,49.02,-43.51,48.85,49.92,6.87,5.43,13.23,8.1,5.77,15.27,10.84,4.21,20.84,15.66,4.73,23.81,0.52,0.35,0.16,1.42,31.74,0.59,34.98
Hamirpur ,Himachal Pradesh,881,797,87,86.66,20.32,1181.58,1073.02,96.39,96.88,99.66,98.0,85.48,44.73,99.17,32.03,3.53,94.84,76.12,3.53,0.55,2.75,94.34,57.72,51.41,34.98,1.14,1.3,1.1,12.42,0.0,12.56,4.46,17.28,-32.7,67.45,59.43,82.79,69.86,33.47,97.81,88.85,4228.77,96.82,97.6,75.12,0.0,92.38,21.27,-42.73,15.53,-74.25,-100.0,-88.6,-74.25,-82.96,-85.2,-40.87,-77.06,-82.96,79.98,-97.04,-2.96,12.42,1.14,38.06,-31.67,-31.82,27.27,14.91,4.93,23.58,0.79,17.21,37.11,59.59,51.98,49.41,-43.34,49.45,48.24,7.46,10.56,19.15,7.98,10.81,21.15,13.65,6.78,28.14,22.59,7.07,35.19,1.03,0.38,0.19,0.66,33.02,0.26,29.16
Una ,Himachal Pradesh,860,876,104,86.1,21.8,1026.03,872.55,95.53,92.89,98.5,98.77,81.38,46.2,98.61,22.56,4.42,92.52,66.82,1.64,0.0,2.13,93.71,53.32,45.88,26.28,0.16,2.43,2.28,14.56,0.0,15.8,4.95,14.84,-71.42,70.71,71.66,86.67,46.49,36.01,99.37,84.87,4902.56,87.11,89.65,52.18,2.48,89.9,39.08,58.12,33.16,-75.33,-93.82,-100.0,-77.63,-88.18,-90.54,-37.04,-72.15,-87.95,79.13,-96.58,-3.42,9.24,0.39,16.41,9.06,8.77,24.69,13.07,5.89,25.79,2.76,16.3,41.17,58.2,58.73,60.76,-60.44,60.75,62.96,8.34,10.3,20.07,8.14,11.18,20.36,11.74,6.4,27.1,18.36,5.22,27.15,0.53,0.9,1.7,0.76,31.01,0.19,23.92
Bilaspur ,Himachal Pradesh,898,896,117,81.25,22.11,1095.52,874.7,96.93,93.35,99.97,92.85,80.82,35.78,98.67,35.41,3.53,91.23,64.24,10.03,0.5,3.19,94.41,80.79,70.31,53.05,2.47,0.44,1.45,12.35,0.15,7.23,2.43,25.02,49.82,76.44,81.35,92.4,72.36,48.92,99.28,92.92,3359.9,89.96,91.7,72.11,0.47,87.62,19.22,-26.23,19.53,-100.0,-100.0,-100.0,-100.0,-100.0,-100.0,-57.94,-90.3,-100.0,75.42,-100.0,-0.01,6.28,0.0,51.07,-11.57,10.57,40.06,11.96,2.78,38.77,5.02,17.53,29.14,53.15,44.82,53.43,-43.34,52.99,55.49,9.34,7.95,17.88,9.77,9.1,19.88,11.49,4.27,22.05,12.06,4.6,20.29,0.39,0.0,0.17,1.75,33.31,0.3,26.19
Solan ,Himachal Pradesh,883,855,148,82.42,22.27,946.67,881.95,99.53,96.31,99.21,96.47,81.76,62.46,99.09,41.86,-7.51,90.98,62.34,13.34,3.34,5.75,94.42,84.58,65.46,41.73,1.69,0.64,0.88,19.03,0.0,2.87,1.79,21.77,71.59,87.1,88.17,95.22,74.56,51.23,98.63,85.93,5400.68,88.74,90.22,67.95,2.05,86.84,25.15,-39.71,24.0,-92.64,-100.0,-97.64,-92.64,-94.95,-94.95,-60.11,-94.95,-97.64,78.48,-97.01,-2.99,2.96,3.96,56.9,-15.36,19.03,32.32,20.94,5.58,26.65,5.66,11.88,29.73,61.78,50.41,48.35,-30.52,47.51,44.33,5.11,4.29,10.8,6.18,5.85,13.38,12.45,5.39,21.71,13.97,6.54,22.29,1.32,0.71,0.31,2.86,29.03,0.52,27.35
Sirmaur ,Himachal Pradesh,906,1044,167,75.65,25.51,922.93,925.05,97.54,95.65,99.24,95.69,84.27,46.8,98.54,26.19,1.81,84.93,55.64,4.97,2.37,1.75,92.86,86.85,74.51,44.16,1.35,1.3,1.94,25.77,0.0,3.1,1.64,24.88,76.46,91.03,85.23,98.81,76.02,54.46,100.0,88.7,2585.66,85.54,87.41,70.05,0.48,88.19,16.68,56.54,9.8,93.92,93.72,100.0,96.77,97.15,100.0,39.99,92.18,97.15,75.12,100.0,0.0,3.3,2.82,67.88,11.52,9.91,28.62,18.53,9.09,24.18,6.6,16.13,23.16,61.51,58.47,50.24,-46.29,50.13,54.08,4.54,4.08,10.08,4.49,4.41,9.87,10.91,4.48,19.09,14.53,4.15,20.77,0.0,0.0,0.0,4.1,27.26,0.33,22.19
Shimla ,Himachal Pradesh,904,864,126,81.63,18.97,955.96,807.95,99.07,96.33,100.0,97.29,87.25,78.02,99.92,37.07,-8.97,93.36,69.7,6.11,0.92,6.1,93.35,89.09,75.98,36.83,4.08,1.27,1.84,31.19,0.36,3.82,1.28,29.08,-76.91,83.08,85.31,95.46,77.16,53.34,100.0,91.6,6658.44,91.24,92.23,81.88,0.67,91.33,12.85,39.56,13.94,-96.53,-98.18,-100.0,-98.32,-98.32,-96.53,-28.11,-81.16,-98.32,73.85,-97.06,-2.94,1.58,3.79,39.7,-21.0,18.33,27.07,15.49,7.79,14.93,8.05,9.94,28.4,63.32,59.05,46.65,-43.34,46.49,51.91,4.8,4.31,10.4,7.65,4.72,14.06,10.67,3.98,19.92,16.25,4.78,23.51,3.54,1.06,0.0,1.53,31.69,0.45,34.39
Kinnaur ,Himachal Pradesh,912,707,143,73.8,19.11,967.22,690.56,96.74,96.83,99.58,96.94,80.06,70.38,99.47,35.91,-8.64,89.11,56.09,27.87,2.52,9.25,95.87,83.36,76.66,26.74,14.44,8.8,4.84,21.04,0.44,4.08,1.83,19.32,67.67,77.79,75.32,91.29,68.68,45.2,97.52,83.42,3884.29,85.59,82.72,76.35,1.79,84.12,18.59,39.56,19.63,-91.73,-91.73,-97.67,-94.06,-94.06,-96.44,-37.14,-94.06,-94.06,82.4,-100.0,-0.01,7.35,0.81,59.53,-4.28,6.76,32.16,11.3,4.26,18.92,8.99,9.86,26.36,59.49,75.57,52.2,-43.34,51.72,52.4,3.5,3.33,7.93,3.99,2.26,7.3,11.28,3.81,18.49,15.05,5.59,22.76,0.82,0.23,0.0,1.99,44.13,0.87,50.57
Kupwara ,Jammu & Kashmir,904,1233,175,68.7,26.67,987.28,939.81,98.62,74.18,99.29,88.0,67.68,61.99,98.53,10.36,1.47,76.01,44.92,3.09,1.64,0.0,48.73,64.5,56.51,25.72,0.28,6.83,11.57,9.37,2.21,5.94,3.05,8.85,64.55,83.65,89.24,96.76,29.16,8.49,99.27,90.49,5108.06,89.59,97.06,88.74,1.98,99.04,51.71,-80.73,50.7,93.19,100.0,98.3,93.19,96.48,98.3,42.42,0.0,96.48,89.01,100.0,0.0,9.04,8.88,46.54,17.25,17.04,24.89,25.06,14.67,25.52,8.8,5.06,21.27,95.28,78.79,75.6,45.72,73.46,80.99,3.57,1.49,6.53,4.71,1.89,7.92,10.49,2.07,18.13,11.51,2.66,18.85,0.78,0.4,0.4,6.8,49.84,0.0,0.16
Badgam ,Jammu & Kashmir,911,1200,172,62.53,22.32,936.91,843.48,98.83,76.42,99.47,95.75,77.01,71.12,98.93,5.22,0.0,74.12,48.18,1.54,0.0,1.03,75.34,59.91,57.72,18.96,0.0,7.4,8.39,12.45,9.83,4.19,2.12,13.68,55.38,83.28,66.5,97.48,25.37,12.43,93.36,88.66,5525.48,86.32,96.47,94.31,2.01,98.48,42.17,39.56,42.95,-92.53,-95.46,-100.0,-92.53,-95.72,-95.72,-50.37,-11.69,-95.72,93.48,-100.0,-0.01,6.26,5.1,67.37,8.42,14.2,26.81,18.86,9.09,20.64,11.08,4.73,25.28,86.37,85.04,74.96,56.97,73.89,83.66,2.87,2.78,7.31,3.11,2.8,6.91,10.94,4.47,19.86,11.03,3.72,18.58,0.21,0.15,0.0,5.39,42.92,0.03,0.22
Punch ,Jammu & Kashmir,918,1182,168,72.14,27.2,945.63,1175.33,96.41,82.05,99.74,76.75,66.69,44.62,98.92,11.08,0.0,79.25,46.76,5.36,1.3,0.54,76.01,58.8,53.26,12.22,0.4,8.22,11.83,10.12,9.25,8.41,5.43,15.09,69.97,80.53,86.38,94.44,20.55,11.31,97.96,81.71,3640.97,78.91,85.99,84.21,8.82,93.76,30.92,39.56,34.6,91.15,92.11,96.95,95.64,98.47,95.67,23.59,6.14,97.12,81.03,100.0,0.0,5.97,3.83,62.18,9.74,9.55,25.89,15.62,6.56,18.8,4.53,6.76,16.21,91.21,54.27,56.28,24.91,54.07,74.52,3.03,4.05,7.84,3.19,2.88,7.03,11.36,1.85,17.89,11.73,1.61,16.32,0.0,0.38,0.56,2.29,38.76,0.31,2.37
Rajouri ,Jammu & Kashmir,917,1183,181,72.56,26.35,901.39,968.38,97.75,74.23,99.95,77.71,63.32,42.76,96.04,16.41,0.0,79.41,46.38,12.23,0.33,4.06,53.14,65.87,56.24,24.16,0.0,6.96,14.37,6.27,3.48,5.68,3.78,6.42,53.7,82.51,71.86,94.32,17.35,3.77,95.43,78.67,4199.03,75.84,88.81,84.92,5.6,94.42,28.97,39.56,30.68,94.99,98.08,100.0,94.99,98.18,96.92,44.57,12.38,98.18,81.04,96.77,3.23,10.66,6.06,45.62,6.98,7.65,30.27,22.47,12.02,32.43,5.2,4.77,22.69,86.49,76.37,61.97,41.79,60.64,71.96,4.71,2.64,7.97,5.42,2.44,8.4,11.33,2.7,16.54,9.62,2.42,13.83,0.19,0.21,0.0,3.18,44.8,0.11,8.16
Kathua ,Jammu & Kashmir,903,1064,149,77.43,19.75,893.61,1100.27,99.6,-68.69,99.65,96.13,75.38,68.49,98.0,6.96,-0.01,87.65,64.85,1.44,0.0,0.0,85.38,74.88,72.71,40.08,0.66,1.07,3.65,25.92,0.46,4.17,3.57,28.69,74.53,83.21,31.61,89.37,32.61,20.05,98.09,81.15,5660.71,77.05,97.08,93.83,1.92,98.52,29.9,39.56,28.92,-100.0,-100.0,-100.0,-100.0,-100.0,-100.0,-37.89,-0.01,-91.78,88.29,-100.0,-0.01,2.14,1.03,67.46,-17.8,-24.61,21.8,22.53,13.05,25.87,18.57,5.3,38.15,96.63,67.02,55.21,28.44,53.59,71.8,7.83,3.26,12.44,9.09,2.32,11.84,15.29,1.89,18.91,19.44,2.18,23.57,0.84,0.35,0.78,2.07,33.26,0.45,21.07
Baramula ,Jammu & Kashmir,908,1329,166,62.91,24.81,954.89,952.32,93.8,61.79,98.71,93.33,77.73,76.48,99.05,6.53,3.22,67.89,35.89,3.75,1.94,0.0,61.97,31.14,28.17,14.1,0.0,2.09,4.95,4.45,1.59,15.74,7.39,11.9,55.91,84.03,75.19,88.2,22.43,13.08,95.98,80.1,9853.32,75.98,96.24,86.78,1.81,96.95,51.11,-85.07,49.62,73.7,98.2,91.53,76.59,87.23,84.07,24.72,4.18,85.98,83.35,96.79,1.69,9.93,3.84,54.39,19.76,19.94,23.15,18.2,8.76,17.31,8.03,10.62,31.12,78.31,70.39,73.13,-56.04,72.47,75.34,4.5,3.81,9.95,3.8,3.27,8.26,13.59,3.88,23.71,11.68,3.16,19.0,1.8,1.65,3.96,6.52,34.65,0.18,1.22
Bandipore ,Jammu & Kashmir,904,1263,177,62.43,25.48,969.88,999.7,86.96,75.34,98.97,89.79,66.83,77.85,98.51,9.07,3.44,66.57,35.87,1.76,0.84,0.0,64.43,41.38,34.57,18.13,0.28,1.7,6.33,6.28,1.55,13.75,5.45,11.95,61.09,82.92,82.62,91.1,21.86,8.77,97.49,82.6,6398.63,81.92,92.76,82.21,1.7,93.73,48.1,-49.24,52.18,90.3,-92.11,93.41,91.63,90.3,93.41,39.93,7.85,90.3,84.51,97.88,0.0,7.96,4.78,37.9,19.86,21.72,25.24,13.97,4.56,16.8,11.41,10.43,28.2,89.84,75.08,74.26,-55.31,73.72,73.18,2.94,4.18,8.65,3.54,3.73,8.0,8.81,5.03,21.44,8.66,3.32,17.36,1.0,0.44,0.23,9.06,40.09,0.14,0.39
Srinagar ,Jammu & Kashmir,889,1030,138,68.21,20.16,971.55,924.32,99.5,91.7,100.0,98.45,86.78,98.44,98.95,17.87,-0.01,78.42,60.52,1.74,0.46,1.61,84.79,56.47,52.16,23.32,0.69,11.19,5.13,5.14,5.4,4.7,1.96,9.67,78.71,95.15,85.12,92.35,34.05,24.7,97.79,90.88,4589.33,88.83,99.21,88.68,0.0,99.21,59.35,-91.34,56.08,-90.93,-100.0,-95.73,-90.93,-95.73,-95.73,-34.78,-7.37,-95.73,85.15,-100.0,-0.01,1.21,2.21,69.18,12.11,10.93,32.96,18.57,7.63,15.78,12.72,3.51,27.75,92.23,76.97,52.52,38.77,51.65,69.88,3.46,2.52,7.42,2.56,2.43,5.68,9.88,1.63,20.07,10.39,1.57,18.05,0.21,0.0,0.0,1.92,36.52,0.0,0.35
Ganderbal ,Jammu & Kashmir,900,1202,158,60.2,25.11,930.53,816.39,91.0,67.12,99.52,97.15,78.44,84.44,97.66,8.3,1.19,63.99,34.25,5.3,0.29,0.41,69.76,34.37,27.65,14.65,0.28,0.83,3.81,6.5,1.02,14.14,6.02,7.2,36.06,86.88,80.38,88.81,16.25,10.78,95.49,88.37,6960.98,87.03,97.97,95.03,0.89,98.61,47.24,39.56,46.62,81.17,88.1,98.71,88.93,90.77,93.17,51.89,10.78,90.72,83.55,100.0,0.0,4.72,2.34,61.19,12.01,13.07,18.49,25.85,13.29,20.13,11.77,7.65,34.22,75.03,89.76,77.88,-63.02,77.24,83.74,4.18,3.8,9.65,4.31,1.99,7.84,10.7,3.15,21.5,10.9,2.95,19.11,0.37,0.0,0.13,6.27,36.32,0.2,0.11
Pulwama ,Jammu & Kashmir,906,1155,151,67.19,22.06,952.92,889.42,96.18,81.37,99.11,97.95,91.61,76.62,98.6,9.88,1.46,76.59,49.43,0.51,0.0,0.0,85.12,61.79,46.1,20.25,0.15,3.21,10.02,10.4,1.34,11.05,4.63,4.31,55.14,96.63,96.16,90.73,33.13,15.7,98.87,95.03,4298.76,93.69,97.79,91.99,1.3,98.09,60.67,39.56,59.65,-88.75,-94.0,-96.99,-91.77,-93.97,-96.99,-30.76,-0.01,-93.97,85.19,-100.0,-0.01,3.74,2.6,36.0,8.73,8.37,22.38,15.34,6.38,20.22,12.1,2.85,37.91,93.23,67.41,74.69,-37.69,73.15,81.96,2.93,2.4,7.16,1.69,1.64,4.79,14.24,3.96,22.6,14.05,2.25,19.12,0.0,0.0,0.18,3.33,41.2,0.0,0.57
Shupiyan ,Jammu & Kashmir,912,1135,148,71.42,22.95,958.31,1142.16,98.81,-85.58,99.92,99.16,86.54,66.11,98.51,8.37,0.0,80.81,55.15,2.14,0.43,0.0,69.75,60.8,53.1,20.2,0.31,4.54,16.36,8.78,1.14,7.07,3.99,8.69,49.8,80.8,86.78,92.31,34.42,7.55,96.92,84.5,5792.06,83.04,98.33,94.27,0.4,97.53,31.65,39.56,29.73,-92.16,-100.0,-100.0,-92.16,-100.0,-100.0,-47.79,-2.93,-100.0,69.68,-100.0,-0.01,2.69,3.83,42.92,-18.57,16.6,21.95,32.79,17.41,33.51,2.86,1.97,27.6,90.96,57.12,65.49,33.5,63.9,77.54,3.04,1.1,5.43,2.93,0.93,5.07,11.47,1.39,15.06,11.53,1.11,14.17,0.39,0.0,0.0,5.04,46.96,0.42,0.43
Anantnag ,Jammu & Kashmir,906,1102,125,65.48,22.41,973.77,1176.81,98.6,86.83,98.71,99.27,84.68,76.46,98.28,7.27,0.0,74.66,52.77,2.54,0.46,0.65,74.23,58.3,57.26,15.33,0.0,4.77,8.05,20.2,7.52,7.81,4.34,18.82,72.04,81.96,80.91,97.8,32.52,20.94,97.77,85.14,6058.41,81.27,90.47,86.73,8.05,98.08,51.28,39.56,55.24,-83.33,-100.0,-88.37,-85.5,-90.54,-90.54,-51.91,-12.48,-90.54,88.31,-100.0,-0.01,7.0,7.73,51.12,14.4,14.77,28.16,24.88,14.03,28.33,5.03,4.06,28.63,90.75,79.15,75.65,54.08,74.29,87.96,4.96,4.11,10.43,5.34,3.7,9.85,11.47,3.83,19.98,11.51,3.7,19.37,0.19,0.0,0.0,2.91,46.99,0.16,0.07
Kulgam ,Jammu & Kashmir,912,1190,139,63.96,25.44,961.99,1096.96,98.43,68.95,99.84,96.43,80.5,40.31,97.75,4.23,-0.01,70.88,42.4,3.66,0.3,1.06,75.85,70.83,55.0,12.61,0.0,6.61,18.55,11.09,4.78,5.02,2.95,5.71,63.25,95.46,92.19,93.13,15.83,10.25,97.71,91.48,3852.49,92.61,98.87,94.35,0.76,99.63,45.78,39.56,43.73,98.08,-97.96,100.0,100.0,98.08,100.0,44.42,0.0,98.08,92.63,100.0,0.0,2.13,0.0,69.09,2.32,2.26,28.38,11.29,4.79,15.32,20.61,2.12,25.92,83.82,77.68,77.54,-63.17,76.96,80.71,3.41,1.67,6.39,3.56,1.69,6.07,19.41,3.07,25.77,15.86,2.22,19.93,0.51,0.29,0.44,3.25,37.66,0.06,0.29
Doda ,Jammu & Kashmir,877,1000,141,65.12,28.36,943.15,959.28,82.46,76.89,99.62,92.63,70.9,42.36,97.71,7.6,2.21,69.24,46.75,11.03,2.05,2.71,68.8,69.54,49.41,22.6,0.16,3.71,10.1,11.19,0.31,7.21,4.95,10.78,58.6,86.3,74.32,79.49,23.14,13.26,98.26,71.61,4457.9,71.57,73.54,68.89,1.71,75.57,19.49,39.56,23.45,61.65,-75.3,83.64,63.56,69.37,67.46,13.84,0.0,71.29,55.39,-100.0,-0.01,2.66,0.0,68.12,7.89,12.93,32.68,9.53,5.95,15.2,15.06,5.03,31.26,77.19,80.66,67.85,47.66,66.53,74.07,4.38,4.85,9.91,4.49,4.96,9.93,12.63,3.94,23.1,14.62,3.34,21.45,1.23,0.21,5.12,3.18,37.1,0.21,7.87
Ramban ,Jammu & Kashmir,911,1192,182,60.78,29.53,915.02,1021.7,94.3,63.64,97.43,73.42,48.92,35.81,98.56,9.17,0.0,62.21,35.49,5.5,0.81,2.02,58.49,56.49,52.62,16.72,0.4,7.75,9.46,8.11,8.6,10.34,4.15,15.56,62.33,84.6,79.23,92.94,12.87,8.95,95.88,71.26,2682.81,70.11,80.44,78.67,11.75,91.72,17.02,39.56,20.02,78.88,-93.67,92.24,80.5,87.34,82.13,18.9,6.1,85.71,70.7,98.29,0.0,6.38,3.38,60.93,13.47,18.6,25.7,15.64,6.61,21.22,3.5,7.63,15.82,83.65,62.0,61.65,35.98,59.72,76.41,5.81,1.29,7.51,3.73,1.27,5.45,11.46,1.98,17.51,11.06,1.71,15.7,1.16,0.65,0.48,2.8,36.41,0.49,10.04
Kishtwar ,Jammu & Kashmir,895,1158,152,68.91,24.82,978.02,1024.22,91.92,62.35,88.82,86.84,59.62,50.6,94.73,16.37,1.38,71.28,47.97,7.22,0.77,1.76,70.77,52.51,47.84,25.9,0.39,5.12,7.43,6.73,1.86,9.56,4.62,3.09,45.63,80.3,76.4,89.31,34.83,15.76,95.75,75.73,4409.73,75.38,91.59,90.82,3.74,94.11,34.31,39.56,36.92,-91.61,-100.0,-97.26,-91.61,-94.64,-94.64,-43.68,-8.24,-94.64,66.98,-94.27,-2.99,6.03,2.22,36.03,-2.87,-6.62,27.49,22.84,15.27,17.74,21.13,5.09,24.88,81.71,88.46,86.21,65.33,84.84,92.2,2.88,0.82,5.29,3.49,1.31,6.81,4.33,2.2,13.16,5.29,1.67,13.34,0.16,0.31,0.33,3.45,41.32,0.06,9.44
Udhampur ,Jammu & Kashmir,908,1148,150,72.98,26.13,946.15,996.98,95.87,76.11,99.92,76.44,69.84,55.08,96.14,16.83,0.0,77.33,43.66,6.05,0.72,1.04,74.71,69.71,63.93,29.58,0.2,7.83,10.32,10.45,4.36,6.26,2.3,9.03,57.75,80.1,69.82,93.66,19.36,6.9,97.28,71.24,3412.47,69.05,87.23,85.95,3.55,91.13,37.02,39.56,41.59,85.75,-97.68,92.89,85.75,89.29,87.79,35.81,14.66,89.29,80.08,-97.98,-0.01,11.85,4.52,48.62,8.0,7.27,37.28,19.79,9.55,31.93,5.77,3.98,29.27,87.36,70.38,57.29,44.47,56.46,68.55,6.05,2.63,9.88,5.84,1.82,8.82,12.92,3.4,20.05,13.0,2.66,18.29,0.0,0.0,0.0,4.73,45.15,0.55,27.08
Reasi ,Jammu & Kashmir,915,1100,140,66.85,30.69,966.72,999.95,78.0,66.92,99.91,76.54,62.71,35.2,92.26,11.24,0.0,68.19,41.88,9.61,1.66,2.22,59.67,56.89,51.72,21.81,0.3,4.75,9.6,12.28,2.48,7.48,4.14,7.97,55.97,83.43,75.92,86.53,32.57,21.79,92.86,64.72,4045.9,63.55,69.32,66.64,4.81,73.3,23.01,39.56,33.06,79.05,-86.6,90.46,80.77,86.64,86.64,28.9,0.0,88.37,73.46,100.0,0.0,0.85,0.92,55.56,17.27,17.15,17.74,12.98,5.33,11.73,16.31,4.32,22.7,75.94,69.73,65.07,40.25,62.88,74.57,4.18,1.59,7.11,3.78,1.93,7.13,10.99,1.24,15.43,13.25,1.12,17.59,0.0,0.0,0.0,3.98,41.65,0.13,10.31
Jammu ,Jammu & Kashmir,889,1050,125,83.97,22.18,938.68,891.71,96.07,80.78,100.0,99.92,81.24,87.89,98.94,23.25,6.64,91.54,70.8,5.26,0.0,0.0,95.33,67.94,57.05,19.74,0.77,6.93,9.69,17.33,1.77,6.72,2.91,6.79,73.12,93.16,95.43,91.97,51.43,27.31,99.0,92.2,4713.54,86.04,96.48,88.66,0.48,96.96,43.26,39.56,41.76,-84.06,-100.0,-95.46,-84.06,-95.46,-90.8,-16.52,-0.01,-88.45,85.61,-100.0,-0.01,2.7,3.59,51.42,10.75,12.85,27.04,18.04,10.43,17.63,7.3,4.21,38.25,89.97,68.43,68.19,41.67,66.63,72.43,3.58,4.21,9.85,3.52,3.6,8.6,10.43,3.56,20.46,13.33,3.87,22.63,0.0,0.0,0.0,0.82,25.73,0.32,25.46
Samba ,Jammu & Kashmir,901,1121,150,76.63,24.51,959.54,888.16,97.07,81.82,99.81,95.43,78.81,73.01,98.73,19.02,1.98,84.83,60.61,6.25,1.53,1.29,85.53,62.76,50.44,20.96,0.33,6.39,6.93,14.12,1.25,9.53,4.21,7.15,63.6,86.56,96.2,84.46,46.5,24.41,100.0,92.33,4149.46,87.59,97.85,91.26,1.18,99.03,37.52,39.56,35.94,90.85,-97.75,97.99,90.85,93.95,93.95,21.92,0.0,91.91,73.46,100.0,0.0,4.7,3.24,61.58,6.23,7.87,24.52,20.37,9.83,15.48,12.05,3.62,36.45,88.61,68.96,63.59,41.07,62.35,73.22,4.8,3.96,10.34,5.74,4.39,11.22,11.62,3.99,21.13,12.37,5.07,21.53,0.9,0.18,0.4,3.04,38.91,0.74,28.1
Garhwa ,Jharkhand,913,1060,128,60.52,33.33,1108.38,828.6,63.03,35.81,84.99,92.52,54.06,24.74,97.5,55.27,9.71,62.74,31.04,31.32,3.72,8.69,59.32,58.3,48.66,44.22,0.16,0.83,0.42,0.91,0.51,12.33,5.65,18.43,47.96,66.25,29.78,92.12,16.79,3.28,87.09,70.33,2255.69,70.58,83.98,67.64,4.37,88.15,10.17,48.76,3.26,77.16,82.92,96.83,78.18,85.95,86.11,29.32,79.25,84.82,61.23,91.81,2.15,6.64,0.17,25.22,6.15,6.38,47.7,18.86,5.28,40.57,0.49,28.82,13.63,35.53,62.47,62.89,-58.88,62.69,61.02,6.96,4.68,12.28,7.09,7.74,15.69,11.14,5.34,18.31,13.45,7.87,23.41,0.85,0.21,0.21,4.82,46.68,2.97,29.2
Chatra ,Jharkhand,933,1154,120,60.74,36.77,1135.6,763.54,65.14,33.09,92.13,83.34,48.05,20.43,97.75,46.51,4.44,61.81,27.67,31.65,2.56,11.59,66.9,59.47,51.77,45.9,0.49,0.98,0.82,0.63,0.32,10.08,4.55,35.72,63.98,57.14,32.36,84.87,28.15,15.41,93.12,61.23,2066.49,59.12,71.52,51.8,5.46,73.49,14.11,57.79,5.24,71.65,82.36,91.48,73.62,80.67,78.65,26.88,75.1,80.67,70.74,99.03,0.97,4.53,1.4,24.77,6.07,6.05,42.16,17.15,3.94,39.77,1.33,32.15,10.37,57.76,62.63,55.93,56.46,55.96,55.67,4.78,5.06,10.75,7.27,5.35,13.06,8.65,5.01,15.99,13.29,6.68,22.11,0.0,0.0,0.21,6.41,49.66,5.93,38.65
Kodarma ,Jharkhand,918,1227,142,64.42,35.8,1141.42,871.56,72.34,46.78,97.12,83.88,54.0,35.83,99.18,56.77,12.83,66.91,31.83,42.52,3.13,10.64,80.13,63.63,56.61,50.13,0.53,0.53,0.83,1.66,0.38,12.04,5.52,26.35,40.4,77.76,47.61,92.02,13.07,4.75,89.74,75.84,1948.32,77.97,91.33,64.23,4.32,94.49,22.0,64.01,7.25,73.84,87.43,94.97,76.08,87.35,85.04,28.98,82.65,87.35,76.64,99.0,1.0,8.17,2.44,19.21,11.65,10.78,34.57,17.98,4.98,31.65,2.51,29.89,12.4,50.29,60.01,65.14,-59.65,64.9,61.19,6.32,4.42,11.18,10.69,10.99,22.44,8.5,3.68,13.75,13.04,5.45,20.58,0.34,0.2,0.2,1.4,37.3,0.49,29.24
Giridih ,Jharkhand,958,1124,114,61.57,34.57,1090.99,851.85,68.14,30.83,96.54,87.63,59.24,32.38,96.84,52.41,14.84,57.32,24.97,45.59,1.69,12.33,65.18,63.68,54.33,45.16,0.25,0.74,1.13,3.56,0.3,11.99,4.34,22.42,45.04,57.94,42.1,85.97,19.84,13.72,86.74,61.27,2100.65,60.98,70.74,50.29,7.75,76.74,10.69,42.2,4.1,70.61,83.62,92.36,71.57,82.73,84.43,26.66,66.02,79.37,69.59,97.56,2.44,9.04,3.09,14.51,9.01,10.73,31.88,27.79,14.49,34.25,5.39,27.28,7.75,53.89,62.77,65.17,56.69,64.7,63.76,5.54,4.22,10.33,7.8,7.08,15.85,10.12,5.11,17.42,16.21,6.2,23.85,1.89,0.39,0.39,4.37,44.78,1.38,29.81
Deoghar ,Jharkhand,953,1066,136,59.8,36.04,1067.99,929.36,55.65,44.83,95.58,90.78,41.56,23.5,98.29,53.8,6.44,54.22,19.73,49.16,2.68,20.24,67.98,65.36,48.49,40.09,0.16,0.97,1.54,2.62,0.37,11.07,4.64,25.0,35.26,58.1,30.74,89.21,18.47,11.84,83.13,55.57,2133.28,56.39,61.29,47.17,12.63,72.27,7.84,45.75,2.93,54.45,54.71,87.47,62.63,68.62,72.99,15.71,54.04,64.31,53.25,96.7,3.3,6.5,0.78,22.58,7.77,7.2,41.65,17.72,6.21,36.87,1.85,32.51,10.94,56.63,73.91,70.1,72.37,70.23,67.18,4.93,4.65,10.0,7.34,5.77,13.49,8.57,4.17,14.21,12.52,4.43,18.53,0.65,0.23,0.23,6.57,51.99,1.95,26.26
Godda ,Jharkhand,913,913,109,52.71,33.8,1011.55,880.74,82.36,30.12,93.49,91.35,54.88,19.67,98.94,45.91,7.73,50.44,19.55,48.51,3.12,16.14,64.81,64.98,50.55,38.04,0.31,2.19,3.16,3.44,0.53,11.31,3.18,34.31,56.65,63.1,39.22,95.68,16.67,10.36,93.37,67.86,1462.64,66.78,70.22,63.6,13.8,83.26,4.74,-37.67,3.52,63.93,71.01,90.65,69.76,86.41,86.83,24.4,56.19,82.55,62.94,100.0,0.0,6.77,4.23,17.23,8.31,7.59,39.37,24.49,11.18,40.72,4.73,23.61,10.65,59.44,75.09,66.33,-65.16,66.27,61.95,6.66,5.93,13.18,7.05,8.67,16.06,12.35,5.1,18.57,14.04,4.91,20.2,0.51,0.0,0.47,2.68,45.09,3.33,34.2
Sahibganj ,Jharkhand,912,1007,113,57.33,39.44,1092.17,983.78,78.85,49.52,91.59,88.22,43.19,17.43,98.24,34.77,4.47,54.86,18.64,39.93,3.67,18.94,58.44,50.44,33.97,23.18,0.0,1.04,2.7,1.83,0.43,13.2,3.23,32.92,56.79,67.11,36.17,83.76,15.0,7.29,94.14,64.76,1546.06,61.03,64.69,59.46,14.0,75.69,4.86,-46.37,4.1,66.03,72.57,95.71,68.82,74.47,76.38,25.86,70.89,73.62,67.08,99.06,0.94,3.43,2.17,23.62,7.61,8.17,49.06,19.69,5.75,44.84,2.62,28.53,14.31,66.41,72.61,72.07,63.56,71.51,67.55,6.81,5.69,12.84,7.98,8.51,17.08,8.17,5.24,15.01,10.63,3.8,16.56,0.22,0.22,0.88,4.67,47.15,6.66,34.37
Pakur ,Jharkhand,905,966,104,53.11,36.3,1073.91,925.16,80.38,39.12,91.74,88.59,38.26,16.94,97.03,52.45,2.12,46.68,13.6,43.38,2.36,14.35,66.37,55.37,45.44,32.51,0.19,0.66,6.39,2.92,0.47,12.03,6.01,22.25,36.47,71.56,26.64,91.94,16.53,3.32,91.0,61.59,1644.3,60.04,64.6,57.63,9.89,74.18,5.44,-45.89,3.88,69.43,69.46,95.38,73.36,84.12,84.02,29.44,77.37,84.12,56.57,97.94,0.0,4.27,1.21,25.37,8.36,8.1,51.26,23.63,5.88,51.4,1.92,34.38,7.95,49.68,72.14,80.39,67.54,79.72,78.04,7.9,5.14,13.32,10.44,8.7,19.69,10.06,5.72,17.1,13.8,5.38,20.16,0.0,0.0,0.0,5.78,50.77,5.11,34.51
Dhanbad ,Jharkhand,945,1181,166,68.68,27.78,985.77,869.11,77.73,45.21,98.51,88.9,67.58,37.18,98.33,45.66,15.13,71.97,37.88,28.33,1.91,10.88,81.28,67.26,51.63,37.67,0.3,1.01,5.17,5.2,0.44,9.67,4.7,14.97,41.34,65.43,44.55,92.27,18.57,8.3,88.74,73.23,2627.03,74.29,78.75,34.46,5.93,83.63,21.92,42.29,9.27,66.11,72.5,94.74,66.11,83.93,83.93,41.36,61.0,82.65,74.52,90.96,9.04,7.85,1.83,19.19,4.96,4.71,26.98,13.97,5.2,25.05,4.07,25.99,16.38,59.9,66.52,64.62,-45.76,63.83,69.93,4.46,4.59,10.12,4.98,6.69,13.14,12.02,4.83,18.52,16.16,6.69,24.94,0.29,0.0,0.11,9.56,45.7,1.08,25.82
Bokaro ,Jharkhand,955,1127,157,71.48,27.29,1006.22,899.35,79.71,35.18,97.31,86.42,64.38,46.97,95.67,44.65,8.95,72.56,44.96,26.26,1.2,5.89,80.04,68.49,59.55,45.22,0.41,1.44,4.07,6.42,0.57,9.45,4.02,23.17,40.14,68.18,48.71,89.96,29.58,22.45,87.94,73.5,3372.01,70.04,80.86,44.6,8.49,86.52,21.04,41.49,13.44,70.99,72.87,97.04,76.88,85.37,92.27,40.67,75.19,88.19,80.17,95.1,4.9,15.6,2.22,17.96,16.53,18.07,36.2,19.74,9.53,32.28,2.97,26.63,15.09,55.43,66.51,69.03,-63.64,68.84,68.22,3.97,5.03,9.43,6.38,7.43,14.77,13.37,6.18,21.53,17.9,8.02,27.46,0.55,0.0,0.38,8.99,44.95,2.01,27.91
Lohardaga ,Jharkhand,980,1107,145,65.55,32.38,1051.74,1010.84,74.0,42.33,99.21,78.43,67.68,33.95,99.42,58.87,5.78,67.46,35.02,21.85,1.46,5.51,91.68,56.56,41.12,27.28,0.71,4.73,2.56,3.62,0.47,13.87,5.0,31.24,67.2,78.96,37.65,95.09,40.62,12.99,93.01,79.19,1707.09,82.07,84.11,72.64,8.27,92.1,10.85,-54.3,6.36,88.19,88.19,100.0,92.94,93.39,95.19,41.39,84.72,93.39,71.66,100.0,0.0,4.99,0.58,37.9,7.24,7.03,40.73,26.64,10.04,43.43,1.81,24.09,6.98,62.64,68.66,62.14,-50.08,61.7,59.38,6.01,3.32,9.95,5.46,3.66,9.65,11.81,4.71,17.46,14.37,5.05,20.22,0.42,0.0,0.0,12.76,51.71,7.94,37.56
Purbi Singhbhum ,Jharkhand,989,1133,177,74.12,23.37,1015.95,837.11,87.47,46.7,95.72,89.72,70.21,57.56,99.35,50.72,13.93,77.36,46.76,19.84,0.33,3.66,88.26,60.97,47.19,35.29,0.0,2.81,3.12,4.43,0.51,11.35,3.79,34.98,58.56,78.24,40.67,95.28,54.59,27.78,91.61,83.99,3378.3,85.85,94.03,66.16,2.35,96.38,18.59,38.64,11.82,88.79,87.01,98.75,90.09,91.92,91.92,37.87,76.61,90.19,71.71,95.37,4.63,1.85,0.73,22.4,12.1,11.12,35.88,29.37,16.77,41.62,1.34,15.48,18.55,74.62,67.37,65.11,-32.78,64.37,69.4,6.17,4.76,11.71,7.94,7.92,16.53,13.35,4.65,19.78,16.45,4.66,22.42,0.0,0.0,0.0,8.58,38.82,4.47,25.62
Palamu ,Jharkhand,969,1204,143,63.48,34.56,1183.06,1097.68,68.66,40.19,95.77,94.89,46.28,25.41,96.63,55.77,9.05,65.37,36.53,35.41,4.69,6.05,73.78,60.08,53.08,47.84,0.45,0.5,0.24,1.74,0.44,13.75,6.26,24.57,61.0,73.07,33.83,92.64,24.02,5.74,91.46,70.25,2597.4,70.13,74.85,54.77,9.23,83.37,15.75,55.72,8.33,80.93,81.45,96.13,82.06,90.31,92.53,25.04,86.33,89.2,63.48,94.59,4.49,4.27,0.61,26.42,3.75,5.42,43.71,18.4,3.94,37.34,0.63,26.69,10.81,42.22,68.2,61.08,-59.64,61.02,63.25,4.87,4.06,9.38,6.02,5.88,13.08,10.96,5.02,18.27,16.07,7.38,24.25,0.24,0.24,0.0,6.04,48.87,3.09,34.88
Latehar ,Jharkhand,964,1148,161,60.53,35.94,1115.12,967.34,81.29,36.76,88.96,79.2,51.4,14.23,96.75,52.23,1.82,58.74,26.53,32.19,3.1,8.81,72.14,56.59,45.92,35.91,0.33,1.08,1.4,2.33,0.8,13.42,5.47,46.49,63.76,75.01,43.12,94.19,41.63,29.12,97.98,70.73,1267.88,61.68,70.29,61.44,14.6,83.75,10.2,-48.58,9.6,74.98,74.46,97.76,74.98,95.2,95.2,29.94,88.92,95.2,85.92,100.0,0.0,6.58,6.08,18.93,7.83,7.5,40.1,19.15,5.22,39.38,1.79,31.08,7.34,65.13,68.31,63.78,-58.4,63.58,62.19,5.07,3.34,8.99,6.4,4.53,11.36,8.67,5.74,15.32,13.95,6.41,22.24,0.48,0.0,0.18,11.02,51.64,12.67,47.33
Hazaribagh ,Jharkhand,914,1189,95,66.1,32.56,1082.55,856.46,75.41,31.76,98.17,85.49,55.64,36.81,94.95,55.0,9.42,69.67,40.09,38.57,3.3,10.86,74.63,60.78,53.57,45.8,0.2,0.84,1.11,3.44,0.29,11.46,6.39,20.25,37.78,59.81,36.41,88.48,23.78,16.83,88.99,65.42,2327.86,67.67,82.03,59.84,7.18,85.62,14.72,37.83,10.57,70.11,80.45,97.09,71.78,89.88,85.89,39.89,75.51,88.44,71.12,97.09,2.91,9.09,2.66,17.88,15.49,16.86,37.8,16.17,5.93,32.49,1.36,25.33,14.96,51.67,62.11,56.21,54.44,56.12,54.08,4.4,3.75,8.8,6.4,6.29,13.47,10.6,5.87,18.75,19.41,9.91,30.84,0.96,0.0,0.0,4.75,42.49,3.44,35.08
Ramgarh ,Jharkhand,938,1123,178,68.39,27.85,955.02,902.95,77.72,42.4,98.4,76.71,64.2,33.15,97.81,49.67,4.08,72.73,44.33,25.08,2.38,5.13,88.4,68.18,54.16,44.03,0.14,0.95,1.9,3.48,0.36,7.28,2.77,20.53,43.35,63.42,40.92,93.37,31.49,15.08,90.75,77.97,2121.43,75.77,78.98,51.56,10.96,89.71,20.01,57.38,8.3,81.78,89.22,98.21,84.88,91.35,94.72,40.23,74.52,91.35,78.21,93.88,4.45,9.11,2.61,23.09,12.95,12.47,35.25,23.48,7.2,35.28,1.03,27.25,14.14,49.34,59.65,62.29,-61.71,62.26,66.66,3.78,2.88,7.5,5.33,6.42,13.31,12.89,5.81,21.05,15.43,10.21,27.41,1.44,0.33,0.17,8.64,48.47,5.85,36.96
Dumka ,Jharkhand,942,958,122,59.68,31.72,1067.41,945.83,68.37,44.48,93.19,92.59,41.46,18.09,97.56,45.37,8.72,55.62,19.11,43.08,1.83,14.87,63.56,59.95,43.39,28.43,0.13,1.59,5.29,5.05,0.42,13.1,5.05,22.07,35.92,64.86,39.27,94.13,21.76,9.33,95.13,54.86,1601.6,57.08,60.27,51.25,8.92,68.97,8.5,-73.18,3.69,78.9,76.61,96.45,84.9,83.01,86.37,34.77,69.44,83.01,69.95,98.72,1.28,6.43,1.34,16.08,8.18,7.77,38.17,27.81,11.0,44.89,2.0,29.63,9.14,48.09,75.12,74.18,60.49,73.42,74.14,5.12,4.55,10.15,5.36,7.32,13.59,9.46,3.95,14.12,13.52,5.38,20.04,0.0,0.0,0.17,9.59,56.58,8.84,44.48
Jamtara ,Jharkhand,948,1073,144,63.65,29.53,996.01,824.72,71.22,36.89,92.22,93.0,52.84,20.25,98.33,62.91,11.47,57.37,21.39,50.54,0.6,14.9,73.07,69.26,54.12,35.28,0.12,1.31,9.51,4.14,0.38,9.89,3.62,34.68,49.07,66.73,35.98,89.25,31.22,19.08,95.12,69.91,2771.35,66.47,75.37,60.42,7.7,82.51,13.42,50.46,9.72,78.82,82.92,91.44,80.44,89.72,91.37,32.53,71.44,87.92,82.46,100.0,0.0,13.81,5.83,13.79,13.25,15.89,41.92,22.96,9.85,46.17,4.31,30.55,7.09,57.29,72.84,78.38,-57.27,77.65,77.39,5.63,4.18,10.47,6.69,5.29,12.92,10.06,5.07,17.82,14.22,5.29,21.85,0.0,0.0,0.0,13.61,49.69,5.29,29.9
Ranchi ,Jharkhand,979,1182,156,73.32,25.43,1004.47,873.96,75.51,55.2,99.3,86.27,77.19,57.68,99.02,43.85,12.83,78.4,49.45,20.89,1.21,5.45,85.04,61.5,51.34,34.04,0.38,5.02,3.2,6.36,0.39,12.02,4.77,32.94,71.98,77.75,35.21,90.3,42.96,20.02,93.6,83.13,2393.54,84.48,87.28,61.65,7.65,94.65,19.75,47.46,12.3,73.81,85.42,92.46,78.02,80.96,82.64,43.93,77.8,79.97,75.45,91.33,8.67,4.81,1.9,32.07,19.12,19.73,28.33,32.7,16.76,40.57,4.27,21.22,14.9,71.85,62.8,59.32,-45.92,58.92,61.69,5.12,3.53,9.65,5.31,6.29,11.99,12.92,4.6,19.64,15.99,5.67,23.05,0.27,0.16,0.43,8.26,45.78,5.65,36.4
Khunti ,Jharkhand,987,1103,142,63.14,29.81,992.33,708.92,82.86,35.1,92.87,68.59,55.16,18.66,97.37,58.17,6.56,59.89,29.27,21.71,0.66,4.32,71.0,58.4,43.37,27.65,0.14,3.24,4.45,4.98,0.86,11.75,4.78,37.46,66.95,71.3,37.43,91.66,47.62,30.8,95.13,63.87,1313.91,60.97,73.77,64.2,10.95,80.07,7.21,-46.19,4.34,71.91,79.55,91.6,76.47,81.65,87.39,28.54,70.52,83.8,79.33,100.0,0.0,11.67,1.87,17.87,10.2,10.54,38.48,32.05,16.82,44.0,6.14,20.59,3.91,63.53,66.85,70.91,-33.99,70.02,71.5,6.13,1.93,8.6,10.62,4.35,15.66,7.16,3.15,11.65,9.0,4.46,14.22,0.49,0.32,0.17,16.21,57.15,19.83,57.5
Gumla ,Jharkhand,986,1113,176,65.14,30.71,1023.74,1028.09,77.66,34.66,89.08,75.19,50.12,19.13,97.65,51.67,0.0,69.27,33.34,20.85,1.83,7.19,75.55,52.7,45.02,30.73,0.13,2.07,2.78,3.95,1.91,14.91,7.92,38.8,61.56,81.46,49.29,96.14,47.84,22.74,97.85,82.36,1123.5,78.39,83.76,80.32,6.73,90.24,7.73,39.56,6.81,85.28,86.24,97.77,86.41,95.32,95.32,40.48,90.79,95.32,84.4,98.89,1.11,5.1,3.0,21.83,10.13,10.67,40.23,20.05,8.69,38.71,4.06,25.2,5.55,70.78,65.78,59.89,-44.65,59.48,61.26,6.28,2.36,9.02,8.32,2.61,11.58,11.0,3.41,15.07,14.81,4.64,19.92,0.39,0.21,0.21,14.75,55.53,16.11,53.1
Simdega ,Jharkhand,988,1135,158,68.2,30.03,1064.27,906.74,63.09,34.99,84.08,66.74,71.3,15.94,98.87,60.63,2.28,68.78,29.74,15.89,0.82,4.97,92.61,48.52,27.71,15.53,0.84,1.72,3.09,4.07,0.11,15.81,4.68,41.11,81.23,71.01,34.38,84.53,46.42,23.55,97.73,61.49,669.13,62.26,75.73,71.2,8.63,78.12,4.48,39.56,2.47,79.34,81.14,92.86,83.91,88.15,91.48,30.91,83.82,88.15,73.82,98.23,1.77,7.3,0.61,17.84,11.36,10.81,42.2,21.1,7.69,36.98,2.81,25.78,7.87,64.63,75.37,71.04,-59.04,70.64,69.53,4.74,3.11,8.14,5.28,3.48,9.16,11.62,7.84,20.94,18.4,7.85,26.68,0.17,0.0,0.0,17.63,56.5,15.73,54.09
Pashchimi Singhbhum ,Jharkhand,990,1076,145,58.42,35.8,1049.26,872.16,66.61,41.96,83.3,79.29,37.74,15.53,96.87,46.71,11.37,49.83,22.92,24.36,2.42,6.66,80.37,55.85,36.25,12.89,0.49,2.88,7.44,7.56,0.97,12.51,4.96,43.63,71.15,62.58,34.86,89.75,37.43,23.13,92.0,58.83,1182.94,61.46,67.91,64.31,8.36,70.08,3.95,39.56,3.33,86.96,89.04,96.2,90.02,92.11,92.11,22.25,86.91,89.37,72.74,99.01,0.0,10.47,2.67,21.97,11.58,11.67,60.61,30.48,12.88,62.38,2.78,33.07,7.07,70.25,73.32,72.48,-74.82,72.57,74.21,4.15,2.76,7.49,7.41,3.51,11.1,12.0,4.56,17.83,13.14,5.39,19.46,0.17,0.13,0.13,19.93,56.4,28.48,57.07
Saraikela-Kharsawan ,Jharkhand,984,1126,183,64.37,26.16,995.87,919.22,86.97,40.05,93.49,85.69,60.87,31.53,96.79,63.08,6.63,68.27,36.01,19.19,1.55,10.28,74.71,66.89,52.43,33.41,0.11,2.8,3.06,8.29,1.69,7.24,3.56,49.55,73.71,85.12,54.39,92.29,42.55,24.74,98.77,77.2,1770.31,73.89,81.84,62.24,7.8,89.05,12.44,39.56,7.53,80.87,85.32,100.0,82.78,92.9,94.8,44.31,87.75,92.9,88.95,100.0,0.0,9.16,3.2,18.87,11.6,13.82,40.02,32.92,22.95,48.7,8.96,20.3,6.44,63.94,76.05,71.18,-42.84,70.17,74.85,7.12,3.64,11.13,9.73,4.96,15.45,9.7,4.81,15.59,12.36,4.18,17.15,0.18,0.0,0.0,11.22,42.56,11.26,37.32
Belgaum ,Karnataka,907,1147,179,72.37,24.99,1031.82,892.03,96.55,90.4,99.1,94.41,67.67,74.82,95.2,20.72,21.63,73.99,47.8,32.8,2.5,9.1,75.26,70.83,70.59,63.32,0.0,1.94,2.22,1.86,0.23,5.51,2.06,29.38,66.38,71.19,63.74,94.41,36.94,16.86,96.12,87.0,3902.04,85.58,97.52,60.63,0.75,96.4,24.24,39.72,15.81,81.44,86.52,97.24,87.02,91.59,91.84,27.72,7.28,90.0,91.94,92.79,4.74,4.65,1.1,58.03,8.26,8.81,32.78,23.57,10.23,36.88,2.93,22.19,23.76,44.12,72.74,53.35,-40.04,52.93,48.5,4.77,6.57,12.89,5.1,5.85,12.2,11.55,4.26,19.38,14.66,4.9,22.22,0.47,0.58,0.77,6.6,28.77,0.45,11.47
Bagalkot ,Karnataka,881,1138,182,67.29,26.5,1007.4,879.35,97.75,76.76,98.88,99.15,51.29,56.64,81.29,22.29,7.06,69.66,37.71,38.72,1.96,6.93,65.92,65.33,65.33,59.21,0.0,2.2,2.24,1.2,0.34,5.84,4.04,15.84,51.14,78.17,76.21,94.16,32.31,21.15,98.7,89.04,4575.82,86.67,95.2,57.05,2.78,91.35,31.02,60.0,14.24,78.58,79.49,95.48,83.98,91.98,93.11,24.04,0.0,84.7,72.96,98.77,1.23,4.31,3.07,30.15,5.09,6.13,48.26,16.85,4.38,42.34,2.42,17.14,28.57,40.52,63.84,47.92,-49.5,47.98,50.66,5.39,5.4,11.84,5.97,5.93,12.78,11.11,3.83,19.1,13.23,4.94,21.01,0.61,0.15,0.16,10.68,33.69,0.58,14.83
Bijapur ,Karnataka,887,1091,149,66.11,28.04,994.96,884.69,95.47,86.22,97.59,92.52,44.84,60.61,92.26,21.2,24.93,66.61,37.13,39.24,2.57,11.76,71.9,63.07,62.68,55.49,0.0,1.34,2.14,2.49,0.48,6.97,4.02,23.84,62.06,60.27,56.37,93.52,36.55,15.43,91.14,74.41,3198.24,74.76,91.75,59.59,3.78,90.0,20.88,46.56,9.92,71.11,73.21,95.46,81.36,84.66,81.81,31.54,14.12,84.66,83.37,92.81,5.96,8.24,1.58,57.25,9.98,14.55,45.94,14.96,4.28,38.96,2.65,18.11,27.44,31.95,65.23,52.24,-71.45,52.9,52.63,4.88,5.69,11.6,5.41,7.29,14.31,11.23,5.06,20.23,13.22,5.1,20.95,0.68,0.17,0.37,10.76,34.6,0.78,15.26
Bidar ,Karnataka,914,1181,172,68.23,27.27,1033.68,897.98,97.89,76.52,98.75,98.88,56.5,65.15,97.66,21.44,7.1,73.79,44.98,19.24,4.24,3.96,81.63,69.1,68.54,50.1,0.0,1.99,8.0,5.41,1.62,8.13,3.64,40.68,81.92,62.72,55.27,97.36,39.68,26.37,96.78,89.64,4090.83,86.52,98.98,73.42,0.25,91.72,21.8,42.29,14.97,74.75,77.71,97.68,87.19,86.61,81.84,26.39,12.97,85.59,80.49,93.57,5.12,8.98,2.38,31.32,13.02,13.79,36.82,22.09,11.14,36.13,2.5,24.86,20.8,39.63,69.33,55.73,60.41,55.94,51.69,4.73,3.38,8.96,6.31,4.95,12.54,13.04,4.23,21.15,15.69,5.41,24.13,0.44,0.16,0.47,8.53,31.2,0.25,16.59
Raichur ,Karnataka,891,1177,166,55.27,29.29,1033.4,907.03,88.73,70.87,99.68,94.01,53.02,64.92,73.29,17.75,15.45,54.28,31.67,21.9,3.99,8.87,68.78,50.08,49.63,46.29,0.0,0.73,0.61,1.76,0.24,9.98,6.82,19.24,54.13,66.39,67.45,88.97,32.78,24.98,97.05,76.06,6276.86,73.34,88.93,64.43,5.85,83.32,20.02,45.62,13.72,80.21,89.56,92.02,81.22,83.76,85.03,18.9,1.01,85.18,82.95,98.77,1.23,5.2,2.93,63.44,15.2,12.99,39.79,23.23,11.65,40.73,1.62,23.27,19.9,42.63,73.63,59.94,69.12,60.36,64.76,4.67,3.61,8.88,3.86,4.66,9.15,11.23,4.4,18.52,10.43,4.33,16.67,0.75,0.36,0.52,13.47,28.42,0.89,15.77
Koppal ,Karnataka,872,1017,171,63.92,28.76,994.25,951.54,95.07,78.0,99.19,95.95,58.79,47.39,47.93,20.62,29.58,59.8,34.36,27.06,2.05,8.51,67.8,63.38,63.23,58.39,0.0,1.93,0.73,1.22,0.67,9.71,6.02,15.55,58.99,52.41,50.67,84.51,15.82,8.03,100.0,80.67,4908.59,79.47,90.74,68.15,3.21,89.18,19.11,43.95,13.47,84.84,93.38,97.25,84.84,94.22,90.32,19.26,0.0,94.22,70.94,98.63,1.37,6.98,0.0,49.2,8.41,12.21,49.09,23.14,3.76,45.84,0.83,24.9,21.91,28.63,70.7,54.8,-55.22,54.81,55.27,4.86,4.15,9.57,6.56,6.82,14.53,11.6,5.56,19.47,14.21,5.08,22.16,0.49,0.37,0.19,19.87,34.12,1.22,13.0
Gadag ,Karnataka,892,1136,193,73.3,24.13,1059.81,910.69,99.73,87.05,98.6,95.53,55.2,56.27,77.07,28.27,16.29,70.67,45.12,27.69,2.63,2.04,68.27,58.3,57.7,48.78,0.0,2.52,2.97,2.67,0.48,7.03,3.82,25.42,70.03,52.56,68.68,93.34,33.48,17.39,97.04,84.67,5725.91,83.39,96.19,67.48,3.55,98.22,33.49,51.32,27.79,74.26,81.36,93.01,86.25,82.07,85.52,45.08,0.0,79.75,72.01,98.91,1.09,10.37,2.26,41.8,5.01,9.53,45.15,18.24,4.46,39.78,1.46,18.89,30.62,41.38,70.31,50.45,-51.13,50.47,54.11,4.92,5.91,12.08,5.4,6.85,13.21,12.1,6.75,22.05,14.65,7.1,23.88,0.16,0.0,0.53,8.5,35.56,0.54,13.71
Dharwad ,Karnataka,864,1051,156,78.22,22.09,1021.94,1109.57,99.67,96.21,99.38,87.94,79.32,79.05,92.3,24.48,-7.65,81.76,51.36,17.78,2.47,3.29,81.03,67.06,65.73,58.72,0.0,2.12,1.88,1.82,0.3,6.32,3.75,29.66,79.53,78.74,85.21,92.07,45.09,25.73,96.89,97.95,3225.47,95.46,99.69,69.19,0.31,98.97,29.92,49.41,21.46,-87.55,-93.6,-100.0,-89.07,-97.57,-96.05,-25.17,-0.01,-80.3,83.52,-90.99,-9.01,1.85,0.0,70.34,15.93,15.29,45.17,16.5,4.6,40.41,2.82,17.26,33.79,41.89,67.19,51.44,-68.44,52.14,50.48,5.59,6.16,13.78,6.98,6.31,14.08,15.12,6.02,26.64,15.01,6.09,23.69,0.29,0.14,0.0,6.83,36.79,0.46,15.77
Uttara Kannada ,Karnataka,897,1000,164,81.14,18.16,1011.34,723.92,99.2,87.26,99.12,84.82,89.61,73.42,94.3,32.02,-8.1,84.34,49.18,11.59,2.39,1.28,93.91,69.32,69.32,56.69,0.0,4.75,3.59,2.8,0.58,7.36,3.7,42.53,63.75,80.39,57.88,92.2,35.57,18.41,97.9,87.37,5361.53,87.84,99.27,69.48,0.36,99.18,36.28,46.16,32.43,93.61,-96.76,98.16,93.61,96.67,96.67,46.06,4.33,96.67,89.67,-84.3,-15.7,5.85,3.03,56.11,13.89,14.73,29.56,21.94,13.12,33.26,3.29,18.38,22.61,47.5,69.02,45.03,-33.1,44.61,44.64,4.88,6.61,12.74,6.15,6.91,13.84,14.83,7.06,26.87,14.71,6.8,25.11,0.0,0.0,0.0,10.5,26.12,0.29,12.27
Haveri ,Karnataka,875,1060,141,72.55,25.43,977.51,805.46,98.55,89.55,99.05,99.05,68.87,60.67,87.86,28.77,13.79,71.52,39.99,16.54,3.36,4.15,75.84,44.62,44.62,42.55,0.0,0.74,0.3,1.03,0.0,8.38,3.51,20.81,55.75,73.3,58.65,87.96,30.47,16.79,98.81,92.42,11572.9,85.39,97.17,82.57,2.04,95.82,23.85,49.25,20.17,95.71,93.44,98.6,95.71,97.15,97.15,36.64,5.18,94.08,78.38,98.45,1.55,8.93,1.69,45.77,7.6,7.44,29.91,17.72,3.94,34.98,0.0,19.86,29.11,42.05,66.91,50.4,-59.43,50.79,51.51,4.78,6.4,12.65,6.4,6.99,15.23,11.09,4.67,21.39,14.35,6.86,24.42,0.17,0.0,0.16,9.15,33.07,1.01,12.09
Bellary ,Karnataka,883,1103,156,64.17,23.64,1038.1,1071.98,96.91,89.21,98.92,94.72,64.13,76.19,84.74,25.66,27.99,64.44,39.92,22.23,3.39,3.22,85.03,62.68,62.3,56.62,0.0,1.73,1.22,2.59,0.0,5.63,2.91,33.54,54.83,67.47,56.36,90.45,28.67,15.04,98.11,86.62,12348.05,84.15,95.74,76.79,2.38,95.95,29.05,75.83,19.12,-71.46,-79.17,-97.56,-77.81,-93.1,-89.35,-25.68,-4.64,-93.1,73.7,-98.05,-1.95,5.14,1.6,49.17,8.91,9.73,36.08,22.89,13.62,36.51,1.32,22.23,27.32,45.14,67.5,58.66,-40.19,58.11,58.48,4.16,3.92,9.16,5.26,5.31,11.58,12.72,4.78,21.23,13.96,4.36,20.94,0.47,0.19,0.95,8.18,26.16,0.95,14.29
Chitradurga ,Karnataka,909,953,134,72.95,22.45,1023.01,1050.48,99.5,89.24,99.78,97.82,63.05,80.59,96.35,35.33,27.2,75.61,48.28,20.69,0.42,7.8,85.53,72.75,72.47,62.04,0.0,3.74,1.31,4.31,0.24,5.0,3.5,63.35,86.97,66.27,79.32,93.9,50.52,36.63,99.05,95.21,4234.26,94.31,98.32,68.83,1.21,95.11,42.8,70.83,31.83,-94.6,-97.23,-97.3,-97.3,-94.6,-97.3,-45.69,-4.46,-94.6,93.47,-100.0,-0.01,6.22,2.45,54.18,-16.83,27.19,35.98,17.85,8.29,32.35,3.07,14.49,37.39,36.34,61.14,44.17,-57.13,44.58,50.24,6.34,6.94,15.12,5.44,7.45,14.42,18.37,8.35,29.72,19.57,8.63,30.56,0.36,0.36,0.36,14.16,36.94,1.97,21.24
Davanagere ,Karnataka,840,973,133,74.9,21.93,967.27,796.58,96.97,82.41,98.82,97.45,83.28,79.07,94.86,25.22,18.13,75.98,47.07,19.1,2.63,4.88,80.23,47.14,46.9,41.6,0.0,1.46,1.08,2.27,0.36,11.46,4.82,16.18,45.04,62.99,63.05,86.41,24.98,20.96,96.29,78.93,7508.07,73.97,98.31,68.87,0.69,88.14,39.78,59.86,32.17,-79.35,-83.51,-96.0,-81.24,-93.7,-89.23,-35.35,-6.61,-92.14,78.66,-96.01,-3.99,9.2,3.39,36.95,12.57,16.78,38.41,18.76,3.87,32.76,2.53,15.89,38.06,40.35,70.15,51.88,-43.34,51.72,51.51,6.28,7.93,16.13,6.49,9.68,17.49,12.6,6.52,24.78,17.61,7.42,29.47,0.94,0.93,0.55,8.92,30.02,1.71,14.1
Shimoga ,Karnataka,902,1033,161,78.77,22.91,1010.38,1110.7,100.0,83.91,99.48,94.63,85.44,85.65,90.99,26.54,22.9,79.81,49.06,11.08,2.45,2.44,86.33,76.36,76.36,68.3,0.0,3.37,0.72,2.39,0.73,5.26,3.87,41.98,74.7,58.71,79.43,96.93,56.56,39.13,98.51,91.45,5284.33,89.71,99.66,74.06,0.34,96.53,43.69,69.27,35.06,-96.07,-97.87,-100.0,-98.06,-98.01,-98.01,-37.38,-2.12,-87.14,92.19,-91.91,-8.09,4.76,3.32,35.28,-18.62,18.51,29.02,23.17,13.46,34.42,5.97,15.03,30.34,52.59,68.92,42.14,-33.43,41.89,44.72,6.28,7.19,15.26,8.47,6.87,16.66,15.38,7.09,27.16,19.32,7.14,28.7,0.35,0.33,0.17,11.26,32.04,1.42,18.5
Udupi ,Karnataka,894,1065,145,81.99,19.49,1147.71,1093.16,98.52,85.4,99.57,81.48,94.45,67.77,95.55,50.87,3.23,90.26,55.42,4.41,0.0,0.72,95.53,72.01,71.33,46.06,0.0,6.43,5.37,8.93,1.15,7.08,4.69,42.27,84.51,75.13,59.4,94.78,51.26,34.16,99.16,89.2,2886.43,87.72,98.88,37.6,0.4,90.19,51.94,60.78,39.08,89.93,-87.82,100.0,94.25,93.95,96.22,38.06,2.02,93.95,88.08,90.47,7.56,3.53,1.89,44.24,11.39,10.27,23.12,17.58,5.98,21.02,3.21,23.82,22.94,51.89,58.26,47.23,-48.44,47.27,49.9,5.99,9.09,16.65,5.97,9.72,17.7,16.22,8.21,31.23,18.44,9.14,32.51,0.28,0.15,1.09,6.98,17.36,1.0,15.57
Chikmagalur ,Karnataka,885,945,143,76.21,19.39,1040.57,849.42,98.48,90.93,99.29,95.7,92.31,78.97,96.8,29.97,-10.36,82.89,48.32,19.48,1.59,5.49,93.07,79.69,79.57,64.78,0.0,5.26,2.55,6.1,0.3,3.83,2.81,42.76,74.42,69.5,74.3,93.05,49.64,26.36,99.08,90.92,4543.66,91.42,98.39,77.85,1.08,98.69,38.06,-68.78,30.73,-91.02,-93.43,-100.0,-91.02,-100.0,-100.0,-37.03,-2.56,-91.01,85.53,-95.87,-4.13,4.78,0.41,54.37,14.38,15.38,27.27,24.87,11.47,25.44,6.57,14.24,33.16,50.62,53.21,40.98,-43.34,40.79,45.63,6.6,7.52,15.64,6.88,7.74,15.68,18.19,7.7,29.15,19.01,6.0,28.73,0.65,0.0,0.0,10.92,32.31,1.48,23.76
Tumkur ,Karnataka,906,912,129,72.34,21.21,1085.37,1132.92,98.73,92.84,99.6,96.17,86.14,85.26,94.73,30.95,-1.99,81.87,58.92,24.8,0.0,4.65,94.51,77.04,75.77,60.9,0.0,5.14,2.38,4.43,0.62,5.34,4.37,59.43,76.14,68.58,80.35,92.72,61.79,27.89,99.3,95.21,4532.86,90.17,100.0,66.86,0.0,93.07,52.11,64.77,45.84,-97.71,-93.53,-100.0,-100.0,-100.0,-97.71,-42.76,-2.74,-97.38,96.84,-100.0,-0.01,4.49,1.64,32.95,12.18,15.47,40.31,10.85,3.05,26.72,6.08,15.24,30.43,48.11,67.57,48.86,-43.34,49.28,47.92,5.57,8.07,15.37,7.44,11.01,19.86,16.33,6.51,27.35,22.32,9.41,33.99,0.47,0.18,0.18,9.79,26.69,0.81,18.81
Bangalore ,Karnataka,837,840,125,85.72,20.62,1006.48,1162.84,99.33,91.0,98.78,99.22,90.41,97.2,99.41,28.83,-23.37,87.27,70.05,14.47,2.02,2.03,98.48,73.22,73.0,55.18,0.0,3.41,2.88,9.12,0.51,4.72,2.99,54.69,90.7,75.34,74.6,98.42,58.76,46.3,97.95,87.95,3633.06,88.17,99.34,54.71,0.66,94.39,30.58,48.86,16.04,-78.16,-88.42,-95.35,-78.16,-90.0,-85.41,-38.86,-11.19,-81.31,86.9,-67.09,-32.91,2.17,0.0,53.75,-4.81,7.36,31.26,19.22,11.42,28.09,4.25,9.97,40.06,44.4,58.86,35.97,-23.7,35.54,45.1,8.39,9.7,19.35,10.42,9.2,21.27,21.19,5.6,30.71,21.75,7.5,33.48,0.19,0.4,0.6,2.93,20.86,1.11,17.34
Mandya ,Karnataka,873,844,127,67.69,18.06,1122.17,1041.34,100.0,89.84,98.39,98.43,86.67,90.48,97.73,39.94,-15.53,78.3,52.54,13.13,0.0,5.93,87.28,80.02,78.5,70.22,0.0,3.55,0.44,3.56,0.14,3.75,1.9,44.6,77.33,85.56,90.07,99.31,54.76,21.32,100.0,95.52,4109.23,95.06,99.45,60.19,0.55,97.27,39.45,58.01,27.71,-93.93,-96.92,-100.0,-96.92,-93.93,-100.0,-42.75,-0.01,-92.21,94.92,-100.0,-0.01,3.12,2.33,63.66,-3.08,-12.36,24.27,11.77,5.29,16.65,1.3,13.7,38.67,46.95,58.22,47.14,-43.34,47.02,42.9,5.18,9.25,16.05,7.15,9.97,18.18,17.01,7.62,30.06,20.64,6.19,29.82,0.0,0.35,0.0,5.28,20.14,0.66,19.05
Hassan ,Karnataka,905,979,136,74.38,20.23,1101.64,872.22,98.41,90.01,99.28,96.8,87.87,86.13,98.49,36.89,-8.91,82.04,51.26,16.15,0.0,6.37,92.03,78.05,77.48,62.14,0.42,6.33,3.17,3.27,0.79,5.22,1.77,57.06,82.18,67.63,75.77,98.57,50.13,33.55,97.76,92.61,3421.36,86.14,100.0,71.7,0.0,97.1,41.8,71.64,30.03,-96.8,-94.25,-100.0,-96.8,-100.0,-100.0,-39.29,-8.68,-97.32,91.69,-97.42,-2.58,3.95,1.94,43.11,-25.21,29.12,27.12,15.18,5.18,23.81,5.06,11.11,36.07,57.04,63.64,42.03,-46.98,42.22,34.16,6.64,8.35,16.33,8.76,9.05,18.65,15.72,7.64,28.11,18.01,7.96,29.54,0.0,0.0,0.0,10.87,28.98,0.96,26.55
Dakshina Kannada ,Karnataka,867,987,149,83.89,19.84,1062.81,1037.82,97.78,93.82,99.83,88.62,97.1,82.04,96.92,36.29,10.97,92.72,62.79,4.89,1.15,1.01,93.87,61.93,60.17,46.23,0.0,2.97,0.4,7.5,0.76,9.54,6.62,34.82,67.85,86.14,82.0,97.47,68.89,35.4,98.27,83.5,3698.92,83.48,100.0,41.85,0.0,91.89,30.4,34.97,24.05,-86.79,-93.85,-100.0,-89.02,-90.03,-96.54,-34.7,-5.8,-88.66,88.68,-96.62,-3.38,3.85,0.91,59.85,2.22,5.3,25.1,30.52,15.71,26.35,6.88,12.59,22.16,53.52,51.12,38.85,-35.76,38.75,35.01,5.96,7.47,15.42,6.93,6.8,14.78,17.46,8.59,30.12,18.51,8.12,29.85,0.4,0.37,0.41,4.37,15.09,0.61,11.58
Kodagu ,Karnataka,898,885,139,83.63,21.23,1168.41,1189.95,97.21,92.01,98.72,89.2,93.86,78.32,98.45,45.63,-12.99,88.5,58.86,12.83,0.81,3.19,94.2,73.02,72.32,53.73,0.0,6.25,2.8,5.56,1.4,5.55,2.22,41.97,70.83,70.56,74.36,95.5,46.77,30.21,97.78,93.25,2829.91,91.94,98.43,73.31,0.2,94.07,33.25,42.97,30.63,-90.56,-96.46,-93.74,-90.56,-93.74,-93.74,-32.87,-2.84,-93.74,90.69,-88.06,-11.94,5.52,2.53,42.31,3.45,9.05,30.41,21.65,9.34,22.59,7.31,12.04,34.69,54.67,54.37,39.55,-50.05,39.85,35.82,6.19,9.09,17.4,6.58,9.92,19.28,16.09,10.61,31.52,19.5,8.56,33.31,0.19,0.77,0.51,8.73,22.19,2.27,27.88
Mysore ,Karnataka,857,951,134,72.4,20.71,1076.71,1123.46,99.63,85.32,99.47,95.41,86.44,94.73,97.97,26.24,-14.14,78.92,49.64,17.5,0.05,6.99,90.56,79.53,77.29,68.24,0.0,2.42,1.14,4.22,0.44,5.57,4.43,37.57,78.63,82.02,85.74,94.6,65.16,31.08,98.44,93.54,4143.26,88.61,100.0,56.17,0.0,97.82,43.65,67.94,24.7,-97.17,-92.6,-100.0,-100.0,-97.17,-100.0,-47.84,-2.15,-97.17,98.13,-93.94,-6.06,2.96,1.61,49.88,-11.72,13.4,27.5,15.61,7.15,28.23,1.28,14.68,36.39,54.02,57.23,48.67,-24.21,47.97,41.73,5.22,7.09,13.8,4.17,8.17,13.98,13.81,7.26,25.5,18.14,6.76,27.41,0.89,0.97,0.31,6.7,22.73,1.56,22.24
Chamarajanagar ,Karnataka,890,957,136,63.19,19.43,1037.18,953.16,100.0,84.02,98.65,99.89,75.16,88.96,97.95,34.37,-21.81,72.36,41.69,19.29,0.43,6.14,94.05,79.8,79.43,69.95,0.0,2.91,0.83,4.48,0.38,3.38,2.56,54.79,83.5,83.18,84.11,96.61,41.19,27.85,100.0,94.16,4270.2,93.15,100.0,82.65,0.0,96.7,31.41,-51.82,27.13,-93.33,-90.79,-97.9,-95.45,-95.77,-97.9,-36.82,-0.01,-95.55,93.55,-94.84,-5.16,4.61,3.61,43.48,-16.74,17.75,32.21,17.97,6.77,28.73,1.62,17.91,30.55,37.66,68.66,46.36,-43.34,46.32,52.87,6.5,6.3,14.07,5.98,8.13,14.84,16.88,9.26,28.76,18.93,9.12,29.91,0.16,0.16,0.71,2.78,22.42,0.9,19.98
Gulbarga ,Karnataka,909,1147,167,64.95,26.75,1023.34,976.11,97.02,76.3,99.4,92.51,36.53,58.52,92.24,17.36,19.46,68.24,42.03,29.84,3.99,4.93,68.92,53.04,53.04,40.31,0.0,0.73,3.53,5.4,0.99,12.6,5.28,32.32,70.09,59.31,53.63,90.76,26.64,18.22,95.12,79.62,3737.72,78.06,88.66,60.52,7.02,87.08,22.72,47.76,15.34,75.25,86.26,94.99,81.91,87.44,84.0,25.64,12.22,84.5,94.45,94.58,4.23,9.44,0.82,37.83,16.87,15.38,34.51,25.02,12.21,36.18,4.07,20.81,21.83,46.18,75.12,55.96,-57.98,56.03,61.44,5.9,3.79,11.41,7.23,6.09,15.07,10.28,3.41,17.02,16.09,5.47,24.76,1.42,0.75,1.75,10.99,33.48,0.77,16.97
Yadgir ,Karnataka,904,1242,171,51.88,29.24,1020.25,922.28,92.69,74.24,99.04,95.17,37.37,48.79,76.27,16.74,6.24,48.05,26.43,33.19,3.53,6.91,67.88,63.95,63.74,57.61,0.1,1.73,2.13,1.1,0.33,7.47,5.9,23.07,64.96,57.41,63.59,79.41,29.59,10.8,97.93,73.28,4385.5,72.21,93.34,73.36,2.85,93.04,14.28,44.98,7.22,82.63,84.6,97.22,85.25,90.98,89.33,24.64,1.61,90.12,77.7,97.63,2.37,5.09,0.61,47.09,12.37,13.41,57.6,17.71,7.21,45.24,2.25,25.95,18.77,32.38,75.99,57.09,61.14,57.3,61.77,3.56,3.56,7.71,6.54,5.9,13.13,10.61,4.53,17.49,11.23,4.53,18.02,0.0,0.1,0.15,14.55,31.79,1.1,19.44
Kolar ,Karnataka,883,990,164,71.64,21.75,1029.59,919.0,99.59,92.81,99.46,98.51,89.22,89.92,94.66,33.89,17.03,78.28,55.01,26.69,0.89,9.02,93.74,72.72,71.92,65.36,0.0,4.2,0.5,0.8,0.51,5.12,3.54,44.54,71.68,78.03,90.91,97.11,60.18,39.46,99.06,95.71,3187.91,94.97,99.6,76.14,0.0,99.27,42.12,66.07,34.96,-86.28,-86.28,-100.0,-90.63,-88.98,-86.28,-40.07,-6.39,-86.88,87.52,-90.77,-9.23,3.58,1.49,42.59,20.08,21.65,31.09,15.53,5.81,15.67,5.28,17.76,27.92,47.52,57.93,43.78,-37.85,43.6,46.87,4.43,7.53,12.51,6.11,8.08,15.09,13.18,9.02,24.25,17.89,8.67,27.9,4.95,0.36,0.18,12.98,19.2,0.34,12.77
Chikkaballapura ,Karnataka,883,881,144,65.87,21.71,1067.01,1109.88,97.6,86.4,99.88,98.05,84.91,89.35,94.98,26.12,14.62,76.32,47.96,27.06,0.47,5.3,96.22,77.75,77.43,69.38,0.0,3.44,1.57,1.84,0.61,3.78,2.62,49.74,79.45,82.6,90.52,94.73,48.79,19.67,98.24,91.17,4324.26,90.48,98.97,83.02,1.03,97.48,38.19,-47.63,36.85,-76.64,-79.46,-87.86,-81.17,-83.81,-92.4,-36.35,-10.41,-83.81,84.8,-100.0,-0.01,4.3,0.95,39.83,-17.67,18.07,31.32,16.12,6.08,25.15,2.15,22.63,26.58,43.09,58.97,45.81,-37.87,45.53,46.85,4.76,5.75,11.94,5.1,9.17,16.47,13.54,7.5,24.13,21.31,9.1,32.5,0.35,0.35,0.57,18.19,20.17,1.2,11.74
Bangalore Rural ,Karnataka,891,956,142,74.25,20.46,986.33,1176.67,99.01,94.52,99.22,97.91,88.8,93.56,95.62,34.88,16.43,83.81,56.3,14.11,0.43,6.44,97.57,77.54,76.33,65.68,0.11,3.22,1.66,3.47,0.84,5.9,4.05,46.64,85.84,81.82,90.92,100.0,66.95,39.83,98.43,91.68,4836.14,91.01,100.0,72.04,0.0,97.92,43.58,60.46,37.03,92.67,-92.54,100.0,94.25,98.42,100.0,27.12,4.25,94.57,84.94,100.0,0.0,3.2,0.39,59.75,15.66,17.56,36.57,16.24,9.37,23.84,6.03,14.05,33.18,60.2,60.84,44.63,-33.61,44.24,43.87,5.85,6.23,13.64,5.63,10.61,17.69,15.57,7.39,26.68,20.92,8.01,30.76,0.85,0.15,0.15,13.12,24.84,1.45,17.75
Ramanagara ,Karnataka,878,814,108,68.83,18.14,1064.36,780.66,100.0,89.95,99.61,98.34,89.63,91.98,95.65,35.71,-41.13,82.67,54.45,11.81,1.74,5.73,99.54,78.05,77.49,70.03,0.0,2.83,1.54,2.41,0.42,5.06,3.05,34.12,82.9,91.84,88.74,94.65,47.93,23.86,100.0,86.95,4877.32,84.81,100.0,68.78,0.0,100.0,39.91,57.81,31.78,-100.0,-92.64,-100.0,-100.0,-100.0,-100.0,-38.37,-0.01,-97.72,87.61,-96.54,-3.46,7.2,2.54,49.85,-8.62,-16.63,15.62,20.01,7.71,19.8,4.03,13.17,36.52,45.37,60.2,45.3,-43.34,45.46,47.22,6.45,9.71,18.21,6.27,11.91,19.57,16.08,7.28,28.23,17.76,7.89,29.86,0.26,0.33,0.66,3.61,25.9,0.48,17.94
Kasaragod ,Kerala,922,945,116,90.81,24.07,1134.41,983.94,99.14,95.54,99.46,93.16,98.85,73.5,99.62,44.01,9.61,95.91,68.31,4.74,1.37,3.66,93.92,56.36,46.64,39.01,0.23,2.44,0.0,3.47,0.0,12.51,6.44,23.91,69.06,97.42,91.18,99.2,89.41,83.72,92.77,95.03,3778.49,95.86,100.0,29.86,0.0,100.0,28.75,28.88,28.44,92.45,97.97,98.55,94.37,96.64,97.25,9.27,24.69,95.34,83.41,88.29,11.71,1.91,0.31,86.05,9.43,12.21,25.34,12.57,5.69,21.42,1.58,9.42,28.41,76.83,34.29,35.62,-27.31,35.35,39.58,8.08,10.22,20.41,9.99,10.16,22.26,13.45,5.3,26.12,15.9,4.62,26.0,3.53,1.73,0.64,3.53,14.2,0.12,14.92
Kannur ,Kerala,919,950,101,96.66,23.89,1202.76,880.19,99.63,98.47,99.66,93.88,99.46,70.39,99.24,47.93,32.28,99.08,74.1,5.38,0.38,2.35,96.77,61.86,54.22,47.71,0.0,1.34,0.68,4.28,0.0,12.7,9.19,16.8,76.97,94.82,78.27,97.66,78.01,58.81,95.26,93.35,6125.35,89.96,100.0,33.59,0.0,100.0,39.72,40.02,39.13,77.7,-88.42,98.04,79.49,87.46,83.69,9.75,3.92,87.46,80.21,91.61,8.39,0.73,3.27,63.76,39.85,38.43,19.36,13.95,6.9,17.93,2.95,8.67,32.36,72.94,37.24,39.72,-39.72,39.72,30.35,10.53,11.13,23.84,10.2,11.56,25.02,17.24,7.55,31.01,23.32,5.83,34.8,2.9,2.09,0.33,1.7,12.93,0.06,14.06
Wayanad ,Kerala,919,813,128,88.18,21.18,1018.58,1002.71,96.82,97.06,96.96,94.09,97.62,55.73,98.98,64.75,-33.62,93.72,68.04,8.42,0.49,2.57,84.91,78.88,69.52,64.84,0.17,2.66,0.15,1.11,0.0,5.6,4.03,11.8,68.49,97.64,94.19,99.39,94.91,75.28,97.67,95.94,-7966.72,97.19,100.0,37.61,0.0,100.0,25.73,30.17,18.37,-86.37,-88.41,-97.7,-88.81,-86.37,-90.83,-25.58,-0.01,-81.93,78.05,-93.24,-6.76,1.4,1.39,59.96,14.81,14.14,31.33,16.12,5.3,22.5,6.53,13.99,26.65,73.88,39.35,27.01,-43.34,26.94,27.68,7.45,8.44,18.31,8.19,7.92,17.89,15.07,7.22,28.79,17.73,7.37,28.27,1.46,1.22,0.18,10.6,25.98,1.17,23.19
Kozhikode ,Kerala,888,825,107,97.68,19.91,1112.48,1000.03,98.89,98.55,99.6,93.34,99.63,73.83,99.77,61.11,-36.48,99.05,84.28,4.23,1.0,3.79,96.52,67.72,58.5,52.5,0.0,1.41,0.29,3.35,0.0,9.55,5.91,14.36,71.54,98.3,91.75,96.66,85.68,76.14,96.64,90.99,4733.57,88.96,100.0,42.17,0.0,100.0,45.67,48.82,41.35,-88.78,-92.29,-98.1,-96.2,-90.68,-90.68,-12.89,-16.47,-89.39,80.89,-81.23,-18.77,2.34,1.16,85.59,26.67,25.06,21.31,14.14,3.41,18.85,4.4,8.43,30.68,74.22,32.12,30.15,-23.18,29.83,32.57,7.68,11.7,22.46,10.17,11.66,23.91,16.04,5.99,29.63,18.88,3.98,28.43,2.27,1.56,1.12,0.78,11.25,0.0,13.5
Malappuram ,Kerala,905,1004,141,94.9,26.97,1100.62,806.92,99.74,97.33,99.69,97.7,99.85,59.02,99.41,42.76,24.74,99.15,69.51,15.27,0.27,2.58,88.69,58.58,41.52,36.82,0.0,0.81,0.39,1.88,0.0,13.76,8.46,10.94,61.31,95.3,90.42,99.62,92.33,71.06,91.46,96.85,6759.61,95.06,100.0,25.63,0.0,100.0,25.48,26.79,21.68,80.27,-82.57,100.0,86.25,82.26,86.27,18.35,3.46,82.0,74.24,79.61,20.39,5.54,0.64,69.64,26.77,26.07,29.36,18.17,6.53,21.36,3.26,10.32,36.6,69.12,47.21,34.51,-41.13,34.74,38.11,6.89,12.08,21.39,10.06,11.82,23.95,14.34,4.87,25.37,18.46,4.85,27.44,1.41,0.41,0.0,1.49,12.5,0.19,7.69
Palakkad ,Kerala,912,881,113,89.62,19.32,1147.87,1011.69,99.5,95.44,98.93,94.68,98.96,67.48,99.66,53.79,-32.77,94.4,63.16,14.12,0.0,4.38,87.52,58.86,51.88,48.09,0.0,1.74,0.16,1.9,0.0,10.79,6.67,14.56,56.57,97.69,68.39,87.93,71.71,58.77,87.34,97.5,-6211.16,93.19,100.0,29.63,0.0,100.0,31.19,29.7,34.72,-51.82,-73.15,-90.21,-57.04,-71.03,-77.0,-11.52,-10.95,-62.43,77.6,-94.1,-5.9,2.66,1.89,55.17,-26.76,23.69,29.67,21.71,9.0,27.73,1.08,12.92,32.89,66.18,51.94,50.02,-40.48,49.64,43.3,8.99,12.77,24.63,10.47,13.04,26.33,17.86,7.76,32.38,22.37,8.51,35.34,3.69,1.09,0.56,5.11,22.48,0.39,23.12
Thrissur ,Kerala,852,715,66,97.79,18.8,1166.59,763.1,100.0,100.0,100.0,93.67,99.5,76.33,99.69,48.65,-30.85,99.41,79.18,1.0,0.0,1.02,87.46,69.71,61.5,52.88,0.0,2.85,0.63,4.57,0.0,10.85,4.89,10.11,59.74,97.1,82.4,95.74,78.63,70.78,87.0,95.17,-5007.15,88.37,100.0,30.85,0.0,100.0,45.71,42.96,-51.87,68.58000000000001,66.06,92.52,73.14500000000001,80.72,82.19,23.525,5.54,77.60499999999999,87.65,93.65,0.0,8.23,2.29,69.02,-11.48,-14.27,22.04,9.61,3.79,17.28,6.09,10.86,42.84,71.64,48.71,44.87,-43.34,44.44,36.52,8.93,15.14,28.29,10.98,16.63,31.74,14.33,6.12,31.43,18.12,8.22,36.76,3.02,2.75,0.87,2.3,17.81,0.21,26.19
Ernakulam ,Kerala,857,747,115,97.21,18.8,1046.03,1034.04,98.0,98.73,100.0,98.16,99.31,88.35,99.27,46.24,-37.68,99.32,83.76,2.85,1.01,0.0,94.48,69.68,61.49,51.89,0.0,1.54,0.34,6.11,0.0,10.73,6.78,12.91,79.88,92.6,82.18,96.54,82.77,70.55,90.89,96.05,-4940.19,94.16,99.12,23.17,0.48,100.0,51.08,50.01,-56.55,-82.61,-96.9,-97.93,-82.61,-91.39,-92.74,-15.05,-8.87,-91.39,88.22,-93.35,-6.65,1.8,2.36,71.02,11.88,11.28,22.02,17.12,7.36,19.42,5.42,8.0,39.64,74.23,36.37,32.13,-43.34,31.65,30.11,9.26,11.79,25.84,9.45,11.51,25.52,15.73,5.0,29.56,18.06,5.54,30.24,2.86,1.99,0.67,1.37,15.29,0.48,24.96
Idukki ,Kerala,857,710,121,92.95,19.02,1028.96,858.8,97.78,97.6,98.95,82.28,97.52,54.29,99.64,58.1,-18.25,94.38,73.23,7.08,2.2,2.72,92.6,72.31,67.77,60.51,0.0,2.09,0.0,5.17,0.0,9.38,5.26,22.27,64.33,93.32,74.25,97.98,75.57,63.57,95.98,93.96,4941.89,95.29,100.0,47.58,0.0,100.0,40.28,46.96,32.92,-89.64,-89.64,-100.0,-96.58,-89.64,-92.99,-13.36,-0.01,-89.64,81.25,-93.29,-6.71,3.3,5.32,78.8,-33.98,-36.51,24.25,14.49,6.84,23.55,2.32,8.95,36.27,72.12,32.03,32.38,-43.34,32.02,33.78,8.18,10.56,22.78,10.25,10.7,23.86,17.6,10.09,34.77,18.2,7.85,31.81,3.46,2.63,0.64,3.73,24.75,0.39,24.1
Kottayam ,Kerala,867,659,100,97.92,18.76,1070.55,864.73,97.18,97.64,99.63,97.14,98.59,72.48,97.43,53.19,-33.69,99.7,85.77,1.56,0.0,2.78,94.07,44.66,40.25,33.04,0.0,1.86,0.65,3.58,0.0,16.13,5.63,17.5,-40.76,81.59,55.12,83.62,51.13,43.98,90.37,84.95,-10235.5,83.52,98.69,44.26,0.65,99.33,48.01,49.42,47.71,68.58000000000001,66.06,92.52,73.14500000000001,80.72,82.19,23.525,5.54,77.60499999999999,91.19,93.65,0.0,10.2,1.24,51.07,-16.91,-18.95,23.41,8.38,2.31,17.3,3.23,12.3,39.82,63.09,36.81,38.62,-43.34,38.74,38.13,7.59,16.86,28.7,8.93,15.51,29.41,15.38,8.61,34.21,21.02,9.18,38.82,2.59,3.03,1.48,1.71,18.3,0.55,27.4
Alappuzha ,Kerala,886,685,111,97.78,16.63,1107.87,1484.97,95.34,100.0,99.92,98.41,99.17,79.21,99.88,60.43,-46.78,99.7,78.83,3.8,0.6,2.9,93.09,61.53,56.9,49.56,0.55,1.33,0.21,4.3,0.0,12.25,5.96,10.98,40.87,85.13,65.68,87.47,61.0,51.96,96.41,89.24,-10557.46,85.08,99.38,48.98,0.62,100.0,47.79,53.83,42.17,-61.89,66.06,-96.87,-79.31,-76.84,-83.29,-22.15,-8.7,-76.84,93.57,-100.0,-0.01,4.45,2.83,62.1,-17.2,-17.85,20.08,14.36,2.13,20.4,4.5,14.33,41.89,58.94,30.25,31.99,-43.34,31.88,22.9,9.38,12.36,25.24,8.22,14.6,25.43,15.24,6.33,32.12,20.47,7.69,36.19,4.73,2.63,0.65,1.83,18.29,0.18,29.02
Pathanamthitta ,Kerala,854,625,92,97.66,16.41,1173.67,916.2,100.0,95.13,99.63,94.07,98.94,60.12,99.64,50.11,-31.47,99.66,84.53,0.0,0.0,0.0,97.9,59.26,54.38,47.62,0.23,2.6,0.5,3.43,0.0,12.32,4.86,16.15,-63.13,92.92,83.91,94.16,74.72,58.62,92.21,95.24,-7608.45,93.19,99.07,36.75,0.0,99.15,57.56,61.07,-53.04,68.58000000000001,66.06,92.52,73.14500000000001,80.72,82.19,23.525,5.54,77.60499999999999,-90.93,93.65,0.0,4.65,3.5,65.03,-54.07,-50.14,22.67,11.36,3.92,11.16,5.02,12.28,43.84,61.57,44.24,36.93,-43.34,36.41,20.94,8.48,17.85,32.12,9.16,20.53,34.71,17.72,11.72,42.09,23.95,9.17,41.87,7.66,4.13,0.76,1.51,22.25,0.16,23.78
Kollam ,Kerala,859,753,78,96.61,18.89,1170.7,1134.92,100.0,96.18,99.77,95.7,97.54,80.14,99.01,56.01,-11.82,98.22,80.56,1.83,0.67,0.0,99.4,62.91,60.53,57.23,0.0,0.57,0.59,1.74,0.21,11.88,7.21,15.07,62.01,92.57,79.28,98.54,88.98,81.47,94.94,91.44,6835.68,89.52,100.0,44.65,0.0,100.0,49.14,58.44,37.62,-85.36,66.06,-96.25,-95.59,-89.11,-89.11,-29.91,-11.1,-82.1,93.91,-90.51,-9.49,5.54,5.44,61.63,-16.68,-17.33,15.49,21.38,6.94,16.99,9.37,9.52,43.52,74.35,32.53,36.74,-43.34,35.96,24.53,8.08,13.6,26.23,9.52,16.72,30.22,16.31,6.57,32.36,18.61,8.2,35.26,4.5,2.24,0.54,1.63,21.45,0.22,22.27
Thiruvananthapuram ,Kerala,833,657,84,94.48,20.33,1144.5,1000.04,99.4,94.24,99.89,92.89,95.43,72.2,99.29,48.68,-28.46,98.48,83.05,6.2,0.76,4.55,98.14,41.32,38.54,33.19,0.0,1.15,0.16,3.42,0.0,19.28,9.79,18.57,-33.89,87.7,55.33,91.91,71.55,59.9,79.13,86.21,-10164.64,88.04,99.45,34.67,0.55,100.0,32.77,36.04,27.18,-72.82,66.06,-100.0,-76.33,-84.02,-93.44,-15.06,-11.53,-80.98,91.81,-81.69,-14.32,6.37,4.89,52.14,-31.87,-32.29,19.53,17.36,6.28,15.21,2.81,6.61,50.6,74.06,33.03,32.49,-43.34,32.98,20.87,6.3,16.47,26.07,10.18,21.13,36.24,12.32,5.98,31.44,14.54,6.85,32.14,6.68,6.79,1.24,0.84,14.98,0.0,15.17
Leh(Ladakh) ,Ladakh,909,1154,141,66.28,20.99,966.82,949.17,98.65,77.73,99.82,87.11,42.39,93.49,99.05,16.18,-1.58,76.39,49.77,2.47,0.0,0.0,82.98,55.64,54.19,19.27,0.43,10.0,6.6,9.34,7.21,7.05,3.18,15.83,61.95,80.92,69.63,94.87,9.51,2.55,96.48,80.82,4042.79,78.56,96.4,95.67,1.97,98.37,43.14,39.56,44.33,-88.88,-100.0,-98.23,-88.88,-90.64,-88.88,-53.83,-13.17,-88.88,89.24,-100.0,-0.01,10.85,7.84,45.88,-23.29,29.17,24.25,17.22,7.63,18.95,12.66,5.25,30.22,84.6,95.48,94.62,78.95,93.5,96.76,4.56,0.71,6.1,4.23,1.56,6.36,8.74,0.66,12.75,9.21,0.83,14.69,0.21,0.0,0.17,4.44,39.54,6.1,40.63
Kargil ,Ladakh,909,1201,166,69.56,24.53,975.18,1335.52,98.46,71.62,99.12,90.18,42.25,58.06,98.6,13.56,0.0,77.22,50.31,2.46,0.35,0.0,74.39,46.85,41.58,14.08,0.32,5.7,6.62,8.56,5.05,8.76,4.91,9.11,55.41,91.02,88.01,93.54,19.61,12.45,99.14,78.28,3568.67,74.68,93.72,93.72,2.57,95.55,32.01,39.56,34.16,-87.46,-100.0,-100.0,-87.46,-100.0,-97.4,-31.0,-7.72,-100.0,85.0,-100.0,-0.01,6.16,2.79,71.01,18.2,18.52,36.54,17.7,10.53,21.78,14.04,3.5,26.33,88.0,87.85,92.75,76.71,92.01,97.06,3.19,2.84,7.28,4.58,3.42,10.15,11.97,2.69,18.73,13.2,3.75,20.1,0.36,0.37,0.17,1.85,31.94,1.38,6.84
Lakshadweep , Lakshadweep ,921,1234,135,92.98,22.34,1187.0,1050.75,100.0,96.55,99.78,92.88,99.8,59.43,96.66,60.11,32.02,96.5,67.79,1.32,0.69,1.13,98.27,52.62,30.14,20.68,0.0,0.97,1.15,4.1,0.0,12.26,8.02,14.79,-85.04,99.6,88.31,99.36,80.11,61.67,77.82,92.58,2533.27,93.7,99.61,65.27,0.39,100.0,31.3,37.66,28.15,-86.14,-91.67,-94.2,-86.14,-90.98,-90.98,-11.67,-12.69,-88.85,44.79,-100.0,-0.01,2.27,1.41,76.3,20.24,18.95,32.02,17.35,8.74,25.78,10.49,7.98,33.52,68.43,43.08,25.98,-20.9,25.8,31.36,8.4,9.89,19.54,10.18,8.14,20.71,13.88,6.47,24.81,16.64,5.09,24.74,1.66,0.51,0.27,17.53,28.49,0.3,0.44
Sheopur ,Madhya Pradesh,883,997,119,53.09,30.97,962.77,974.44,86.21,76.78,98.02,91.08,47.99,22.92,94.94,27.11,1.0,54.76,15.93,39.49,4.1,5.16,50.48,67.66,63.5,51.79,0.0,0.73,1.95,7.2,0.42,8.96,5.0,32.45,63.33,73.18,41.01,90.94,36.43,21.32,95.32,76.2,1408.61,73.19,84.16,76.55,2.46,82.14,10.5,-45.68,9.18,65.79,78.32,93.56,70.22,78.21,75.54,28.7,61.21,74.07,68.08,100.0,0.0,3.65,0.24,50.75,4.14,4.4,45.75,16.18,7.89,37.67,1.24,30.51,11.23,33.59,71.59,65.25,59.61,64.91,61.82,4.81,4.38,9.56,5.51,4.23,10.1,13.85,4.08,19.16,17.51,7.42,25.74,0.0,0.0,0.21,13.9,53.44,0.34,12.9
Morena ,Madhya Pradesh,932,1079,137,66.95,31.07,964.34,1086.55,93.3,77.02,99.46,97.11,62.68,32.57,93.96,36.27,6.52,70.71,25.59,27.79,4.54,6.71,67.53,58.94,51.83,42.49,0.0,0.38,1.7,5.17,0.17,15.02,7.83,20.78,63.93,82.47,64.92,97.8,43.07,31.2,99.36,84.23,1787.54,80.82,94.76,80.9,1.04,89.99,7.93,38.08,3.28,69.73,69.27,90.98,79.98,81.09,85.05,24.73,78.56,81.09,63.12,98.73,0.0,6.65,1.35,59.41,9.05,8.23,39.96,10.11,2.7,29.62,2.38,22.33,20.15,27.77,74.66,68.4,52.57,67.45,66.0,7.97,3.56,11.68,9.93,6.02,16.82,9.57,4.46,14.89,13.58,4.21,19.08,0.0,0.0,0.37,4.93,39.34,0.17,6.93
Bhind ,Madhya Pradesh,900,956,133,66.93,28.54,978.56,968.06,93.1,79.29,98.15,95.49,79.86,30.96,94.8,30.98,6.87,73.79,28.91,25.06,2.2,5.54,75.34,58.67,48.5,38.36,0.24,1.18,0.69,5.68,0.3,17.21,7.57,27.76,69.74,82.64,63.12,94.34,48.1,29.77,97.77,84.16,1251.53,85.85,93.53,82.06,2.3,93.52,11.87,-64.94,5.38,70.74,77.83,92.15,74.91,83.1,89.39,24.39,78.02,81.67,67.06,98.49,1.51,7.03,0.24,50.09,14.84,13.62,32.23,12.38,4.92,29.03,1.15,24.29,20.49,30.46,75.6,70.25,-56.17,69.86,69.92,7.09,5.0,12.69,7.48,6.11,13.77,10.61,3.45,15.23,11.98,4.33,16.96,0.39,0.16,0.61,5.59,37.86,0.41,6.74
Gwalior ,Madhya Pradesh,866,958,123,72.19,24.36,902.05,752.6,94.54,81.49,99.5,98.6,83.16,69.8,94.86,40.62,0.0,78.1,37.93,11.8,3.0,3.28,77.07,60.56,51.49,36.45,0.16,0.46,2.32,10.85,0.18,13.42,5.88,22.54,70.48,86.21,68.85,97.18,56.13,38.89,97.65,81.34,1717.25,85.84,94.75,74.13,0.74,94.21,20.28,51.02,13.17,80.45,86.58,91.77,82.21,83.92,82.16,26.94,70.22,80.98,72.62,94.66,1.88,6.89,0.57,49.17,11.26,11.6,40.14,12.36,2.4,32.98,0.67,20.43,26.12,38.81,78.39,62.45,-63.59,62.5,66.64,4.89,5.64,11.11,5.1,7.09,13.04,12.64,4.86,19.91,16.94,6.3,25.1,0.22,0.0,1.51,4.58,30.15,0.2,11.28
Datia ,Madhya Pradesh,906,1015,145,67.39,24.09,916.0,658.4,89.5,82.42,99.77,95.82,66.78,31.2,91.52,30.87,4.42,71.16,27.84,27.66,1.89,5.95,72.94,73.05,66.25,58.18,0.0,0.16,0.84,5.9,0.0,7.35,4.19,32.22,55.95,76.46,54.16,94.39,43.3,21.43,98.02,82.04,1809.34,82.17,89.44,76.65,5.8,88.61,13.19,-63.8,6.56,79.61,-80.59,98.49,81.5,88.83,88.58,21.37,81.08,87.11,68.89,100.0,0.0,5.68,0.42,56.42,3.45,2.75,36.77,16.37,6.81,29.42,2.77,22.99,19.11,38.97,72.76,58.58,-59.73,58.63,59.49,6.79,5.0,12.23,8.29,5.86,14.57,10.55,3.42,15.33,14.11,4.37,19.65,0.66,0.66,1.1,6.65,44.71,0.21,9.36
Shivpuri ,Madhya Pradesh,810,790,115,61.44,27.83,897.8,962.5,88.12,79.52,97.19,86.8,55.49,32.67,96.17,38.92,2.85,62.45,21.23,32.51,3.66,6.7,58.74,64.34,55.53,49.1,0.0,0.31,0.32,5.16,0.31,12.65,7.67,31.49,54.12,75.9,52.71,98.11,48.02,27.65,95.37,88.14,721.31,84.66,94.46,89.26,1.92,93.97,8.87,39.56,5.91,63.05,67.77,94.48,68.66,77.46,78.37,33.03,70.46,76.01,69.49,100.0,0.0,6.83,0.58,62.47,8.1,7.23,39.18,18.37,5.68,36.05,0.0,26.69,16.42,32.63,70.54,50.69,-58.41,51.05,54.61,5.9,3.54,9.95,6.96,6.54,15.07,8.93,3.47,13.69,11.22,3.14,15.69,0.92,0.0,0.0,7.52,43.43,0.2,12.17
Tikamgarh ,Madhya Pradesh,630,620,82,66.82,26.55,912.0,1104.71,96.41,-78.43,99.7,79.95,56.58,32.13,96.94,40.48,4.12,70.63,25.82,32.63,2.18,5.39,71.3,76.15,71.0,65.95,0.0,0.19,0.84,3.66,0.19,4.07,2.58,42.77,69.04,84.67,64.15,100.0,40.85,27.83,99.51,86.87,551.41,86.49,89.8,79.51,4.38,93.68,5.8,39.56,0.81,-78.99,-79.86,-100.0,-84.49,-86.93,-89.75,-26.9,-72.31,-83.26,60.2,-100.0,-0.01,4.36,0.84,52.36,-9.16,-8.82,27.5,19.73,7.26,34.88,0.0,21.3,10.4,42.59,67.48,49.85,-36.71,49.05,56.37,7.5,4.35,12.23,9.1,5.5,14.91,11.34,1.75,14.38,10.5,2.05,12.93,0.0,0.0,1.56,5.59,53.85,0.3,14.44
Chhatarpur ,Madhya Pradesh,935,1001,161,65.06,29.62,928.94,924.8,86.44,57.57,96.76,86.5,55.46,30.13,86.63,17.08,18.99,63.68,24.73,39.15,5.38,6.58,62.98,72.87,60.63,48.78,0.24,0.27,0.38,8.91,0.12,6.36,3.92,17.79,53.6,65.79,36.88,92.33,27.1,15.58,91.24,72.2,1505.08,79.75,85.22,73.05,2.2,84.44,11.0,-60.29,5.02,72.91,-80.39,98.19,79.56,93.21,87.09,34.73,68.08,91.73,65.67,98.16,0.0,6.22,4.9,28.49,7.43,6.77,45.11,17.54,5.76,34.59,1.36,25.19,13.87,46.79,87.21,63.35,-68.29,63.5,67.14,4.53,4.05,8.98,6.22,5.69,12.68,12.35,3.32,17.18,12.91,3.36,17.45,3.93,3.42,3.22,10.81,60.45,0.48,17.49
Panna ,Madhya Pradesh,946,992,152,63.65,27.47,956.23,889.21,87.48,38.73,95.79,85.53,43.81,22.1,83.37,12.56,18.05,62.94,23.97,22.81,4.96,7.96,46.04,67.63,57.79,46.99,0.12,0.65,1.26,6.96,0.78,9.35,4.22,21.7,58.2,61.45,30.87,90.74,29.93,15.89,87.88,73.49,1907.84,74.59,84.04,76.58,3.63,85.98,9.92,-43.64,8.7,64.47,76.15,88.41,70.09,80.61,76.37,38.26,58.41,74.52,77.02,98.47,1.53,7.79,2.14,38.07,10.0,9.35,45.07,23.19,7.94,39.24,2.42,26.77,15.68,56.28,74.46,58.84,-63.38,59.04,63.1,4.72,3.25,8.55,7.72,4.44,12.5,10.35,4.3,16.14,9.42,3.76,14.37,0.49,0.0,0.0,13.57,55.52,0.28,14.07
Sagar ,Madhya Pradesh,925,1014,174,76.43,26.94,937.49,938.89,93.64,64.09,98.6,86.69,68.81,32.74,92.15,27.47,10.78,74.33,32.87,21.41,3.18,6.4,58.97,68.46,60.92,47.47,0.48,0.74,1.56,8.11,0.08,8.0,3.61,22.98,61.65,62.56,35.91,95.11,34.37,12.98,94.43,71.47,2053.68,79.78,86.89,73.62,2.41,82.46,11.62,39.63,8.64,75.89,76.96,98.46,79.24,81.57,88.25,34.73,57.06,78.79,67.7,98.97,0.0,11.21,7.32,23.97,8.51,8.49,42.66,15.23,4.74,35.75,2.32,22.79,20.16,51.95,83.28,49.53,-55.03,49.76,49.68,3.05,2.88,7.02,5.04,4.88,10.56,16.14,6.6,25.27,17.68,6.79,26.39,4.24,3.28,3.47,10.6,51.62,0.33,15.66
Damoh ,Madhya Pradesh,942,988,160,70.31,28.37,953.38,750.79,89.05,55.19,97.28,80.98,40.63,28.08,87.03,21.56,17.18,68.29,24.83,28.57,3.65,5.91,40.93,72.93,67.45,58.13,0.0,1.23,1.38,4.64,0.22,6.44,3.64,16.8,56.95,67.07,46.43,94.11,40.24,29.06,96.23,75.81,1817.57,78.82,84.98,80.31,4.11,85.19,8.79,39.56,7.25,60.78,-76.9,92.71,68.34,75.58,78.61,36.89,53.26,71.6,80.07,97.96,2.04,10.46,4.13,40.4,13.48,12.73,40.26,16.2,6.04,32.29,2.4,23.65,17.39,45.97,76.25,47.93,-50.88,48.07,57.02,4.44,3.19,8.51,4.95,4.91,9.95,13.55,6.31,22.58,14.63,5.01,21.38,0.53,0.19,0.0,16.09,55.41,0.1,15.21
Satna ,Madhya Pradesh,666,689,79,71.91,27.48,1014.42,657.72,95.14,44.24,97.75,92.67,55.36,35.24,93.26,22.0,9.21,73.02,31.46,12.89,5.71,0.71,59.17,71.64,61.2,52.12,2.41,0.69,0.54,3.8,0.5,9.12,3.37,25.8,69.75,68.58,51.5,96.1,41.31,26.03,89.02,81.26,1116.54,79.72,85.53,75.08,4.56,86.34,8.75,39.56,5.71,-76.32,-79.49,-94.93,-76.32,-90.84,-88.4,-41.26,-43.44,-87.03,61.88,-100.0,-0.01,4.03,5.15,22.15,7.23,7.04,49.38,16.8,6.19,31.23,2.27,21.31,20.36,44.6,81.82,57.51,-43.34,57.34,65.08,5.62,4.49,10.42,8.33,5.15,15.1,9.97,4.08,16.17,11.74,3.09,16.26,2.98,2.79,3.3,6.27,55.85,0.06,21.74
Rewa ,Madhya Pradesh,859,927,83,65.22,28.63,1054.68,954.24,93.82,55.05,96.52,82.08,46.05,21.36,92.13,29.37,12.31,67.74,23.05,28.18,5.47,4.77,40.29,70.65,59.9,46.65,1.24,1.33,1.17,6.42,1.01,8.83,3.83,24.18,66.31,51.69,32.99,95.5,29.85,18.27,96.21,77.73,2318.03,77.82,80.43,76.35,4.08,79.87,9.67,39.56,9.52,70.34,77.7,96.05,70.34,92.2,93.54,39.83,68.02,86.58,82.19,97.18,0.0,12.03,2.81,35.94,11.2,10.1,36.97,18.73,8.25,31.53,2.88,16.54,18.17,57.5,78.0,61.72,-60.54,61.66,65.3,6.41,5.7,12.36,7.54,6.39,14.43,12.65,3.74,17.57,14.86,4.23,20.05,0.25,0.0,0.21,7.58,55.3,0.63,17.62
Umaria ,Madhya Pradesh,979,1135,172,68.02,26.09,1026.42,905.68,97.03,65.95,98.17,79.48,53.69,26.86,92.18,19.86,10.76,67.66,26.41,21.2,4.25,4.71,48.9,71.15,60.51,49.61,1.44,0.79,0.9,5.25,0.12,5.66,2.6,40.51,82.88,79.18,48.86,93.72,43.01,26.02,96.28,89.68,1304.39,87.9,92.19,89.22,3.28,85.61,10.52,39.56,8.81,90.64,91.87,98.6,95.55,94.9,94.54,29.4,72.54,88.91,84.6,100.0,0.0,4.37,3.17,41.27,9.5,9.83,45.25,15.47,4.0,36.57,2.71,21.12,14.56,58.64,71.48,51.57,-48.59,51.46,55.32,4.61,4.25,9.44,6.85,5.69,13.06,14.18,5.83,20.92,17.47,3.76,22.1,0.91,0.41,0.77,13.86,59.13,1.97,29.81
Neemuch ,Madhya Pradesh,962,1178,181,64.12,23.83,981.78,993.05,99.61,78.48,99.55,91.73,68.91,52.39,99.58,43.34,2.95,68.45,27.86,29.33,1.16,4.05,66.35,73.43,66.25,48.88,1.02,0.46,2.88,11.14,0.11,7.58,3.88,32.41,74.62,88.88,60.58,94.34,48.35,34.26,99.67,93.32,1878.24,92.92,97.5,86.72,1.16,96.99,13.53,-43.94,10.14,88.67,87.93,100.0,88.67,93.17,91.42,34.19,87.85,93.17,76.1,98.25,1.75,4.77,0.91,43.22,4.26,3.32,33.0,13.09,5.37,27.65,2.49,18.78,20.12,42.91,77.18,50.59,-41.96,50.29,57.68,5.32,3.99,9.79,5.56,3.84,10.01,17.44,7.04,25.95,19.5,7.1,28.5,0.31,0.15,0.0,2.98,31.06,0.41,9.08
Mandsaur ,Madhya Pradesh,932,1015,173,63.09,22.92,973.72,1020.6,97.96,87.22,99.93,77.55,65.35,45.57,99.25,48.43,4.1,67.21,24.06,34.81,0.35,6.11,62.54,72.55,64.77,48.07,0.76,0.51,2.55,11.76,0.0,8.7,4.55,35.83,79.43,86.61,60.78,92.46,49.3,33.75,99.6,93.63,1812.32,90.06,99.35,93.15,0.0,96.38,18.54,39.56,14.28,75.11,-85.16,94.74,80.22,85.73,87.27,29.24,71.77,85.73,87.9,98.27,1.73,2.94,1.39,49.47,1.39,1.2,30.93,13.08,4.14,22.87,1.19,29.35,19.23,30.08,65.37,56.97,-45.82,56.65,56.42,5.53,4.21,10.24,5.65,5.29,11.64,18.16,9.39,29.63,24.53,10.2,36.21,0.42,0.18,0.57,2.27,35.32,0.29,11.3
Ratlam ,Madhya Pradesh,915,1087,158,66.17,28.18,991.35,1066.7,97.33,81.18,98.97,90.98,69.4,53.09,98.79,37.89,10.86,63.41,23.84,31.28,2.09,7.61,59.58,72.61,68.31,51.57,0.64,0.46,1.92,12.4,0.22,7.0,3.53,29.3,70.86,80.16,65.09,94.87,66.02,50.29,99.34,84.56,1728.86,87.7,95.19,87.12,1.92,96.12,12.26,-50.22,9.42,93.0,95.47,97.29,93.0,94.4,94.4,40.85,91.54,94.4,85.98,98.49,1.51,9.32,3.33,41.6,18.1,16.74,28.99,16.22,4.24,28.6,1.21,23.4,17.01,30.83,74.01,59.43,-61.65,59.5,60.48,3.58,4.19,7.91,5.28,4.28,9.69,13.4,6.32,21.27,18.25,5.37,23.99,0.16,0.16,0.16,3.87,33.94,0.16,15.59
Ujjain ,Madhya Pradesh,902,1108,194,68.92,23.68,956.56,957.52,96.37,86.33,99.27,94.66,72.83,60.71,98.65,35.74,16.92,66.31,29.01,33.35,1.6,5.07,74.44,75.38,72.86,56.12,0.36,0.87,3.12,11.8,0.12,6.41,4.17,18.27,80.39,67.04,60.25,94.75,64.8,39.45,97.34,84.5,2650.08,83.96,97.11,83.02,0.91,90.32,14.84,-53.29,8.82,93.65,96.36,100.0,93.65,97.09,95.61,47.81,74.01,91.74,88.51,96.82,3.18,7.36,7.65,39.31,13.67,11.19,34.69,29.77,12.64,36.16,2.81,21.12,15.16,23.82,81.6,54.79,-47.04,54.54,62.94,4.34,2.83,8.22,5.95,4.04,10.81,14.45,6.09,23.27,17.33,6.09,24.98,0.66,0.21,0.43,4.74,38.13,0.78,15.73
Dewas ,Madhya Pradesh,953,1107,188,68.57,25.02,945.56,884.51,94.73,72.36,99.58,93.58,69.61,50.96,99.05,35.07,21.41,67.29,27.7,28.12,1.91,2.22,68.79,63.63,61.23,45.48,0.12,0.91,3.58,9.76,0.83,7.66,3.14,15.14,64.93,61.92,49.07,92.12,57.98,40.84,96.12,84.27,2815.07,82.73,92.23,80.31,3.62,91.85,13.53,-63.09,7.49,87.14,94.95,96.7,88.46,94.92,96.47,42.19,79.52,91.76,86.66,98.72,1.28,8.46,4.74,36.32,10.55,13.12,36.76,20.39,7.61,30.7,4.47,22.46,19.16,29.61,79.42,51.76,-37.31,51.31,59.0,4.02,2.88,7.88,5.24,3.46,9.31,14.32,7.63,24.44,18.31,8.96,28.57,0.15,0.0,0.75,7.26,42.09,0.5,15.39
Dhar ,Madhya Pradesh,592,679,101,59.5,26.89,990.6,1056.07,93.85,76.7,97.62,89.18,61.94,44.76,97.39,30.25,13.53,58.56,23.77,26.46,2.08,7.73,57.89,77.67,75.45,60.93,0.28,2.35,3.9,6.05,1.18,4.75,2.35,24.48,84.39,81.73,76.46,93.1,59.31,33.18,84.9,91.36,1249.56,93.82,95.45,83.43,1.11,96.09,13.21,39.56,5.1,-75.37,-82.28,-94.29,-86.97,-90.3,-87.95,-33.8,-60.92,-86.31,81.09,-100.0,-0.01,5.52,2.93,38.23,-5.64,4.62,28.82,29.46,11.05,35.88,5.23,17.13,10.09,49.4,65.0,49.49,-68.64,50.24,63.88,5.44,3.14,9.69,6.52,3.43,10.52,13.86,4.3,19.93,14.89,3.75,19.84,0.67,0.67,1.02,7.38,44.11,3.91,25.68
Indore ,Madhya Pradesh,868,1071,188,77.98,23.77,986.8,996.49,96.58,81.3,100.0,98.87,90.02,86.88,98.29,40.31,15.61,81.71,47.71,21.69,1.87,4.21,83.65,83.36,79.57,47.94,1.03,2.26,4.55,21.97,1.04,4.02,1.97,27.13,79.13,86.35,74.59,97.73,72.27,37.07,94.19,92.57,1835.26,93.32,96.5,63.5,2.6,97.8,21.86,49.69,8.6,84.57,90.32,95.98,86.05,90.05,90.05,36.44,64.99,86.81,74.3,93.84,6.16,5.21,3.94,29.27,9.02,9.82,28.69,21.21,6.31,24.88,2.16,15.57,19.03,34.16,78.78,47.89,-52.8,48.05,55.85,4.94,4.02,9.89,5.83,4.08,10.47,13.21,4.09,20.74,15.18,4.29,21.32,2.17,1.54,1.54,4.61,36.26,0.21,14.42
Khargone (West Nimar) ,Madhya Pradesh,974,1173,180,62.05,25.92,935.83,1042.87,94.59,78.82,98.78,96.98,73.82,61.58,97.24,43.66,0.0,61.74,27.23,13.28,2.67,6.75,69.12,77.8,75.04,62.42,0.12,0.92,1.94,9.05,0.46,5.54,3.69,39.99,85.7,72.77,61.33,93.17,45.34,27.84,99.7,83.66,1657.33,83.55,92.76,85.62,1.3,88.22,15.26,39.56,13.64,77.44,76.87,95.12,81.03,86.64,88.15,51.39,69.52,88.62,95.96,100.0,0.0,5.38,0.85,42.19,7.1,6.57,31.4,27.4,11.86,43.99,4.92,16.65,15.03,52.89,71.45,50.48,-38.57,50.1,56.1,4.58,3.79,8.89,5.69,3.0,9.37,13.58,5.87,21.16,17.57,6.47,24.9,0.12,0.31,0.31,8.49,43.01,1.11,16.62
Barwani ,Madhya Pradesh,981,1236,189,54.1,33.26,996.96,896.08,89.89,79.4,99.32,90.44,60.98,40.46,90.3,29.22,4.28,52.47,19.34,29.61,3.84,8.96,50.98,76.14,73.49,59.02,0.33,0.91,2.94,7.87,0.28,6.6,3.48,41.32,78.68,88.81,64.22,90.12,54.23,33.02,99.12,81.35,1599.35,82.48,85.11,82.29,5.44,89.91,10.4,39.56,10.24,76.14,78.33,96.45,78.58,84.36,85.85,37.77,72.58,86.83,75.0,100.0,0.0,3.99,1.7,45.92,10.04,11.08,45.84,18.88,6.01,40.99,3.61,27.08,8.18,49.77,78.19,58.54,-53.84,58.38,66.98,5.99,1.76,8.48,6.46,2.44,9.64,15.19,4.78,21.07,19.26,4.73,24.98,1.01,0.54,0.71,9.9,43.79,1.36,21.92
Rajgarh ,Madhya Pradesh,898,1020,144,58.93,26.52,969.25,971.37,90.47,66.57,97.82,74.22,47.84,24.81,95.51,27.12,17.11,56.5,21.34,46.0,3.08,5.35,50.86,69.16,59.71,42.65,0.11,1.14,2.49,11.73,0.24,8.7,3.83,15.44,62.08,75.06,55.15,93.71,43.48,28.5,98.34,73.25,2152.21,78.12,91.7,79.99,1.72,88.19,10.99,-42.32,7.54,71.89,-83.8,90.34,71.89,88.73,85.83,29.12,65.34,83.55,72.66,98.13,0.0,9.15,2.52,30.99,3.77,5.24,27.64,22.44,9.01,26.82,4.14,27.98,14.08,32.17,77.49,52.56,-46.4,52.33,51.89,3.55,3.14,7.61,4.54,3.19,8.36,14.69,6.68,24.36,15.31,7.1,23.97,0.93,0.41,0.41,7.51,48.78,0.51,10.4
Vidisha ,Madhya Pradesh,910,1019,166,69.22,29.0,924.42,960.3,96.71,81.66,98.7,95.72,65.19,31.78,98.99,48.16,9.8,68.89,21.74,22.79,4.92,7.76,58.52,75.09,64.64,44.67,0.0,1.38,3.35,13.82,0.98,5.93,3.35,28.52,63.81,84.88,54.44,96.47,41.33,24.9,100.0,87.84,1667.99,86.86,90.61,82.83,1.93,91.58,7.49,-43.27,4.98,77.96,88.18,91.09,82.51,81.53,84.51,29.18,67.94,78.93,67.97,100.0,0.0,8.41,1.12,42.58,4.3,3.91,36.54,16.55,3.36,34.41,0.31,23.11,19.76,31.68,52.25,37.91,-50.91,38.5,27.09,6.9,4.93,12.15,7.46,6.02,14.07,9.64,4.5,17.17,12.74,4.07,18.09,0.23,0.0,0.23,8.81,54.03,0.05,13.92
Bhopal ,Madhya Pradesh,376,337,38,78.27,22.51,927.3,-1261.45,94.49,-88.11,99.59,96.73,79.57,83.61,99.53,50.65,-24.43,81.28,47.42,11.3,0.54,3.67,78.19,78.67,73.69,46.4,0.63,2.89,3.89,17.34,0.0,9.62,5.15,20.64,-78.13,90.15,64.57,95.39,61.3,42.48,95.36,89.45,3175.78,86.61,98.26,67.73,0.0,92.14,21.86,39.56,23.43,68.58000000000001,66.06,92.52,73.14500000000001,80.72,82.19,23.525,5.54,77.60499999999999,-84.62,93.65,0.0,2.28,0.57,35.97,8.065000000000001,-14.35,19.88,20.64,4.26,29.13,1.8,18.18,31.46,29.04,68.47,53.87,-43.34,53.48,-54.64,7.76,5.89,14.32,6.86,4.91,12.86,11.54,6.84,22.35,18.48,5.05,24.9,0.0,0.0,0.0,8.49,32.85,0.16,14.53
Sehore ,Madhya Pradesh,933,1088,168,68.46,25.56,894.04,824.31,91.74,66.24,99.16,92.2,75.16,33.73,97.55,33.24,16.54,69.68,28.21,21.7,2.13,4.18,49.76,53.4,51.48,34.64,0.42,0.74,2.92,11.27,0.83,14.71,6.05,14.62,51.45,58.49,44.97,92.83,47.32,28.32,95.36,74.37,3654.25,80.35,94.67,82.85,1.2,86.93,14.49,-49.02,10.49,60.33,-82.71,93.26,65.73,80.7,80.82,30.07,55.13,76.91,70.54,100.0,0.0,8.94,2.77,35.31,6.53,5.48,21.87,20.28,9.58,27.57,2.96,27.07,20.61,36.77,82.37,44.78,-58.77,45.34,50.49,3.29,3.13,8.2,4.72,3.87,9.99,14.06,7.99,25.96,17.87,7.02,26.56,1.35,0.84,1.52,9.68,47.08,0.3,10.53
Raisen ,Madhya Pradesh,463,474,52,73.31,26.08,900.15,753.82,95.35,-77.04,99.32,92.43,69.6,38.91,98.53,40.98,-26.32,78.63,34.61,12.58,3.06,1.69,59.29,76.27,72.58,53.69,0.72,0.0,1.7,16.28,0.0,5.26,2.77,25.18,-83.91,82.53,56.59,94.7,54.54,36.7,98.71,88.75,2787.3,88.99,96.03,93.16,1.15,91.14,12.3,39.56,11.42,68.58000000000001,66.06,92.52,73.14500000000001,80.72,82.19,23.525,5.54,77.60499999999999,-61.52,93.65,0.0,7.1,1.27,34.27,8.065000000000001,-19.04,30.38,21.13,4.83,25.38,0.0,20.51,23.5,41.37,61.13,56.93,-43.34,56.86,69.37,6.21,1.32,7.88,6.65,3.75,11.31,12.01,4.08,19.02,15.03,4.12,21.23,1.03,0.0,0.88,9.7,52.09,0.17,12.65
Betul ,Madhya Pradesh,911,1021,141,71.24,24.33,993.43,1049.2,94.66,80.12,98.11,87.09,59.83,36.02,98.21,51.27,10.13,76.06,38.65,11.2,2.49,2.39,62.51,77.15,70.67,58.67,1.48,0.84,1.19,5.7,0.0,4.63,2.17,34.13,59.51,76.92,74.02,95.92,78.33,57.76,96.9,85.44,454.42,86.22,87.61,80.8,4.59,83.46,10.78,39.56,7.81,80.91,83.57,94.89,90.95,88.12,91.61,46.21,86.41,86.35,93.11,100.0,0.0,5.33,0.31,59.84,6.93,9.85,30.75,21.74,4.45,31.39,0.0,24.66,17.71,36.63,57.76,55.81,-65.79,56.21,56.56,7.23,5.23,13.61,7.21,6.75,14.71,11.48,3.88,17.78,15.64,4.67,21.6,0.4,0.19,0.19,11.92,45.71,3.08,20.47
Harda ,Madhya Pradesh,980,1207,204,74.11,24.27,961.91,890.74,93.31,75.6,98.84,92.32,68.8,57.62,99.55,33.32,15.32,73.94,30.77,9.98,0.58,3.93,70.42,77.98,75.45,56.99,0.31,0.43,4.24,10.92,0.85,5.24,3.11,23.92,78.34,75.47,71.85,91.43,67.66,47.42,97.26,83.87,3011.35,84.61,88.36,76.34,0.68,84.07,14.46,-56.72,10.01,90.8,-93.83,100.0,92.55,98.09,96.34,51.39,86.88,96.14,89.92,100.0,0.0,6.41,9.15,41.5,11.63,9.9,38.83,28.01,18.76,34.72,5.34,15.91,16.77,34.68,85.61,63.33,-45.59,62.62,69.36,3.82,3.29,8.32,5.2,3.98,10.15,13.81,5.24,21.73,13.57,5.4,20.85,0.17,0.0,0.28,8.61,48.96,0.69,16.0
Hoshangabad ,Madhya Pradesh,942,1042,162,73.99,24.74,951.04,949.54,93.64,71.73,97.22,93.53,68.49,47.31,96.31,28.62,23.51,73.55,35.53,16.67,2.71,5.17,55.59,28.55,27.97,20.0,0.15,0.38,1.64,4.85,0.09,17.72,7.13,16.76,52.08,42.37,31.46,89.28,44.93,31.25,94.53,67.63,4623.36,71.82,91.75,79.53,0.76,82.02,22.54,-53.85,20.07,73.45,-90.34,94.94,78.98,87.93,87.9,42.27,79.73,84.91,84.08,97.11,2.89,9.17,7.32,36.0,9.46,11.21,34.84,19.49,8.16,27.23,2.79,21.85,20.56,31.93,78.79,52.4,-35.31,51.88,52.11,2.41,3.29,7.08,5.4,4.67,12.37,14.03,6.99,24.03,18.88,8.48,29.91,1.24,0.35,0.42,21.42,50.37,1.22,15.72
Katni ,Madhya Pradesh,739,777,101,71.36,25.31,978.5,958.21,96.83,60.3,97.88,93.98,53.48,29.53,85.29,18.13,6.32,72.03,32.45,17.19,3.01,1.71,55.45,72.36,64.07,50.79,1.06,1.0,2.21,6.3,0.54,6.04,3.23,27.27,55.64,73.55,52.88,95.83,52.84,25.34,98.87,82.18,1019.06,83.71,91.75,84.42,3.75,93.3,5.07,39.56,1.89,-85.95,-77.86,-95.77,-92.99,-90.51,-97.49,-35.02,-75.86,-90.51,69.65,-100.0,-0.01,9.1,4.34,56.54,6.89,8.17,49.52,21.82,10.6,43.95,1.72,18.09,16.35,57.74,78.69,59.17,-44.45,58.65,61.03,5.07,4.1,9.33,9.79,5.34,16.0,13.11,4.13,18.53,16.46,3.18,20.77,0.0,0.37,0.0,11.65,57.39,0.43,18.77
Jabalpur ,Madhya Pradesh,213,216,36,69.98,23.36,964.77,-1111.11,100.0,75.05000000000001,99.65,97.99,61.93,28.46,98.59,61.17,6.109999999999999,72.44,30.39,-7.21,0.0,-13.55,56.2,83.03,77.75,74.06,0.79,0.52,0.52,1.86,0.0,2.92,1.37,28.76,-54.53,-91.77,-60.39,-95.05,-76.55,-48.22,-97.9,-97.48,-524.84,-88.89,94.73,89.18,0.0,94.73,7.17,39.56,1.81,68.58000000000001,66.06,92.52,73.14500000000001,80.72,82.19,23.525,5.54,77.60499999999999,72.94,93.65,0.0,7.98,0.0,-73.24,8.065000000000001,9.925,-17.99,-26.4,-9.97,-31.27,-0.01,27.8,14.6,25.22,-37.83,48.61,-43.34,48.89,-48.99,6.3,4.71,11.31,9.82,8.45,19.05,15.83,3.52,22.67,12.22,5.45,20.09,0.0,0.0,0.0,18.24,56.63,0.29,23.52
Narsimhapur ,Madhya Pradesh,958,1110,160,73.77,24.27,949.84,946.64,98.07,79.37,99.01,99.77,76.95,36.68,98.43,49.35,9.47,73.61,31.4,19.56,3.43,6.48,58.42,78.86,70.38,63.35,0.12,0.84,1.01,4.34,0.36,3.47,1.76,24.39,69.41,88.01,74.19,93.56,53.14,28.66,98.06,91.4,1662.28,87.4,91.37,76.15,1.85,92.95,19.11,55.47,14.01,82.66,81.25,87.23,87.89,88.35,88.24,40.3,68.02,81.55,74.08,100.0,0.0,3.98,2.43,39.31,19.86,18.06,32.0,19.59,5.09,28.1,0.98,25.08,20.14,28.1,73.41,46.61,-52.97,46.85,48.45,4.93,4.12,9.93,6.3,6.57,13.53,12.56,6.93,23.22,16.88,5.6,24.36,0.44,0.0,0.0,27.2,55.17,0.34,15.74
Dindori ,Madhya Pradesh,951,1047,163,64.79,27.17,1036.7,902.93,98.11,79.8,97.41,66.07,47.85,12.14,88.44,47.23,16.31,66.79,25.75,21.07,3.03,8.65,37.46,78.13,70.42,62.44,0.55,1.84,0.95,2.22,0.66,3.5,2.52,38.27,73.35,79.47,56.5,95.78,52.61,37.5,99.49,82.87,192.88,80.94,77.62,76.6,6.97,84.33,2.12,39.56,2.14,80.33,81.69,96.41,88.61,83.34,85.36,29.74,66.64,80.16,76.52,100.0,0.0,6.91,4.75,48.38,12.98,12.85,38.91,15.81,4.55,33.61,1.9,29.26,7.94,37.15,78.12,64.99,-69.8,65.16,64.15,4.53,4.04,8.79,4.44,6.0,10.62,16.23,7.94,25.2,21.01,6.28,27.74,0.18,0.18,0.18,22.82,60.64,6.81,36.01
Mandla ,Madhya Pradesh,971,1049,153,68.31,25.05,1052.48,1130.4,97.68,86.66,96.82,79.7,58.43,22.3,94.25,42.64,21.16,69.07,30.52,14.97,2.23,2.64,53.42,79.12,74.31,63.96,1.4,1.95,1.11,3.35,0.25,3.58,0.95,38.84,63.68,81.69,54.42,97.51,60.54,40.93,98.47,84.2,734.57,83.53,87.61,81.04,2.03,76.66,10.15,39.56,6.0,88.87,94.59,96.69,92.25,93.5,93.09,38.4,78.56,93.5,94.87,100.0,0.0,9.18,3.46,42.85,8.08,7.3,32.05,15.89,3.92,32.99,2.04,26.81,10.7,49.32,70.24,60.5,-64.26,60.62,64.23,6.16,5.35,11.86,6.52,6.85,14.6,18.18,4.4,24.91,21.76,7.23,30.37,0.18,0.0,0.19,29.5,57.53,3.62,28.62
Chhindwara ,Madhya Pradesh,926,1009,128,73.09,22.51,1032.35,1078.49,95.93,92.3,98.89,89.06,77.09,43.59,98.52,48.45,12.91,75.03,40.21,11.57,2.6,3.25,69.6,80.21,74.2,65.38,0.68,2.1,0.77,4.63,0.0,3.55,2.28,35.12,60.09,82.13,66.95,97.03,53.68,34.3,98.29,90.24,718.29,89.71,92.16,78.09,0.84,92.31,17.06,-65.11,10.12,-65.26,-75.69,-95.67,-77.58,-80.61,-85.86,-27.3,-67.36,-71.69,79.53,-100.0,-0.01,4.02,0.89,44.13,6.86,5.81,23.89,18.1,4.46,32.84,0.34,28.49,18.6,21.91,50.48,41.83,-36.81,41.67,45.25,5.8,4.58,11.12,5.49,7.61,14.12,10.91,6.24,21.74,14.42,6.01,22.56,0.24,0.0,0.17,21.1,48.96,2.33,21.78
Seoni ,Madhya Pradesh,909,989,136,71.32,24.21,1089.43,1212.42,98.38,80.32,99.2,79.12,56.2,28.98,96.71,44.62,15.72,73.74,33.01,11.17,2.74,4.74,60.63,78.0,74.45,64.96,0.39,1.3,0.77,4.66,0.28,4.38,2.86,36.99,57.64,83.65,64.5,98.15,70.82,40.18,100.0,93.35,698.58,94.94,94.81,86.79,1.46,86.12,15.86,-86.63,10.27,88.84,96.09,98.24,90.25,94.82,93.41,38.81,81.64,96.24,93.82,100.0,0.0,6.67,1.58,56.99,13.04,12.09,23.49,21.05,5.0,31.05,0.0,26.6,15.68,36.74,71.75,60.01,-57.82,59.93,58.87,5.77,4.73,11.13,6.72,9.29,17.18,11.71,6.12,21.07,16.94,6.78,25.67,0.0,0.0,0.0,30.63,57.22,1.76,23.33
Balaghat ,Madhya Pradesh,830,860,137,72.75,23.07,1037.0,978.54,97.26,93.3,98.68,83.33,79.57,31.11,97.96,68.38,5.69,79.79,39.22,4.37,1.28,0.58,77.29,75.24,70.13,59.95,4.66,0.29,0.73,1.61,0.0,6.47,3.68,49.78,96.63,55.64,69.12,96.94,63.46,46.04,100.0,92.05,1399.96,86.12,95.1,88.61,2.1,97.69,18.26,39.56,14.45,-75.81,-81.97,-94.3,-89.76,-78.08,-91.75,-24.28,-78.53,-80.39,94.65,-100.0,-0.01,1.73,0.0,23.01,11.17,9.65,41.88,20.51,5.43,44.87,0.98,30.24,4.25,50.51,56.75,60.97,-43.34,60.57,56.74,7.11,2.28,9.72,8.7,2.45,12.03,15.41,4.6,22.29,17.66,3.24,21.87,0.24,0.0,0.14,20.19,49.86,2.77,27.2
Guna ,Madhya Pradesh,955,1165,162,61.43,28.61,906.75,825.06,97.1,79.59,98.28,81.35,55.64,34.49,95.85,43.09,6.51,56.77,17.71,28.08,2.83,5.49,48.26,72.99,69.22,56.55,0.1,0.58,2.27,7.95,0.62,8.49,5.0,35.05,67.69,84.64,68.34,97.15,60.75,43.43,98.57,78.0,1543.53,87.93,97.98,90.63,1.55,92.8,6.67,-62.2,2.32,78.78,81.74,95.4,82.24,83.74,86.97,43.11,82.98,83.79,81.46,97.86,2.14,3.8,1.13,44.13,8.23,9.91,31.88,10.11,4.25,25.06,1.62,18.38,12.0,42.4,75.12,49.56,-55.04,49.78,49.22,5.02,2.77,8.35,6.05,2.66,9.57,11.82,3.83,16.99,12.79,4.2,18.17,0.41,0.23,0.23,5.96,42.12,0.39,12.77
Ashoknagar ,Madhya Pradesh,827,862,96,62.4,28.59,934.91,915.22,91.6,78.72,98.59,90.07,53.67,20.3,96.01,34.22,6.21,61.25,17.6,29.72,3.43,7.7,50.61,76.61,68.23,57.78,0.42,0.51,0.83,7.55,0.18,6.5,3.09,24.77,46.19,81.78,57.92,91.73,42.52,26.56,98.14,77.77,1584.6,76.44,91.32,83.62,2.44,92.07,6.18,39.56,1.25,69.12,-82.02,96.52,72.51,86.94,80.33,39.36,78.6,84.94,74.42,-100.0,-0.01,7.43,1.43,51.79,3.39,3.11,32.56,19.73,4.48,31.07,0.46,26.1,15.38,42.12,59.67,46.28,-42.5,46.13,44.98,6.23,4.24,11.37,7.25,6.55,14.11,11.19,3.85,16.32,13.37,5.44,19.81,1.54,0.0,0.23,8.43,46.75,0.5,12.19
Shahdol ,Madhya Pradesh,868,860,127,67.2,24.7,979.09,1032.32,98.37,87.31,97.48,79.16,61.41,26.54,89.4,58.42,3.42,72.07,30.74,27.51,2.46,5.78,50.96,64.54,58.33,47.05,2.55,1.67,0.49,3.15,0.15,9.23,5.14,35.29,72.72,74.21,57.38,94.37,54.96,31.67,100.0,83.16,1273.64,79.33,85.63,82.99,4.55,86.86,9.29,39.56,9.27,86.13,87.39,98.66,94.5,87.57,94.09,45.82,77.31,87.57,88.15,100.0,0.0,3.17,1.1,32.9,6.51,6.15,43.97,20.41,5.45,39.17,2.05,28.26,14.5,51.95,57.28,56.4,-56.84,56.41,53.33,5.54,5.61,11.49,8.5,7.33,16.56,11.91,6.41,19.75,15.47,6.4,23.24,0.0,0.0,0.0,8.57,46.43,2.32,26.2
Anuppur ,Madhya Pradesh,948,1020,187,64.98,24.11,1008.31,970.3,96.52,78.37,97.01,79.75,69.42,21.66,92.93,52.75,2.84,74.95,28.61,18.6,2.12,4.84,56.15,65.47,57.56,52.19,2.12,0.65,0.13,1.19,0.0,8.24,3.19,30.68,78.97,60.21,63.55,94.75,58.76,28.76,99.13,85.64,1229.72,85.8,84.8,80.86,2.8,85.26,13.66,39.56,14.14,86.57,90.08,92.31,90.62,86.57,88.45,39.37,81.18,86.57,84.11,100.0,0.0,5.88,0.72,23.38,5.46,6.34,24.04,18.44,5.31,30.67,0.85,26.5,15.46,48.45,49.18,52.52,-53.8,52.56,43.6,6.01,4.23,10.79,7.28,6.31,14.02,13.95,8.45,24.26,18.82,6.51,26.36,0.47,0.0,0.0,16.72,53.81,3.69,36.23
Sidhi ,Madhya Pradesh,978,1148,136,66.68,30.68,1052.51,763.33,96.24,60.4,96.37,83.65,44.71,20.86,94.65,26.12,6.23,71.7,27.14,22.97,2.96,3.64,37.85,71.73,58.56,41.85,2.73,2.52,0.89,6.63,0.59,6.38,2.31,25.66,79.83,72.72,39.35,97.78,34.92,13.51,97.68,79.68,580.29,75.94,83.79,80.44,2.71,75.89,6.98,39.56,5.97,78.17,77.54,97.62,87.97,86.29,92.27,27.12,77.68,83.63,88.49,98.72,1.28,9.62,2.82,38.33,12.74,13.19,39.08,16.58,6.41,32.79,2.46,22.94,14.59,67.12,72.46,55.65,55.77,55.66,59.63,4.39,3.71,8.53,8.97,4.66,14.04,12.72,3.51,17.53,19.94,5.18,26.03,0.0,0.0,0.0,7.41,54.45,0.69,21.96
Singrauli ,Madhya Pradesh,706,643,64,60.88,29.54,914.6,884.45,91.92,-84.85,92.7,77.9,52.57,31.67,92.98,58.46,0.0,65.36,29.92,24.72,4.19,4.44,54.69,58.13,50.03,42.11,1.57,1.8,0.19,1.24,0.0,12.45,5.24,38.88,77.92,72.92,58.07,92.05,58.75,21.72,97.29,72.18,473.68,66.67,69.85,62.46,9.24,77.53,4.25,39.56,2.23,76.92,78.32,96.18,78.71,78.71,79.63,18.37,65.37,78.71,81.83,96.31,1.49,3.83,0.0,33.96,6.67,6.36,37.29,25.15,6.59,36.02,0.9,25.6,11.9,50.73,56.57,54.35,-43.34,54.11,60.08,5.88,4.18,10.59,7.67,4.52,13.67,13.56,5.06,18.88,18.47,7.0,25.85,0.63,0.34,0.0,5.76,45.99,1.23,25.51
Jhabua ,Madhya Pradesh,960,1037,140,45.88,38.87,1061.39,1155.72,90.28,75.44,98.88,85.19,57.63,17.46,96.1,43.7,0.65,38.6,15.99,36.48,7.07,6.69,50.38,75.95,71.61,58.79,0.24,1.0,1.82,5.44,0.0,5.81,2.37,38.17,84.19,92.93,63.61,95.95,50.34,38.63,97.66,86.47,1131.61,87.69,92.85,86.06,1.73,94.19,6.97,-44.13,4.62,88.88,92.21,98.73,93.05,94.63,93.56,45.28,85.45,94.63,70.99,100.0,0.0,2.51,1.29,36.5,16.32,15.69,49.33,17.85,5.6,41.66,1.12,29.21,11.62,44.48,80.08,58.72,60.33,58.81,63.69,5.65,3.31,9.25,6.61,4.47,11.23,16.92,5.46,23.53,18.24,5.02,23.73,1.62,0.73,1.13,4.2,35.18,1.05,21.97
Alirajpur ,Madhya Pradesh,974,1080,157,45.36,34.76,1008.29,941.62,87.01,74.46,98.51,89.62,84.69,17.37,97.12,42.53,0.0,42.13,17.29,30.7,5.02,5.88,48.47,75.9,72.22,61.21,0.12,1.11,3.29,6.11,0.37,6.78,3.23,40.5,76.14,67.0,54.71,90.29,54.54,17.99,99.3,79.91,601.84,74.59,83.17,80.03,7.54,87.48,4.21,39.56,3.31,84.13,82.67,97.61,84.13,87.52,87.27,30.78,70.72,85.11,93.32,100.0,0.0,2.42,0.65,54.24,2.59,6.57,34.6,15.43,5.41,31.56,2.3,19.64,10.88,52.93,76.37,60.43,-61.68,60.46,76.54,4.23,2.52,7.28,5.9,1.8,7.98,16.68,4.4,22.0,21.71,5.6,27.73,0.0,0.0,0.0,10.6,46.26,7.02,37.41
Khandwa (East Nimar) ,Madhya Pradesh,531,562,17,67.05,26.03,998.58,1272.36,93.09,89.32,99.31,88.67,76.65,48.3,98.7,38.07,-11.28,67.65,27.87,10.76,2.02,2.83,68.37,72.88,71.09,64.83,0.0,0.0,2.21,3.56,0.14,8.48,6.37,36.09,78.15,65.51,62.2,96.73,56.88,27.58,96.97,93.34,869.06,87.47,93.17,89.95,1.18,93.14,7.62,39.56,7.59,-87.94,-93.98,-97.01,-87.94,-94.54,-94.54,-36.92,-73.17,-94.54,86.86,-100.0,-0.01,4.18,9.27,52.91,-3.81,-3.45,38.42,20.74,7.45,35.34,3.2,21.68,13.67,34.55,86.81,66.88,-43.34,64.83,68.86,5.02,3.03,9.04,6.06,3.35,9.54,13.86,4.78,21.25,12.6,3.8,17.61,0.0,0.41,0.25,6.87,44.94,0.37,14.75
Burhanpur ,Madhya Pradesh,955,1139,197,69.84,27.92,941.32,816.26,92.06,77.13,98.33,95.96,74.02,68.19,94.93,42.18,4.11,67.6,26.27,17.76,3.4,1.81,66.07,75.68,71.54,53.08,0.11,0.92,4.82,10.78,0.51,6.78,3.47,32.7,82.75,77.36,63.1,95.43,72.58,60.65,98.8,84.61,1426.77,84.82,90.72,76.3,2.58,92.33,14.03,55.38,7.92,91.67,92.58,97.13,91.67,94.22,92.87,29.86,92.87,92.87,81.83,98.43,1.57,6.18,2.97,27.96,19.65,16.84,38.72,27.91,13.08,47.17,3.21,20.86,12.23,36.18,77.89,58.01,-36.41,57.33,66.49,3.5,2.73,7.05,5.23,3.31,9.11,8.72,3.05,13.89,10.73,3.47,15.85,0.87,0.18,0.16,9.52,35.35,1.01,13.72
Agar Malwa ,Madhya Pradesh,712,588,82,56.27,23.62,918.73,1212.12,98.78,84.03,99.52,81.43,72.29,39.47,99.85,58.88,-12.11,59.44,19.29,35.56,0.55,5.28,67.57,78.22,72.98,63.99,0.0,0.6,1.17,5.79,0.0,3.44,2.96,24.19,54.96,70.05,76.53,97.09,54.78,44.64,98.58,89.94,1518.85,92.92,98.88,89.78,0.0,93.59,17.11,39.56,9.69,-75.76,66.06,-92.75,-81.34,-84.15,-84.15,-48.43,-63.13,-81.98,91.96,-100.0,-0.01,0.75,0.0,55.58,-0.01,-0.01,40.26,18.7,5.71,35.67,0.0,26.72,8.81,40.7,-71.64,59.45,-43.34,59.2,56.42,12.22,6.87,19.49,12.2,6.31,18.91,16.72,3.61,21.2,20.21,3.72,25.24,0.3,0.3,0.3,2.59,37.63,0.52,8.15
Shajapur ,Madhya Pradesh,970,1226,184,62.63,24.95,957.18,1011.76,96.28,67.67,99.87,91.75,74.51,37.71,97.23,34.33,21.82,61.98,19.61,24.43,1.88,5.91,59.8,78.16,71.78,53.43,1.98,1.75,1.85,10.9,0.91,6.14,2.99,28.22,75.92,85.79,64.68,96.33,48.69,29.84,97.92,85.63,1974.4,88.24,98.14,88.96,0.71,95.37,10.4,-46.78,6.86,89.98,89.16,98.62,91.37,97.23,97.53,49.82,70.59,96.02,72.97,100.0,0.0,4.02,1.75,43.43,7.18,8.19,27.82,23.4,9.69,27.61,2.47,23.08,16.02,32.56,76.07,45.89,-44.47,45.83,51.35,3.43,2.57,7.03,4.47,2.41,7.46,14.67,6.82,23.32,17.5,7.2,26.11,1.01,0.73,0.9,5.33,46.56,0.34,11.56
Nandurbar ,Maharastra,897,1040,171,63.51,26.6,960.8,884.71,94.57,84.18,96.17,94.6,54.09,40.3,97.59,15.34,19.97,57.66,29.91,24.02,3.35,10.6,47.5,62.58,61.16,50.7,2.03,1.23,3.39,3.59,0.13,9.67,3.69,11.79,50.29,51.03,58.17,91.0,38.29,25.31,99.21,74.42,1312.75,74.2,76.29,60.67,7.01,77.94,7.9,28.95,5.57,72.4,77.89,95.85,77.01,86.48,86.48,22.09,11.81,69.09,68.2,98.56,1.44,9.76,4.68,51.87,11.04,9.61,45.82,30.74,13.49,57.23,3.68,36.13,12.92,46.95,79.29,64.08,-68.16,64.23,69.19,5.49,4.26,10.35,4.82,4.59,10.45,13.8,6.38,23.52,17.76,4.68,24.58,0.68,1.21,0.43,26.65,42.55,2.79,13.09
Dhule ,Maharastra,838,883,137,73.54,27.34,999.46,919.11,93.61,87.13,95.96,89.92,58.9,65.05,98.01,19.83,36.59,68.75,40.76,40.51,2.51,14.98,60.72,51.93,50.3,41.21,0.27,1.01,1.08,6.72,0.0,13.11,4.96,19.07,48.4,61.15,63.17,80.48,30.67,16.54,93.67,77.18,2269.1,74.91,77.2,48.8,8.08,84.2,17.03,40.83,11.14,56.61,-69.09,87.11,62.27,67.44,67.67,18.9,5.15,51.9,55.66,90.4,9.6,15.74,2.05,46.31,12.59,11.35,37.6,38.87,18.05,46.04,0.21,26.52,23.91,30.53,72.18,60.76,-70.58,61.24,59.77,5.49,6.27,13.44,6.68,6.09,15.26,10.39,5.77,21.36,15.79,5.31,25.09,0.42,0.25,0.24,15.6,38.22,0.46,12.23
Jalgaon ,Maharastra,842,881,155,77.49,25.06,983.22,856.55,93.73,93.95,96.77,94.32,59.73,79.46,96.81,11.89,30.01,76.51,40.8,28.03,2.22,10.68,70.05,44.04,43.62,35.39,0.0,1.83,0.56,5.58,0.12,14.9,4.9,9.44,46.97,60.25,58.39,82.19,28.88,20.37,91.02,74.53,3366.25,78.48,86.51,40.22,3.81,81.86,27.49,40.14,22.16,-61.32,-79.9,-96.21,-75.78,-76.76,-74.55,-32.69,-19.29,-59.44,57.94,-92.29,-7.71,6.73,4.08,46.2,18.29,15.57,36.34,30.5,8.0,36.88,1.49,22.17,26.24,39.28,85.18,65.26,-63.77,65.19,69.44,5.72,5.91,12.77,7.1,7.05,15.24,10.94,5.36,20.68,15.58,6.18,24.37,0.38,0.27,0.17,12.64,37.65,0.5,12.28
Buldana ,Maharastra,931,1055,189,78.06,23.99,957.44,1035.79,97.85,91.48,97.08,89.71,68.86,69.15,97.75,37.88,22.26,79.88,41.84,24.07,1.57,5.73,74.78,81.05,78.06,56.13,0.73,2.94,2.31,14.71,1.1,4.39,1.38,33.49,67.9,73.6,72.7,95.47,61.21,45.11,100.0,86.71,2641.05,84.75,93.94,70.9,2.81,92.39,17.56,28.37,15.55,-85.91,-78.48,-100.0,-91.83,-89.53,-90.11,-32.78,-6.33,-89.75,89.17,-97.64,-2.36,8.79,6.33,64.35,3.47,4.12,44.95,31.72,14.84,47.18,4.78,21.62,15.67,37.96,79.4,58.45,-43.34,57.84,66.77,6.39,2.88,10.22,5.15,2.88,9.03,12.63,4.67,20.05,14.19,3.45,20.46,1.02,0.0,0.35,12.04,42.53,0.19,14.25
Akola ,Maharastra,926,1098,202,86.29,23.53,951.1,895.76,98.81,94.43,97.59,95.09,69.48,75.52,95.18,40.12,16.19,87.52,52.74,13.49,2.0,5.68,79.72,76.99,72.81,48.63,0.64,2.87,3.8,16.28,0.49,6.81,3.71,33.81,59.46,75.05,76.28,92.92,60.56,40.39,98.27,82.33,1753.38,92.16,97.67,65.93,0.86,86.42,29.06,41.96,23.88,69.51,66.06,97.83,76.98,80.13,83.84,25.15,9.99,71.61,88.25,89.77,10.23,11.97,6.49,63.12,4.01,4.02,31.79,29.37,14.7,30.76,8.64,16.13,19.59,25.24,77.5,53.24,-39.17,52.58,60.28,5.09,3.51,9.62,5.68,3.22,9.79,11.67,4.23,19.42,12.63,4.23,19.07,1.58,0.35,0.51,10.36,44.04,0.19,12.93
Washim ,Maharastra,903,986,196,75.95,21.95,947.5,990.95,95.79,85.27,97.16,73.71,61.48,61.35,96.5,24.12,23.22,77.95,41.97,27.65,2.95,14.34,72.52,71.29,68.27,54.79,0.26,1.28,0.85,10.71,0.14,8.03,4.0,14.15,37.9,63.42,59.97,79.47,44.48,34.43,99.15,83.38,3071.45,83.41,92.94,65.12,1.78,83.09,18.01,31.26,14.31,71.58,-75.46,96.4,79.01,80.6,88.04,31.58,5.61,65.59,77.9,100.0,0.0,19.19,5.09,68.78,3.77,3.25,35.32,31.69,15.21,39.3,6.93,20.07,14.16,18.02,70.36,57.04,-33.75,56.35,53.85,3.96,3.03,8.11,4.93,3.5,9.13,14.44,4.65,21.92,16.19,3.23,20.99,1.84,0.57,0.85,14.34,39.12,0.38,11.25
Amravati ,Maharastra,913,1060,180,86.16,21.14,994.42,1090.21,97.1,89.46,99.06,95.81,75.71,71.72,98.53,31.87,24.44,87.81,55.03,9.77,2.24,3.63,83.0,79.2,77.7,56.39,1.32,1.3,3.7,14.43,0.29,4.61,2.52,19.97,52.76,89.1,71.7,93.83,38.12,23.71,99.08,80.21,3557.19,79.44,91.34,65.43,1.79,89.72,30.15,58.93,22.74,-92.48,-92.48,-100.0,-92.48,-95.89,-95.89,-40.22,-2.06,-89.11,85.94,-100.0,-0.01,11.63,5.19,54.65,11.32,13.37,29.04,26.19,10.71,38.03,2.23,20.48,20.31,34.62,74.41,53.63,-43.26,53.38,64.79,5.07,4.52,10.25,7.12,4.91,13.13,10.92,4.8,19.83,11.96,4.13,18.73,0.54,0.0,0.0,9.0,40.84,0.9,18.36
Wardha ,Maharastra,909,925,158,85.05,20.37,979.06,1173.04,98.4,92.01,98.81,98.46,80.23,83.86,97.94,27.06,33.85,92.95,56.5,9.04,0.45,2.24,93.96,79.16,78.09,64.32,0.43,1.51,2.41,8.55,0.75,6.59,3.7,36.53,52.82,87.87,70.37,93.36,50.63,28.95,98.57,89.88,3481.6,90.5,98.79,72.39,0.0,98.98,24.1,39.33,18.95,-92.39,-87.38,-100.0,-94.97,-97.42,-97.42,-36.94,-2.58,-89.55,87.05,-97.63,-2.37,5.96,2.48,51.57,4.75,7.33,27.65,28.08,12.46,31.34,3.98,17.14,19.6,39.61,71.38,60.69,-36.45,59.99,63.49,4.54,3.66,8.98,5.39,4.38,10.35,9.77,2.65,17.14,9.99,1.8,13.99,0.42,0.0,0.17,9.48,52.56,0.59,24.58
Nagpur ,Maharastra,917,1063,169,86.5,20.9,971.17,925.83,97.66,92.39,99.51,99.48,88.85,96.03,97.58,25.61,-33.09,94.59,67.59,7.11,0.94,0.89,88.47,84.07,81.16,61.02,0.62,3.5,1.67,13.96,0.4,4.22,2.58,39.52,62.36,78.1,71.44,92.81,57.1,41.96,96.63,91.4,3248.94,90.83,100.0,61.87,0.0,96.63,33.67,41.41,28.9,89.41,87.41,100.0,94.68,95.11,94.52,39.01,9.62,88.32,95.57,79.26,20.74,3.95,3.9,68.4,4.56,4.59,27.6,33.98,20.0,33.87,10.06,17.11,13.37,46.13,70.47,53.97,-43.34,53.6,57.92,6.0,3.94,10.73,7.0,4.33,12.8,13.24,3.63,21.25,13.23,2.37,18.28,0.8,0.33,0.69,5.02,40.17,0.38,17.79
Bhandara ,Maharastra,918,920,152,80.28,22.5,1004.44,897.2,99.53,94.43,98.83,92.03,81.82,71.4,95.36,29.96,21.09,89.09,53.93,1.49,1.17,3.04,93.07,77.46,75.64,63.32,2.5,1.06,1.62,6.67,0.13,6.1,2.36,30.47,51.61,83.72,78.97,94.75,64.41,29.04,99.42,87.45,2583.93,90.1,100.0,94.12,0.0,98.37,31.33,39.56,29.95,-86.96,-91.94,-97.54,-89.53,-94.97,-94.87,-54.24,-13.87,-92.31,83.85,-100.0,-0.01,3.86,2.69,60.5,5.42,8.38,31.25,28.41,13.16,33.85,4.72,25.8,9.8,37.09,72.75,65.35,-64.72,65.33,66.1,5.57,3.96,10.5,5.57,3.85,10.11,12.23,4.72,21.83,11.43,4.11,19.3,0.71,0.18,0.46,19.65,60.73,1.26,25.97
Gondiya ,Maharastra,915,938,167,80.35,21.57,993.71,1050.44,99.56,90.7,98.22,91.56,74.31,68.01,98.04,30.6,16.3,87.52,54.11,6.53,1.58,0.0,88.58,78.29,77.84,62.32,5.79,0.92,1.11,6.55,0.27,7.82,2.42,36.41,61.73,69.0,66.2,98.31,46.04,18.97,98.69,90.04,1684.24,89.16,99.14,88.61,0.86,98.3,27.01,39.56,22.09,-88.22,-90.4,-95.82,-91.08,-91.08,-92.96,-31.41,-2.58,-89.48,77.38,-100.0,-0.01,4.46,2.62,58.86,4.3,7.18,36.94,23.71,11.07,35.58,8.32,23.43,9.41,43.02,78.03,60.92,-43.6,60.42,65.18,3.68,3.25,7.88,5.95,3.88,10.22,11.55,5.45,21.77,10.93,4.98,18.85,0.9,0.57,0.69,17.23,55.11,0.39,22.6
Gadchiroli ,Maharastra,921,915,164,67.07,22.74,1047.91,1098.31,99.58,92.2,95.81,82.99,62.39,60.53,97.67,33.28,21.8,79.35,42.25,10.12,0.35,5.05,80.92,76.45,76.02,50.6,12.97,0.59,1.2,10.08,0.15,5.57,3.2,32.65,58.26,84.6,86.76,91.35,70.76,34.84,97.96,91.52,1846.82,93.68,97.33,90.48,1.76,98.22,17.32,39.56,12.53,-97.87,-95.6,-100.0,-100.0,-97.87,-100.0,-45.08,-7.92,-97.87,88.11,-100.0,-0.01,4.72,3.18,66.01,5.38,4.53,35.71,30.01,13.48,35.41,9.46,24.28,5.62,45.05,76.57,67.13,-39.3,66.16,67.31,4.3,2.34,7.26,5.39,4.29,10.3,10.37,3.13,16.96,11.11,3.69,17.22,1.13,0.9,0.9,26.54,61.35,3.07,34.69
Chandrapur ,Maharastra,922,965,175,78.87,19.62,974.33,1024.92,98.14,92.37,98.85,96.46,77.31,85.1,97.35,28.94,-17.43,87.79,57.47,9.0,1.72,3.1,84.09,80.09,78.14,60.1,1.57,3.12,1.04,11.89,0.26,4.48,2.72,39.13,57.44,76.59,68.49,94.03,69.22,53.34,100.0,92.25,2109.05,96.99,99.62,85.15,0.38,96.52,20.77,-41.73,17.31,-94.97,-87.58,-100.0,-97.47,-100.0,-97.5,-46.64,-5.15,-93.28,86.81,-87.15,-9.71,5.68,7.28,65.48,-8.77,6.77,37.26,38.51,21.76,46.64,7.57,26.5,9.44,43.52,76.61,55.85,-43.34,55.5,61.74,5.17,2.38,8.77,6.28,3.82,11.31,12.39,4.81,20.71,13.99,4.11,20.6,1.04,0.18,0.62,11.28,49.12,0.51,20.77
Yavatmal ,Maharastra,913,1001,177,77.58,22.12,985.87,1012.44,97.2,79.55,97.15,89.45,66.44,71.8,94.59,29.03,-25.55,80.75,38.86,11.67,1.62,4.4,89.31,78.25,75.73,64.63,0.0,1.73,1.04,7.48,0.55,5.53,2.94,22.41,62.17,77.06,66.92,94.63,41.69,19.04,98.84,85.56,1733.77,91.68,96.29,67.39,1.76,96.79,15.95,32.07,9.92,74.68,77.64,97.96,84.24,88.61,89.99,26.61,0.0,85.46,71.03,94.85,5.15,7.35,0.0,58.0,1.64,2.55,36.62,27.47,15.07,39.42,6.68,23.17,10.5,31.12,75.21,58.53,-53.73,58.38,64.12,5.79,4.31,10.58,5.42,4.05,10.67,10.54,3.52,17.19,12.25,3.99,18.2,1.27,0.43,0.0,12.3,46.58,0.65,20.1
Nanded ,Maharastra,908,1026,164,68.12,24.76,970.09,888.12,97.78,75.59,96.44,94.76,68.04,64.54,96.86,15.73,24.21,71.91,31.59,32.18,1.66,8.68,76.84,68.05,67.28,58.46,0.0,1.45,1.64,5.3,0.0,9.23,4.29,15.25,49.93,62.49,53.48,89.8,21.71,8.75,96.67,76.13,2963.83,79.28,94.81,66.71,0.9,92.56,14.0,28.75,8.87,75.65,84.88,93.84,82.31,79.85,81.24,35.06,2.49,76.9,70.5,93.02,6.98,14.41,0.95,52.66,4.67,3.84,35.98,18.95,8.68,35.18,3.45,22.89,19.18,37.04,76.12,57.48,-52.86,57.34,63.13,4.87,3.64,9.13,5.49,5.84,12.11,8.86,4.62,16.67,10.15,4.17,17.28,1.63,0.2,0.0,5.67,36.65,0.21,14.11
Hingoli ,Maharastra,907,1121,173,69.43,24.83,961.97,838.16,95.98,79.33,98.13,92.41,69.04,53.1,99.01,14.66,18.39,76.54,33.19,37.06,1.39,14.42,77.17,73.07,72.85,58.71,0.0,1.34,3.5,8.8,0.5,10.35,5.61,11.27,41.52,82.5,66.61,88.51,23.22,10.86,98.78,82.36,3113.5,85.14,94.04,68.58,1.64,95.25,16.38,29.27,13.03,76.88,-79.43,98.27,78.63,92.71,93.96,41.53,7.33,83.46,72.06,94.82,5.18,10.13,3.22,55.36,11.84,11.52,37.39,25.76,10.53,38.86,0.97,24.93,16.55,24.71,72.51,51.19,-53.33,51.26,60.5,5.32,4.51,10.46,5.51,4.63,10.72,10.73,3.53,17.41,11.4,3.81,17.43,0.71,0.0,0.0,7.8,32.67,0.24,11.81
Parbhani ,Maharastra,860,888,158,67.08,29.5,965.81,983.27,95.49,74.43,96.8,88.97,60.05,54.76,95.08,10.5,22.53,73.36,28.81,47.95,3.42,13.68,75.31,41.95,41.49,33.52,0.0,1.28,1.02,5.43,0.24,18.49,6.06,17.4,48.26,58.55,47.35,82.0,17.88,11.22,89.03,64.4,2778.64,66.8,85.61,53.59,7.3,90.83,12.48,17.35,12.92,51.99,-75.43,89.59,55.87,76.19,77.17,17.64,5.67,66.64,52.9,93.11,5.5,18.64,1.38,47.17,2.06,1.85,37.63,22.8,7.64,41.8,2.97,20.36,23.72,27.13,75.42,59.35,-48.03,58.84,60.21,5.96,4.79,11.57,5.71,6.39,13.41,11.18,4.67,20.97,13.54,3.69,21.58,3.84,0.88,0.22,6.95,37.65,0.06,13.77
Jalna ,Maharastra,863,937,145,67.62,26.86,948.18,866.63,94.83,74.95,95.72,82.78,63.64,56.39,97.64,9.65,33.78,71.81,34.3,35.04,2.22,10.05,71.76,49.7,48.85,34.74,0.13,1.64,2.6,9.61,0.13,13.09,3.88,15.68,43.32,56.03,58.39,78.34,27.2,20.8,96.12,74.0,4177.68,78.93,92.79,57.31,3.36,86.49,15.2,30.37,7.72,54.34,-68.88,92.64,66.36,64.28,75.87,22.91,15.33,50.84,70.14,96.09,2.64,19.01,6.99,66.08,4.68,5.17,37.97,22.17,8.17,39.03,1.28,23.31,20.58,21.4,68.31,58.65,-47.29,58.17,54.62,5.51,4.43,10.98,7.44,4.76,13.02,12.54,4.15,21.79,17.88,3.32,24.8,2.35,1.41,1.86,7.02,32.49,0.2,11.33
Aurangabad ,Maharastra,875,1011,147,78.43,27.35,978.43,875.05,94.51,83.18,97.02,91.65,69.11,78.44,98.94,12.44,31.6,83.1,48.36,35.83,0.98,12.37,77.33,48.13,46.01,28.82,0.0,2.35,2.84,11.68,0.33,17.1,5.08,11.81,44.41,65.21,57.21,86.16,14.46,6.93,95.0,76.44,4039.43,82.61,94.8,61.13,3.12,96.26,17.53,19.5,17.93,56.65,-81.74,94.17,62.36,88.99,81.48,11.81,27.81,75.36,69.19,98.37,1.63,12.64,4.07,39.92,11.87,11.74,34.22,26.37,11.79,42.9,2.77,20.28,24.4,24.67,64.5,52.58,-48.18,52.38,47.44,6.5,5.45,13.1,7.97,4.99,14.1,11.53,5.23,20.75,14.3,4.04,20.86,2.49,0.19,0.37,7.85,33.8,0.24,13.69
Nashik ,Maharastra,860,1023,155,78.19,25.48,913.16,815.51,93.62,94.21,95.3,86.34,68.32,72.5,91.56,14.73,16.71,79.99,42.55,29.6,2.39,14.01,79.34,54.99,54.01,41.31,0.25,1.53,1.84,8.77,0.15,11.95,4.62,10.74,55.68,66.85,66.41,81.29,43.38,22.97,95.99,76.5,1698.37,83.42,90.49,52.0,3.26,89.93,21.24,38.57,12.3,70.37,-82.8,88.64,74.33,80.26,76.15,30.28,2.07,67.42,58.65,-92.17,-7.83,19.23,4.65,46.45,12.07,13.54,42.21,27.15,11.4,44.84,2.16,25.64,21.66,37.63,67.28,55.4,-73.41,56.19,56.24,4.41,4.8,10.27,5.2,5.59,12.04,13.27,5.36,22.47,16.56,7.15,26.14,0.35,0.21,0.0,15.39,34.97,0.21,12.18
Mumbai Suburban ,Maharastra,635,552,64,88.54,20.21,921.36,702.63,93.62,-92.67,99.17,99.79,62.63,98.68,99.51,20.19,-30.78,91.58,65.72,9.96,1.25,1.54,96.2,64.63,58.72,37.53,0.0,2.22,0.93,18.04,0.0,10.38,3.41,20.4,-48.18,58.07,72.2,90.13,54.75,30.24,92.57,91.52,-3943.38,97.15,98.08,55.99,0.45,98.53,31.69,-41.93,25.09,68.58000000000001,66.06,92.52,73.14500000000001,80.72,82.19,23.525,5.54,77.60499999999999,-73.58,93.65,0.0,1.72,1.73,56.8,-17.78,-17.78,37.23,18.63,7.16,24.59,10.52,12.23,40.41,58.29,65.56,49.74,-43.34,49.97,-67.24,8.05,9.92,19.73,7.85,10.97,20.97,15.69,4.44,26.64,17.98,4.64,27.97,3.17,2.1,2.1,5.94,19.95,0.28,10.01
Mumbai ,Maharastra,826,779,127,92.5,16.17,938.54,1019.21,98.61,100.0,99.64,100.0,58.55,98.25,98.28,30.69,-38.3,94.26,71.05,4.5,0.0,0.95,99.1,74.33,71.74,47.0,0.0,4.13,1.94,18.05,0.15,4.92,1.93,19.19,-77.82,86.17,87.05,95.37,72.36,49.54,93.09,90.62,6232.65,95.94,99.53,55.45,0.0,98.27,30.4,39.09,23.75,68.58000000000001,66.06,92.52,73.14500000000001,80.72,82.19,23.525,5.54,77.60499999999999,77.75,93.65,0.0,3.54,1.73,51.0,-12.75,-14.1,26.6,25.3,9.08,29.55,6.05,12.03,25.02,54.39,72.79,46.92,-19.92,45.92,54.74,9.22,6.34,17.45,11.4,6.11,18.17,14.14,2.1,21.04,16.92,3.27,23.26,0.98,0.0,0.18,5.25,20.27,1.1,15.98
Raigarh ,Maharastra,905,918,172,73.68,21.34,1003.12,870.75,99.65,95.26,97.93,87.79,74.8,83.27,80.25,26.29,16.68,79.15,44.96,15.97,1.3,7.52,89.59,73.62,70.87,55.05,0.0,1.54,2.16,11.62,0.19,6.13,3.42,22.43,64.66,83.81,83.14,96.6,61.6,42.64,98.43,93.0,1676.35,92.89,96.55,54.79,1.05,97.56,26.1,38.86,18.02,-92.32,-88.31,-97.76,-92.32,-94.55,-97.76,-37.06,-12.81,-91.94,73.82,-92.56,-7.44,3.8,2.59,52.4,-3.56,5.87,35.81,19.13,8.29,34.09,2.13,21.81,23.11,59.34,67.0,53.82,-65.66,54.23,61.1,5.07,5.35,11.53,6.49,6.1,13.53,14.79,6.05,24.84,18.3,5.42,26.39,0.95,0.6,0.4,16.21,31.83,0.41,18.74
Pune ,Maharastra,786,832,140,84.81,22.82,917.68,872.92,96.5,93.04,99.37,96.93,79.62,89.49,97.04,14.42,45.76,89.01,61.15,24.03,0.67,3.25,94.59,57.83,55.94,43.3,0.0,2.25,2.32,7.61,0.0,13.68,5.19,23.54,35.74,79.59,68.59,90.66,50.16,39.95,93.14,84.17,3677.42,95.2,97.97,43.39,1.46,98.46,34.57,40.86,28.28,-58.08,-79.17,-81.65,-66.16,-67.99,-67.72,-7.53,-17.43,-61.28,69.91,-81.55,-16.68,6.66,3.32,54.75,3.8,9.58,30.7,31.36,13.99,32.66,1.31,19.6,31.02,43.73,58.73,53.23,-43.34,51.93,58.62,4.15,5.41,12.33,7.22,6.53,15.08,14.33,3.73,22.4,16.14,6.4,25.8,3.77,2.31,0.9,11.69,27.9,0.16,11.55
Ahmadnagar ,Maharastra,883,993,139,77.4,23.01,966.65,845.43,99.29,85.71,94.48,89.98,79.5,77.44,95.5,12.03,21.55,86.19,45.73,26.89,0.71,10.76,84.15,69.51,67.36,56.59,0.0,1.74,1.02,8.01,0.0,8.34,2.6,19.52,31.66,71.39,76.61,91.19,53.3,31.97,94.42,90.91,5575.04,92.88,97.9,45.48,1.03,95.0,28.14,33.71,23.03,83.53,88.34,96.64,87.6,92.57,93.81,43.91,4.37,89.31,69.94,93.13,6.87,15.91,2.66,50.49,11.58,9.81,31.68,24.93,8.56,41.19,1.78,21.5,22.97,44.62,64.45,50.54,-43.96,50.3,45.04,4.98,4.36,10.95,5.42,5.22,12.47,13.37,5.05,23.6,15.95,6.28,25.29,1.25,0.19,0.19,14.69,37.71,0.24,10.53
Bid ,Maharastra,877,864,146,64.57,23.95,934.16,843.16,91.79,68.13,94.76,85.38,66.41,54.36,96.25,9.27,14.84,76.27,38.56,43.71,2.16,15.19,70.69,58.08,56.68,42.93,0.0,3.02,2.17,8.44,0.12,13.94,4.53,14.45,48.46,65.64,56.83,78.3,28.43,21.81,97.55,79.79,3987.84,80.6,94.02,63.65,2.5,90.8,17.53,21.55,17.26,75.87,-79.1,96.53,77.97,84.78,89.84,22.53,11.18,75.78,82.35,97.83,2.17,14.77,3.04,45.84,2.31,3.21,40.77,28.37,11.86,36.84,3.45,20.79,21.92,30.39,60.97,51.02,-43.34,50.82,48.0,5.19,3.82,10.53,6.02,5.51,12.88,14.96,7.96,26.39,16.92,5.92,24.05,4.85,0.77,0.72,6.01,37.79,0.45,9.79
Latur ,Maharastra,906,1006,160,70.63,23.68,978.57,1264.94,94.21,81.7,97.24,94.6,72.46,78.47,97.82,33.59,33.53,83.29,40.68,30.96,2.55,14.18,81.02,78.16,77.17,63.97,0.0,0.88,2.69,9.48,0.14,4.59,3.29,18.63,72.45,74.59,72.64,86.37,53.56,37.96,100.0,93.32,2483.12,92.53,94.71,66.77,2.37,93.4,19.0,36.53,13.16,79.2,77.86,96.21,82.98,84.73,88.87,27.15,8.41,83.21,88.66,91.0,9.0,9.75,3.31,45.33,9.31,13.99,43.17,17.95,8.04,33.94,5.31,24.21,17.57,51.21,59.5,50.69,-51.01,50.71,56.49,5.54,3.6,10.15,5.41,4.27,11.07,11.08,4.87,18.64,13.65,4.22,19.58,0.86,0.47,0.35,3.7,37.53,0.21,14.16
Osmanabad ,Maharastra,919,916,147,71.3,24.72,992.4,1049.74,99.65,88.7,96.76,96.41,71.17,69.66,97.5,14.82,32.66,83.7,41.54,36.59,1.14,16.06,86.51,78.93,77.11,62.1,0.0,1.66,3.03,9.74,0.57,6.41,3.32,28.47,58.11,83.93,89.15,91.72,66.12,44.42,95.75,94.44,2653.85,95.12,98.08,68.39,1.58,99.03,18.46,31.93,13.12,89.27,85.33,100.0,94.5,93.19,96.71,33.64,6.97,87.6,67.94,92.02,7.98,9.18,4.12,61.32,13.79,12.76,37.23,16.09,5.47,32.48,1.81,19.13,25.14,44.48,67.43,49.33,-44.4,49.14,50.88,4.91,3.78,9.47,5.78,4.36,11.15,14.13,6.33,23.47,18.11,6.36,26.17,4.32,0.0,0.0,7.97,44.15,0.26,12.35
Solapur ,Maharastra,912,1003,153,71.96,25.68,961.75,960.37,96.98,90.75,97.12,90.35,67.77,73.07,96.45,20.49,26.18,76.44,35.96,40.31,4.39,18.64,84.47,75.68,74.17,66.35,0.0,1.72,2.28,3.69,0.0,5.63,1.74,35.09,54.36,81.27,81.92,90.48,60.27,36.04,95.99,89.64,1909.7,89.22,96.23,51.45,0.89,96.25,21.18,34.86,10.84,83.63,86.33,93.49,85.12,90.24,88.3,34.6,4.68,85.6,65.89,88.65,7.68,11.37,2.44,51.05,7.03,7.86,36.33,23.18,9.99,32.93,4.25,21.16,28.15,52.08,70.92,55.47,-34.13,54.52,60.23,4.75,5.11,11.1,5.19,6.36,12.24,16.16,6.53,25.74,18.93,5.01,26.22,1.33,0.34,0.52,10.18,39.15,0.31,13.14
Satara ,Maharastra,896,978,149,78.47,20.57,1048.91,958.23,96.92,87.14,97.9,95.55,78.71,82.1,93.9,11.36,-27.23,87.18,48.25,18.13,1.25,7.71,87.19,74.72,72.82,61.78,0.13,2.38,0.98,7.38,0.17,6.2,2.98,26.81,68.14,77.53,81.69,93.8,59.47,39.72,96.72,94.53,2606.51,95.14,97.1,43.78,2.04,97.85,36.17,52.98,18.1,-82.77,-76.26,-96.18,-87.54,-93.8,-91.73,-38.77,-6.68,-84.9,78.28,-97.34,-2.66,10.35,5.92,46.36,13.19,15.85,20.17,20.45,5.17,28.0,2.33,22.93,26.55,47.18,68.94,50.18,-28.75,49.58,48.73,5.06,5.09,12.04,4.03,6.87,12.89,16.41,6.23,27.17,17.66,8.47,29.8,1.23,0.45,0.0,29.46,40.56,0.51,11.65
Ratnagiri ,Maharastra,869,807,127,80.25,16.32,1069.03,947.89,97.76,95.46,99.23,90.9,85.55,58.05,91.13,16.55,-26.6,87.2,41.22,4.38,0.66,1.19,84.57,62.28,60.48,50.11,0.0,1.57,1.04,7.63,0.0,10.37,3.76,22.04,-57.46,64.58,78.56,93.15,54.57,29.29,96.98,89.67,3096.1,92.22,97.79,53.48,0.71,95.55,30.81,35.7,28.02,-77.21,-95.22,-89.88,-85.62,-85.26,-86.19,-36.86,-5.81,-78.99,77.32,-97.57,-0.01,2.67,2.4,45.73,-9.76,-8.64,31.74,23.66,12.62,29.54,3.77,25.75,17.66,53.2,69.35,43.44,-43.34,43.44,33.71,8.1,7.67,16.87,6.18,9.34,16.53,18.24,8.09,32.4,21.05,8.65,33.89,1.4,0.37,0.24,18.43,31.29,0.51,13.02
Sindhudurg ,Maharastra,861,722,115,83.07,16.17,1034.71,874.18,98.2,95.46,99.38,73.19,87.85,66.03,94.93,13.23,-16.67,92.07,49.4,5.0,0.7,1.07,89.44,58.68,56.81,45.91,0.0,1.16,1.22,8.53,0.0,12.11,4.59,26.8,-63.81,70.33,73.35,96.76,59.61,38.23,100.0,96.73,3289.76,98.24,100.0,65.48,0.0,98.63,31.81,-44.32,25.21,-76.33,-76.33,-100.0,-89.71,-79.44,-88.96,-11.85,-5.8,-79.78,78.93,-100.0,-0.01,0.59,1.35,65.28,-2.92,-2.6,30.83,27.74,14.87,32.04,5.85,21.51,20.81,61.42,55.64,41.32,-43.34,41.24,35.96,9.62,9.67,20.6,9.38,12.67,23.39,21.38,6.94,36.63,24.01,6.7,37.89,1.92,0.63,0.43,11.49,26.8,0.13,8.45
Kolhapur ,Maharastra,887,986,150,80.18,20.72,1024.9,936.66,96.58,98.17,98.75,97.29,82.03,84.68,97.68,16.45,-20.94,90.74,53.78,20.95,0.39,8.83,91.88,71.4,69.19,60.16,0.0,0.41,1.67,6.58,0.0,8.08,3.52,27.91,52.44,71.53,81.75,88.29,58.8,39.38,95.29,95.15,2957.58,91.51,99.18,45.59,0.0,93.6,38.13,55.75,18.1,-67.24,-78.0,-88.57,-74.54,-78.78,-76.42,-24.21,-2.43,-71.78,66.01,-92.48,-7.52,3.88,3.21,45.16,13.75,15.07,33.58,18.86,5.92,34.65,4.25,19.19,23.68,45.95,66.4,50.09,-48.94,50.05,42.84,5.77,7.15,14.21,7.93,7.13,16.5,16.98,6.63,30.99,19.12,7.1,33.18,9.38,8.5,8.33,9.58,25.76,0.0,10.02
Sangli ,Maharastra,898,966,152,80.38,21.37,1027.44,1011.83,93.82,94.63,98.19,96.75,84.69,87.31,98.75,12.28,39.93,90.33,54.58,26.95,0.75,10.42,87.44,67.11,64.72,56.49,0.25,1.13,0.94,5.68,0.23,10.36,4.73,27.61,56.17,65.99,80.09,97.43,58.23,32.1,97.1,95.55,3548.38,94.95,98.01,38.45,1.65,97.63,34.29,43.22,22.23,74.95,-83.3,96.26,81.41,82.76,89.22,11.28,2.04,77.13,80.35,-88.55,-8.3,3.78,0.34,46.45,4.64,5.29,34.97,18.55,7.76,27.19,6.71,15.0,27.75,50.81,62.74,47.62,-42.26,47.45,42.46,8.3,5.59,15.23,10.45,6.11,17.99,18.16,6.71,30.11,21.6,5.93,32.04,3.89,4.09,4.09,11.42,31.54,0.21,7.69
Palghar ,Maharastra,890,941,131,77.46,22.6,963.15,747.23,98.79,91.66,97.65,91.09,75.05,75.02,86.52,18.82,33.75,77.61,48.28,14.61,0.91,4.67,83.78,71.83,65.96,49.59,0.1,1.2,1.87,12.41,0.15,8.2,3.98,21.56,53.02,84.68,86.32,94.43,65.3,44.26,92.88,96.97,1948.04,96.47,94.18,65.89,1.92,95.66,22.59,54.41,10.93,-93.99,-90.78,-100.0,-93.99,-100.0,-100.0,-31.32,-0.01,-96.79,72.69,-100.0,-0.01,1.75,4.73,60.13,-2.26,5.21,32.97,23.93,10.47,37.11,9.32,27.85,17.0,61.9,70.31,57.17,-48.54,56.93,52.11,4.85,6.11,12.24,6.5,5.63,12.86,16.0,3.57,23.35,16.03,4.12,22.35,1.79,0.35,0.0,8.28,26.21,1.42,22.38
Thane ,Maharastra,755,756,91,86.1,22.47,981.59,1029.32,96.72,-91.05,99.29,96.73,74.68,90.4,97.54,22.73,-15.61,90.49,55.92,18.37,1.85,4.03,91.52,61.6,57.12,37.64,0.0,1.69,1.74,16.06,0.0,10.32,5.27,24.7,-56.93,58.88,70.19,97.42,54.93,32.18,93.37,87.23,2274.9,93.27,93.62,50.59,1.62,93.86,26.58,41.31,17.39,-74.9,-86.82,-90.05,-78.96,-77.07,-83.13,-21.64,-3.51,-73.36,68.73,-87.25,-12.75,2.97,0.4,54.33,-6.22,4.64,40.76,17.78,6.96,30.81,4.95,18.93,30.72,62.2,67.94,58.84,-43.34,58.82,58.48,6.46,7.78,15.69,5.92,6.74,13.88,13.89,6.07,24.51,19.17,7.07,29.69,4.27,2.96,4.78,6.87,24.19,0.37,15.63
Senapati ,Manipur,859,837,120,79.62,32.96,1053.3,937.55,94.53,75.37,98.8,64.4,84.38,49.95,98.83,15.35,26.32,81.89,39.57,15.46,2.5,6.33,84.4,65.24,17.49,2.8,0.14,4.33,6.06,3.19,0.79,8.5,4.08,6.36,44.87,73.93,64.92,85.17,28.37,15.64,77.13,37.04,12253.66,35.95,45.75,36.08,19.27,65.02,8.84,-50.47,10.99,64.96,79.88,87.2,70.89,77.07,75.23,12.7,14.85,77.24,37.84,98.37,1.63,4.43,2.27,57.63,21.74,21.86,27.31,10.73,5.51,12.85,6.7,5.25,24.89,69.21,48.48,27.87,-18.32,27.35,23.78,4.63,4.78,9.79,5.94,4.32,10.85,10.79,7.05,18.67,17.96,9.51,28.15,1.52,0.7,0.0,46.09,63.71,1.22,35.14
Tamenglong ,Manipur,882,839,133,78.4,33.2,1031.71,931.51,90.35,51.79,93.63,51.6,77.91,30.54,99.47,16.77,25.36,76.79,33.12,19.92,2.31,10.22,71.02,65.23,22.19,3.94,0.0,12.28,1.52,4.44,0.0,8.42,3.21,3.97,52.51,69.42,56.42,81.01,31.0,9.91,78.32,52.74,8743.77,49.19,57.69,53.04,11.86,69.85,10.3,39.56,15.36,67.37,78.08,91.19,71.21,78.57,77.75,17.15,3.68,73.38,41.5,98.24,1.76,3.23,1.41,62.93,25.08,26.53,27.08,9.58,3.16,19.31,1.61,4.61,24.43,64.5,36.95,26.93,31.35,27.26,29.1,6.3,4.6,11.69,7.41,4.69,12.72,15.72,4.91,21.45,21.1,7.46,29.39,2.21,0.72,0.29,17.24,52.22,2.19,33.94
Churachandpur ,Manipur,847,872,119,84.0,34.1,1144.31,1057.04,87.35,52.5,93.97,62.49,81.15,62.32,99.09,18.15,22.7,84.19,36.57,10.54,3.63,7.54,87.39,61.75,22.58,5.64,0.0,6.33,4.13,5.45,0.16,8.68,4.23,5.04,48.12,68.99,61.31,79.53,28.48,11.89,78.13,58.24,10646.29,56.79,72.94,50.36,7.06,80.0,9.59,23.6,8.47,64.87,-78.9,88.87,77.37,76.5,71.91,20.51,11.66,68.17,37.78,91.69,5.58,4.01,1.34,58.53,23.7,23.62,25.07,12.13,5.82,9.79,4.53,7.08,27.99,54.68,41.13,30.98,-51.75,31.97,28.72,6.98,5.62,13.46,7.07,6.88,15.17,9.69,4.55,16.31,17.03,5.83,25.24,0.63,0.5,0.42,62.08,73.81,1.16,38.13
Bishnupur ,Manipur,907,1043,140,81.47,26.38,1093.95,944.93,83.64,24.35,98.64,77.68,52.62,71.28,99.41,9.31,28.56,88.38,48.67,20.87,1.03,5.12,80.14,46.29,21.56,5.31,0.11,3.93,8.24,3.69,0.15,20.03,5.72,8.57,42.44,84.2,77.39,88.75,57.35,30.49,93.48,79.0,16362.49,65.28,89.5,68.64,3.09,92.58,38.22,70.76,34.17,66.61,-76.67,96.1,84.13,77.81,70.48,15.99,8.6,81.5,59.58,94.3,5.7,9.73,2.08,48.13,22.14,21.09,15.5,7.85,2.12,11.67,3.11,7.67,40.92,63.28,42.35,35.61,-38.97,35.75,33.27,5.87,6.09,13.43,5.68,8.88,15.77,13.88,5.34,23.61,18.02,8.61,31.28,1.67,1.12,0.19,48.77,60.23,0.8,44.25
Thoubal ,Manipur,893,1069,149,79.87,28.53,1095.31,908.85,87.23,40.35,98.61,72.54,61.25,74.71,99.79,19.14,37.44,85.4,40.72,17.54,0.55,7.51,81.62,72.17,17.83,2.42,0.0,5.49,4.85,4.79,0.15,5.97,2.32,2.04,-54.18,90.6,89.88,92.92,68.45,45.3,91.42,75.63,13143.79,72.99,87.8,72.42,3.28,91.07,20.23,49.27,17.48,74.24,79.93,98.67,80.24,84.6,77.36,19.66,4.92,83.17,43.46,96.77,0.0,3.66,1.12,46.45,23.69,22.89,31.48,8.31,2.85,14.86,4.85,7.33,31.25,74.91,39.7,23.77,32.03,24.16,19.24,4.18,5.44,10.63,5.48,6.15,12.88,13.84,6.48,23.18,20.39,10.54,33.4,2.86,0.73,0.17,47.94,58.53,1.03,34.07
Imphal West ,Manipur,885,893,129,89.01,24.8,1040.57,1038.82,86.75,49.61,99.42,89.12,58.71,88.57,98.95,15.68,23.36,92.5,61.92,15.33,0.0,10.86,94.64,69.9,16.35,3.5,0.11,4.5,3.02,5.23,0.0,12.46,6.39,7.1,-35.37,83.2,93.39,92.7,60.9,36.72,49.96,90.83,14172.57,91.72,95.67,67.6,2.31,97.98,44.52,73.46,35.35,-74.1,-83.58,-94.69,-75.98,-94.4,-88.45,-16.79,-9.38,-94.4,54.17,-90.61,-7.63,2.25,2.41,62.56,11.43,12.98,15.58,9.26,3.1,10.17,2.57,6.34,36.86,70.59,41.78,26.42,-39.49,26.8,24.99,7.68,7.21,16.62,8.53,11.77,21.75,16.41,6.1,27.45,24.51,10.11,38.37,2.45,1.97,1.88,37.95,52.26,0.51,39.31
Imphal East ,Manipur,896,1021,161,87.17,25.95,1058.52,936.18,86.14,32.84,98.61,90.18,59.47,78.97,99.12,6.97,15.22,90.03,49.94,15.15,1.0,9.52,76.41,50.09,16.94,3.89,0.0,3.05,4.08,5.37,0.0,16.74,5.36,6.34,-44.45,78.6,87.1,89.14,55.81,31.89,53.77,85.39,18578.21,81.02,91.65,66.65,1.63,93.0,35.82,55.59,32.89,76.19,72.49,100.0,79.03,83.33,81.88,10.5,4.94,81.88,42.97,87.63,10.67,11.67,1.87,47.39,18.27,19.23,18.38,11.69,2.37,14.4,0.46,8.69,40.06,59.13,50.32,36.34,27.43,35.89,35.98,7.31,7.43,15.93,7.78,9.3,18.48,11.94,4.91,21.92,21.63,9.75,36.04,2.26,3.25,1.85,39.62,53.48,0.76,36.12
Ukhrul ,Manipur,865,711,106,83.68,30.87,968.93,996.36,87.34,49.06,94.95,50.85,81.44,22.86,99.42,17.03,17.54,86.89,49.72,11.14,5.11,9.83,80.58,56.87,12.3,1.98,0.0,3.78,2.01,2.94,0.81,12.73,5.24,6.72,-41.39,58.25,38.81,81.56,25.1,11.65,78.26,44.86,13190.03,44.76,44.58,20.99,9.94,54.51,6.35,24.37,2.86,39.36,44.97,91.53,49.81,53.33,53.2,11.48,0.0,51.23,34.91,89.42,6.22,2.11,1.9,63.6,13.02,15.26,27.14,11.58,5.3,15.97,2.01,9.68,14.53,47.98,34.61,21.63,-25.74,21.92,20.57,3.52,3.84,7.92,5.62,5.52,11.69,13.33,7.6,22.32,17.29,7.11,24.97,1.99,0.0,0.25,32.88,69.11,0.94,36.38
Chandel ,Manipur,847,757,105,76.87,29.8,1076.94,1008.45,91.39,53.7,99.85,68.64,85.2,52.0,99.43,16.11,17.58,80.17,43.34,22.34,1.89,9.94,79.71,56.56,23.56,4.88,0.0,8.97,4.28,4.91,0.28,10.97,4.77,10.63,49.92,77.6,66.62,94.46,44.22,21.0,79.91,55.02,10920.35,51.14,55.52,37.38,19.28,74.03,14.89,42.98,18.97,55.54,-69.92,96.49,69.29,76.56,60.63,7.6,2.29,76.16,42.79,86.65,8.75,4.91,1.19,55.11,15.45,14.19,33.98,8.28,3.19,14.7,8.72,3.65,33.74,71.19,42.36,27.74,-20.3,27.27,37.76,5.66,6.72,13.42,7.95,5.65,14.45,12.71,7.43,21.67,19.84,7.74,28.18,1.05,0.0,0.11,47.9,64.74,1.19,39.05
South Garo Hills ,Meghalaya,921,1088,143,89.18,31.44,983.61,1010.83,91.98,-53.77,98.64,60.35,88.39,22.31,83.6,79.5,20.08,88.57,38.42,10.18,1.29,1.09,66.56,37.63,33.3,3.84,0.0,8.99,15.84,2.75,1.6,25.33,14.39,20.29,63.68,68.73,33.25,85.98,51.81,14.59,98.9,65.9,2370.4,61.72,88.28,88.28,3.87,91.19,4.69,39.56,5.31,-86.83,-89.12,-100.0,-94.74,-86.83,-89.55,-15.03,-2.4,-86.83,57.24,-90.2,-0.01,5.37,3.13,59.82,22.96,22.96,29.83,18.34,8.77,20.78,2.65,6.59,6.93,67.67,33.56,57.74,33.71,56.24,65.04,10.03,2.14,12.79,18.26,5.05,23.7,10.07,1.09,15.78,16.57,3.26,22.77,0.22,0.0,0.0,9.68,50.69,1.36,33.05
Ribhoi ,Meghalaya,927,1238,145,85.32,40.36,997.56,870.68,85.87,51.07,92.08,86.16,85.32,21.04,96.64,66.84,28.69,89.46,23.14,20.26,5.54,6.8,67.75,33.11,19.7,6.29,0.0,4.85,3.7,4.38,0.17,26.99,18.44,34.19,71.05,56.12,60.95,86.17,48.76,22.42,97.47,39.54,3647.8,39.31,56.94,45.6,8.37,65.77,8.7,36.56,10.0,74.76,86.66,93.97,77.07,82.78,80.94,11.75,4.41,71.47,66.63,92.64,4.06,11.29,3.58,85.85,38.22,37.3,42.49,17.94,7.5,29.64,4.77,15.54,12.21,59.37,45.67,62.19,65.01,62.36,57.11,4.57,2.75,7.96,4.91,2.72,8.1,7.43,2.01,13.51,12.33,2.86,15.98,0.59,0.39,0.39,34.07,60.4,0.68,30.85
East Khasi Hills ,Meghalaya,918,1066,131,88.66,34.25,1049.3,851.44,77.43,55.33,96.59,90.01,80.92,47.38,93.32,47.09,41.32,93.74,43.5,14.56,4.2,8.16,70.71,12.06,10.63,4.28,0.0,2.37,1.84,1.62,0.15,33.03,25.17,22.72,63.31,56.71,57.45,80.17,40.09,27.07,87.76,33.62,3257.55,41.61,63.41,48.4,6.22,68.72,13.9,48.31,13.73,49.12,69.35,84.21,53.21,59.22,56.59,10.85,5.2,46.8,54.39,87.49,9.93,11.51,5.05,86.25,32.54,34.82,44.64,11.18,4.92,23.82,4.53,11.58,15.58,49.27,38.97,48.5,43.74,48.19,39.95,2.68,3.45,9.05,3.6,3.41,9.35,11.19,5.55,24.53,14.52,4.27,25.01,1.34,1.34,0.77,29.79,51.9,1.18,24.01
East Garo Hills ,Meghalaya,919,1280,198,90.89,31.05,1025.95,1426.99,81.41,45.91,97.38,67.0,83.92,29.09,69.02,71.85,3.16,86.67,40.45,13.69,1.94,2.24,75.71,36.95,35.75,4.43,0.0,4.66,18.53,4.86,2.24,20.96,12.41,22.12,79.17,59.24,25.52,74.45,28.77,7.0,92.12,59.91,2473.05,57.49,73.82,73.54,7.53,80.83,3.95,39.56,4.99,72.4,-94.52,81.54,76.58,83.34,83.34,19.31,12.49,74.81,56.62,-93.79,-0.01,9.23,1.61,47.96,41.25,43.92,39.73,20.08,6.24,26.54,4.14,8.51,7.01,63.71,28.0,52.14,29.06,50.85,55.71,6.32,1.96,9.33,12.01,3.63,16.2,8.54,2.9,15.3,16.35,4.43,23.17,0.16,0.16,1.1,6.3,53.99,0.86,36.76
East Jantia Hills ,Meghalaya,924,1311,200,76.03,46.13,1065.56,1014.83,83.01,43.48,85.05,74.59,83.57,26.53,97.17,74.1,45.58,76.01,22.97,25.28,6.28,14.35,47.86,33.64,23.99,9.18,0.0,1.9,7.56,1.96,3.38,26.03,20.12,44.13,81.13,55.54,58.62,87.65,51.85,25.65,94.57,49.08,3463.53,44.98,48.4,36.25,6.8,55.7,8.0,40.28,8.58,74.42,82.42,92.59,80.77,83.98,83.8,21.56,0.61,77.81,70.0,96.86,1.2,10.59,4.82,85.27,25.42,25.46,49.83,8.47,2.85,23.59,3.67,13.53,15.21,62.31,47.15,43.67,46.49,43.9,40.55,3.2,2.13,6.3,4.02,3.28,7.68,9.08,5.87,18.67,11.1,4.3,17.18,0.66,0.0,0.56,49.23,68.48,3.64,41.98
North Garo Hills ,Meghalaya,923,1283,180,91.29,29.19,1008.8,893.7,79.49,-43.78,97.52,51.51,84.89,24.44,84.13,60.84,12.72,86.14,38.43,13.19,1.07,3.73,74.94,19.17,17.67,2.9,0.0,3.41,7.4,3.23,0.72,25.23,12.9,8.04,70.36,40.3,24.28,55.53,23.74,7.94,85.78,40.47,4504.14,41.82,61.52,60.41,5.9,63.2,3.29,39.56,5.44,-47.53,66.06,-65.89,-54.69,-57.92,-58.08,-2.78,-8.21,-39.49,42.56,-96.91,-0.01,6.62,0.94,62.26,11.67,13.23,35.64,11.72,5.6,15.83,7.32,7.68,11.14,65.89,30.15,58.9,-40.81,58.36,65.18,7.83,2.71,12.22,11.82,4.11,18.65,10.48,4.62,19.95,15.73,5.27,25.36,0.0,0.0,0.22,3.84,54.13,2.18,40.22
South West Garo Hills ,Meghalaya,921,1161,140,81.67,30.32,994.72,1036.28,87.69,71.38,95.46,58.58,71.37,33.92,74.47,75.08,7.83,82.57,32.98,15.27,0.27,6.3,66.79,36.72,32.28,3.5,0.0,5.5,14.94,6.19,0.99,30.37,16.7,24.22,82.88,57.04,28.51,80.7,28.3,11.02,98.99,60.59,2665.6,55.12,83.68,83.68,4.94,88.32,2.44,39.56,2.91,85.36,90.12,98.62,91.05,90.86,92.08,25.72,13.44,89.48,53.01,100.0,0.0,7.91,7.5,54.46,32.09,30.01,32.24,19.92,7.12,26.36,3.27,8.54,9.02,71.53,35.47,63.64,37.81,62.48,67.26,8.9,3.5,12.88,12.36,4.3,16.73,7.99,2.09,13.61,14.49,2.7,19.97,0.0,0.0,0.0,11.09,52.38,1.21,30.64
South West Khasi Hills ,Meghalaya,924,1203,196,84.64,46.67,1024.69,1032.28,80.33,49.47,87.85,85.34,89.6,11.6,99.7,72.34,44.15,85.93,23.42,21.58,6.45,13.18,57.28,26.48,15.69,6.15,0.0,1.17,5.63,1.22,1.09,26.17,20.11,42.78,82.26,48.5,63.35,85.63,53.77,19.75,97.01,42.88,3901.72,38.66,41.69,37.61,7.62,49.26,4.23,-32.71,7.7,78.84,86.25,95.83,80.47,86.93,86.41,17.41,0.57,82.42,63.97,98.13,0.0,7.46,5.95,76.82,30.6,31.2,51.37,10.44,4.07,27.61,3.52,17.18,8.85,53.52,61.26,58.48,63.19,58.89,53.81,3.18,2.23,6.34,4.21,2.58,6.88,10.92,4.42,18.49,12.82,5.16,19.01,0.2,0.0,0.18,50.0,63.71,1.12,31.69
West Garo Hills ,Meghalaya,923,1090,158,88.71,30.79,1024.68,1395.94,92.94,-65.82,94.74,83.68,86.31,47.56,88.51,77.86,20.17,88.99,45.11,10.35,0.27,1.03,79.56,44.13,39.91,6.73,0.0,9.52,17.35,4.09,1.6,19.67,9.21,32.03,58.14,65.14,48.03,91.28,48.16,14.91,97.6,70.9,3234.79,67.18,89.63,85.11,3.23,87.52,8.35,39.56,8.18,-77.05,-78.62,-100.0,-84.08,-84.76,-87.4,-5.3,-4.97,-78.49,68.21,-100.0,-0.01,7.84,3.51,47.16,14.62,17.19,39.5,14.9,4.74,26.26,5.15,7.71,7.18,74.03,30.19,57.23,26.68,55.34,61.97,7.64,3.3,12.05,15.89,7.87,24.62,11.48,2.68,17.39,17.19,3.36,24.66,0.0,0.2,0.0,17.55,58.29,2.1,38.81
West Jaintia Hills ,Meghalaya,924,1172,155,73.84,44.79,1143.2,1036.3,81.68,55.66,75.38,70.63,75.1,20.72,97.29,65.6,33.26,80.02,24.65,19.92,4.78,11.92,32.62,19.28,17.53,4.5,0.0,2.45,7.08,0.96,2.39,29.27,21.74,31.37,70.4,43.95,43.12,79.19,32.69,19.84,88.05,28.57,2917.01,30.8,42.17,31.94,7.74,50.72,6.18,34.37,8.34,59.7,84.06,90.86,65.2,76.97,72.25,22.38,4.81,71.96,63.24,93.29,2.28,13.74,4.82,88.47,25.66,24.49,48.72,9.7,4.04,28.34,3.03,9.62,15.39,59.06,54.62,55.31,64.63,55.92,54.18,3.8,3.5,8.8,4.44,2.75,7.84,9.0,3.29,17.98,8.56,3.22,15.49,0.51,0.11,0.38,44.81,64.67,1.3,36.93
West Khasi Hills ,Meghalaya,924,1197,178,85.06,50.56,1038.25,983.93,79.22,48.96,84.99,80.52,87.78,8.61,97.3,60.12,34.83,87.37,16.41,30.33,7.98,12.88,48.88,26.34,15.32,9.31,0.0,1.55,2.82,0.52,1.13,25.78,21.08,43.41,72.77,45.29,64.0,81.64,51.64,21.02,97.29,41.98,2947.01,41.44,41.74,36.12,7.24,49.25,4.71,30.56,8.29,62.52,77.35,86.73,67.56,68.17,71.46,12.32,0.65,66.39,63.41,95.92,0.87,10.09,6.5,81.19,28.46,27.54,58.99,7.97,2.68,31.06,3.13,14.62,8.72,57.83,56.19,52.06,49.62,51.8,40.44,2.31,2.59,5.64,4.33,2.71,7.55,9.05,4.76,15.96,11.83,3.81,16.43,0.76,0.0,0.15,50.17,73.33,1.6,34.35
Chandel ,Mizoram,847,757,105,76.87,29.8,1076.94,1008.45,91.39,53.7,99.85,68.64,85.2,52.0,99.43,16.11,17.58,80.17,43.34,22.34,1.89,9.94,79.71,56.56,23.56,4.88,0.0,8.97,4.28,4.91,0.28,10.97,4.77,10.63,49.92,77.6,66.62,94.46,44.22,21.0,79.91,55.02,10920.35,51.14,55.52,37.38,19.28,74.03,14.89,42.98,18.97,55.54,-69.92,96.49,69.29,76.56,60.63,7.6,2.29,76.16,42.79,86.65,8.75,4.91,1.19,55.11,15.45,14.19,33.98,8.28,3.19,14.7,8.72,3.65,33.74,71.19,42.36,27.74,-20.3,27.27,37.76,5.66,6.72,13.42,7.95,5.65,14.45,12.71,7.43,21.67,19.84,7.74,28.18,1.05,0.0,0.11,47.9,64.74,1.19,39.05
Mamit ,Mizoram,917,898,146,90.66,30.72,991.18,794.36,99.08,-88.4,97.93,97.29,92.69,73.27,99.35,61.7,1.33,89.63,39.97,16.82,1.22,10.31,89.0,41.62,41.31,17.74,0.0,4.03,19.19,0.18,0.17,17.01,14.02,15.78,62.56,64.48,52.48,80.72,68.75,4.54,98.94,63.87,4149.8,44.85,74.96,71.8,7.06,81.08,3.51,39.56,3.52,85.87,85.65,98.5,87.36,95.17,95.17,19.18,2.48,91.09,60.75,100.0,0.0,0.59,0.0,56.84,4.02,6.82,26.41,7.37,3.83,13.93,5.9,4.05,21.84,53.06,45.49,35.08,-29.86,34.89,42.41,5.71,5.02,11.38,7.99,4.58,13.42,10.07,2.38,14.3,16.46,3.1,21.02,4.94,2.44,0.83,70.17,80.56,0.35,26.18
Kolasib ,Mizoram,918,926,145,93.92,28.58,1002.45,860.26,99.79,96.27,99.14,95.27,96.81,87.5,99.73,61.05,1.38,96.86,41.66,13.68,1.63,2.16,94.29,38.13,37.9,16.69,0.0,2.16,17.43,1.61,0.0,15.59,11.73,18.66,73.91,72.71,65.98,76.4,67.74,13.25,97.79,71.49,4833.97,41.84,91.36,82.85,2.65,93.2,8.43,-26.16,7.48,80.35,91.35,88.11,90.87,85.23,83.11,32.57,0.0,79.88,65.71,97.37,0.0,1.21,0.85,63.02,24.51,23.2,30.4,11.25,5.28,12.62,7.56,5.85,26.03,48.83,53.82,37.32,-43.81,37.66,30.13,9.03,5.79,15.73,6.58,6.64,13.8,10.31,4.03,16.46,16.85,5.67,24.25,6.31,1.85,0.71,70.58,75.27,0.93,21.72
Aizawl ,Mizoram,876,894,115,97.83,25.08,1051.82,1042.16,99.29,86.17,99.67,98.27,96.06,95.38,99.22,37.46,8.65,98.86,60.67,3.24,0.89,2.0,92.66,21.58,21.03,6.87,0.0,2.8,9.72,1.64,0.0,23.98,14.01,11.98,-44.42,82.79,68.51,82.26,58.54,12.07,93.09,73.37,9811.73,33.23,97.44,76.26,0.34,97.78,18.17,34.6,14.21,66.39,-76.33,81.56,68.73,79.38,77.85,28.63,16.64,71.4,71.55,-93.71,-6.29,7.09,0.78,58.52,17.03,17.88,25.34,7.34,2.41,9.64,12.26,3.84,29.7,45.99,43.97,31.61,-33.38,31.68,31.47,6.81,6.82,15.23,7.21,6.76,17.28,14.05,2.65,23.4,19.75,6.8,33.55,10.84,4.72,1.58,54.72,68.7,0.98,25.81
Champhai ,Mizoram,902,806,150,93.28,27.17,944.43,726.47,100.0,98.27,100.0,98.6,98.3,79.44,99.78,64.92,4.93,97.73,47.8,11.04,1.42,4.55,95.03,49.99,49.55,22.47,0.0,4.18,19.6,2.5,0.21,11.24,8.29,24.92,69.98,79.96,63.43,85.93,74.29,12.53,100.0,72.31,4335.6,52.11,96.67,91.5,1.61,97.51,6.55,39.56,5.76,-85.25,-87.03,-97.6,-87.67,-90.49,-92.66,-30.39,-2.42,-90.49,63.07,-100.0,-0.01,0.78,0.0,70.67,3.54,5.58,27.22,12.06,7.63,13.08,10.55,5.82,22.85,52.08,38.34,26.14,-15.67,25.74,31.62,6.92,5.83,13.35,7.39,6.06,13.94,9.11,4.45,16.09,13.87,3.92,19.64,3.72,0.64,0.2,66.71,74.5,1.56,21.28
Serchhip ,Mizoram,915,917,134,96.76,29.01,980.64,1084.3,100.0,93.42,99.31,97.73,98.2,81.78,98.73,58.83,1.51,99.72,43.06,7.17,1.3,3.02,93.16,39.95,39.44,15.57,0.0,2.6,19.51,1.76,0.0,15.93,11.78,17.26,59.78,77.55,60.25,85.11,72.95,11.95,99.31,86.16,6448.86,43.0,96.18,90.71,0.62,96.79,13.93,39.56,13.04,84.67,92.98,89.83,85.77,84.67,85.8,28.63,0.0,84.23,65.86,100.0,0.0,3.2,0.3,58.84,12.66,12.11,31.77,8.38,4.42,14.39,8.71,5.91,23.99,47.43,43.22,31.66,-43.44,32.12,29.95,7.0,5.75,14.23,7.21,5.57,13.81,7.69,2.51,11.61,12.49,3.11,17.68,7.97,1.51,0.75,62.7,74.17,0.43,22.44
Lunglei ,Mizoram,915,973,128,89.82,24.56,1004.28,875.63,100.0,-86.56,97.96,96.0,95.58,79.88,99.01,46.52,1.96,91.58,46.26,4.75,0.84,3.78,91.4,32.96,32.96,18.76,0.0,1.71,10.18,2.31,0.0,15.36,12.51,13.03,-62.82,68.78,56.72,79.9,64.73,9.72,99.21,67.13,5717.03,39.41,82.69,69.36,3.92,80.18,5.42,-9.22,6.04,-73.84,-84.07,-79.3,-82.18,-85.03,-85.03,-14.02,-0.01,-85.03,61.28,-100.0,-0.01,4.02,0.82,63.77,7.44,9.44,26.46,9.48,3.31,11.06,10.13,6.15,20.63,48.93,45.71,35.05,-27.48,34.85,34.19,7.35,4.87,13.46,9.88,5.98,17.09,7.69,3.62,13.92,12.72,5.15,20.01,2.21,0.36,0.18,62.84,74.96,0.85,19.18
Lawngtlai ,Mizoram,923,975,153,79.91,32.81,1050.77,1131.31,99.31,85.43,88.98,82.22,90.32,56.26,96.96,31.29,3.57,75.99,32.15,15.97,2.6,9.2,70.97,29.68,29.05,12.23,0.0,1.6,12.09,2.84,0.29,17.33,13.0,11.32,59.14,51.52,33.01,72.29,50.69,7.4,93.84,46.2,7318.26,28.42,53.68,48.42,9.34,59.89,3.91,39.56,5.36,70.2,91.74,75.56,75.32,74.06,76.75,23.19,0.0,72.63,55.07,96.89,0.0,2.69,0.54,60.87,7.35,9.23,32.72,16.15,11.37,16.91,9.06,7.11,14.11,44.35,55.29,48.62,-46.48,48.52,45.49,6.6,4.28,11.44,8.97,5.52,15.36,8.19,3.19,13.02,12.94,5.42,20.28,2.69,1.47,0.45,65.41,77.21,0.93,27.22
Mon ,Nagaland,899,832,123,79.38,23.46,1006.44,775.34,71.36,50.94,96.36,86.73,86.44,13.0,99.52,39.26,-4.54,78.22,24.25,2.98,2.55,2.83,66.54,68.65,55.62,12.57,0.0,31.8,7.2,2.2,1.14,3.68,0.55,11.23,79.76,44.58,9.66,77.96,10.64,6.41,95.82,25.62,-2965.39,22.36,21.4,20.15,9.54,30.94,1.38,39.56,-2.33,62.38,-69.37,87.12,72.24,79.05,83.41,30.6,2.78,70.94,46.89,97.04,0.0,4.73,1.55,53.06,1.74,5.8,35.51,7.79,0.45,23.34,3.17,8.67,9.39,73.8,39.4,30.44,-27.02,30.23,45.97,5.23,3.74,9.04,7.38,5.49,13.04,13.12,7.13,20.39,25.33,10.0,35.69,0.26,0.26,0.0,6.88,52.38,0.22,23.72
Mokokchung ,Nagaland,921,892,118,88.02,20.4,1041.07,1074.99,85.57,29.69,97.68,97.44,96.72,46.2,98.74,22.3,-7.34,94.04,55.76,5.96,2.6,0.71,90.18,66.69,52.48,15.97,0.0,25.81,6.06,3.32,0.0,6.44,3.35,11.44,70.3,51.61,18.21,91.65,12.53,4.11,96.61,47.38,6242.45,47.32,51.48,47.28,12.23,61.68,3.76,39.56,7.95,-92.03,-95.61,-96.78,-96.26,-99.0,-100.0,-36.57,-9.3,-96.02,51.34,-100.0,-0.01,2.41,0.86,56.48,-0.01,6.85,31.44,11.68,3.47,22.91,5.94,11.27,15.21,72.97,35.53,25.8,-11.51,25.04,21.06,4.56,3.76,8.56,4.52,5.48,10.12,14.72,7.93,23.2,21.56,6.85,28.92,0.0,0.36,0.0,22.2,53.02,0.36,23.44
Zunheboto ,Nagaland,924,778,103,87.37,22.21,1131.58,1207.42,51.58,51.01,99.39,91.03,88.94,18.58,99.13,18.06,-0.01,87.13,40.17,3.99,5.26,3.53,86.76,68.8,56.47,19.3,0.0,28.15,5.54,1.88,0.17,2.79,0.66,14.78,70.43,46.53,11.21,81.25,5.52,2.31,90.74,24.93,-7553.81,24.66,34.98,32.15,6.33,40.52,7.64,39.56,19.43,-60.65,-75.09,-82.18,-67.14,-72.05,-76.36,-28.92,-11.05,-72.27,33.52,-98.49,-1.51,1.83,0.0,38.44,-15.52,20.77,44.01,26.89,10.29,44.48,1.5,5.62,8.92,74.93,34.85,30.64,-40.79,31.12,37.97,5.71,5.27,11.09,5.2,4.56,9.89,22.46,10.49,33.24,29.17,11.77,41.21,0.2,0.43,0.65,8.03,48.94,0.21,21.32
Wokha ,Nagaland,921,789,124,85.83,21.37,1104.61,1245.1,78.87,47.46,99.7,83.41,88.47,41.23,98.91,20.6,-2.16,91.63,45.26,3.23,1.67,5.24,90.62,64.58,50.12,15.72,0.0,22.01,5.98,4.67,0.15,3.15,1.43,10.82,58.13,57.83,34.7,77.59,12.89,4.35,96.75,50.73,-7125.28,45.35,43.59,24.19,19.89,63.48,10.09,-38.35,-10.96,-42.8,-57.06,-73.27,-52.25,-61.31,-66.4,-30.09,-9.82,-55.1,44.9,-87.97,-12.03,3.6,1.55,48.45,-27.7,-28.81,26.31,23.51,10.61,28.02,1.06,8.78,18.29,43.97,45.35,31.01,29.75,30.92,47.91,6.22,5.76,12.17,10.41,8.18,18.82,15.95,7.6,24.32,23.15,12.04,35.65,0.0,0.0,0.0,12.93,50.41,1.09,27.16
Dimapur ,Nagaland,912,1053,155,89.8,24.5,1009.99,910.78,80.15,-61.64,99.84,92.42,81.14,84.2,98.69,5.66,5.33,86.62,52.45,4.41,2.96,3.28,84.89,46.88,38.43,15.67,0.0,9.62,9.11,3.35,0.0,14.34,5.77,7.33,36.74,71.43,50.08,86.44,14.91,9.26,82.32,68.74,7330.03,64.66,73.71,43.24,9.36,80.73,14.64,28.08,14.07,-55.86,-63.75,-85.05,-61.26,-73.17,-74.55,-13.09,-7.23,-71.12,49.35,-85.48,-14.52,2.23,0.55,53.05,-11.15,17.29,28.27,24.97,11.96,29.84,3.8,9.63,21.06,59.93,48.9,34.83,-32.87,34.74,36.72,6.81,4.68,12.04,5.58,7.44,14.11,11.01,5.21,18.57,11.96,6.9,20.81,0.17,0.0,0.68,16.39,43.95,1.71,25.73
Phek ,Nagaland,919,931,154,80.53,24.29,1020.91,880.3,70.3,-31.2,99.41,98.08,90.07,24.19,98.33,24.93,9.2,85.82,39.39,6.53,5.78,4.34,71.06,56.34,47.11,15.07,0.0,21.71,4.1,5.06,0.43,6.45,3.5,11.28,63.14,50.06,9.48,83.82,13.5,5.61,97.59,39.59,5885.58,34.9,32.2,29.19,18.46,50.65,1.72,39.56,3.68,54.59,-71.22,87.6,68.43,65.25,71.76,26.35,2.07,57.29,42.16,100.0,0.0,1.9,1.12,64.8,15.86,14.48,28.0,12.94,6.26,15.55,6.8,14.83,14.11,59.8,44.89,31.0,18.17,29.95,41.56,5.06,3.93,8.98,7.5,5.83,13.43,14.77,10.27,25.85,21.14,12.2,33.76,0.0,0.0,0.0,9.92,45.48,0.89,24.13
Tuensang ,Nagaland,924,987,142,80.51,32.8,945.82,902.21,66.01,26.48,96.55,90.37,92.01,19.68,98.16,21.99,5.48,77.77,27.03,10.43,3.8,6.72,72.76,52.57,37.36,9.93,0.0,15.63,5.75,3.23,0.5,12.89,5.86,7.89,51.65,27.07,4.36,68.95,3.29,0.9,90.88,29.52,3393.85,30.16,34.84,34.07,4.78,39.15,1.48,39.56,4.34,39.94,-58.81,75.57,47.56,56.49,53.31,9.77,1.85,49.11,27.46,94.59,2.05,5.46,1.82,69.39,14.79,12.96,37.12,24.58,10.3,34.19,5.52,15.88,10.82,58.76,38.83,29.3,19.95,28.77,28.49,4.3,1.91,6.4,7.04,3.36,10.52,12.31,7.78,20.38,17.11,6.81,24.31,0.88,0.66,0.49,14.87,50.16,0.56,18.48
Longleng ,Nagaland,924,873,132,81.16,28.75,968.95,922.48,67.47,12.68,99.08,76.28,86.63,11.81,98.62,38.27,1.64,82.0,23.8,11.0,3.94,6.45,68.84,66.47,56.34,16.35,0.0,32.16,3.76,2.22,0.13,4.26,2.9,9.35,55.02,42.32,15.39,75.49,2.56,1.57,91.64,28.45,7151.96,28.53,38.68,37.8,5.93,44.61,3.55,39.56,9.39,53.02,-64.75,88.27,57.51,64.68,73.29,16.47,5.47,58.16,46.77,97.34,2.66,6.13,1.22,62.26,21.02,20.12,34.06,19.8,9.55,25.74,6.83,14.35,6.97,41.65,40.4,34.85,30.5,34.57,43.07,6.02,3.78,10.2,9.64,4.66,14.51,14.05,7.17,22.56,20.45,8.73,30.0,0.79,0.57,0.69,7.94,54.0,0.48,24.03
Kiphire ,Nagaland,922,799,125,77.4,32.37,953.65,871.34,72.29,28.12,97.91,90.86,83.09,16.44,99.65,8.76,3.54,73.69,22.01,22.54,2.39,8.96,69.09,42.46,32.68,5.83,0.0,20.21,3.77,2.53,0.24,17.32,10.17,9.69,66.09,27.23,5.77,63.02,1.64,0.78,92.43,31.88,6287.77,33.47,34.77,33.8,11.9,46.68,2.09,39.56,5.13,42.84,-73.46,82.08,53.09,60.16,66.24,21.44,9.82,49.32,42.29,91.28,2.08,7.93,1.59,55.45,13.85,11.95,36.87,11.01,5.76,25.03,7.53,13.85,9.28,58.7,55.21,31.94,-19.51,31.39,36.02,5.65,1.99,7.79,7.04,3.66,11.71,10.24,4.14,15.32,15.33,5.19,21.96,1.19,1.1,0.89,10.09,44.17,1.03,15.8
Kohima ,Nagaland,923,817,132,90.35,18.69,954.05,1074.87,78.31,-42.82,99.49,89.87,87.44,61.68,99.71,26.72,-16.13,95.23,70.9,1.02,0.95,1.26,92.64,60.66,46.66,18.63,0.0,19.02,4.46,3.07,0.44,9.06,7.24,11.64,-51.46,61.91,28.31,94.33,17.19,1.0,95.24,58.86,4969.7,55.62,66.88,44.68,12.17,78.86,4.27,-8.86,5.16,-82.83,-90.22,-100.0,-86.14,-88.72,-86.58,-20.86,-17.84,-88.72,76.81,-89.17,-0.01,0.47,0.91,60.32,-19.04,-17.96,28.25,26.88,11.38,22.08,6.61,11.65,11.6,60.34,38.37,15.62,3.86,14.91,18.23,3.58,2.78,6.55,6.01,3.77,9.94,15.19,9.75,25.71,19.76,11.22,31.06,0.07,0.35,0.35,14.44,47.9,1.2,27.38
Peren ,Nagaland,923,943,148,81.12,28.52,1079.39,896.25,78.67,19.29,98.2,92.45,89.4,31.37,99.46,5.4,4.27,77.59,35.53,9.05,4.95,4.38,68.11,58.62,41.99,9.94,0.0,19.0,7.0,4.03,0.49,6.15,4.52,8.15,75.89,45.09,14.54,85.1,6.11,2.1,97.31,46.88,4945.37,45.07,43.47,38.7,9.64,52.49,2.43,39.56,4.32,63.3,76.41,86.76,71.91,71.17,74.24,12.52,0.42,65.11,44.16,94.7,0.0,3.39,0.54,58.45,8.98,10.95,34.88,9.09,1.73,20.72,4.13,6.56,16.36,65.85,50.98,29.93,26.43,29.72,29.49,4.05,3.65,7.97,7.45,6.96,14.58,13.16,5.13,19.75,19.72,7.15,27.68,0.27,0.2,0.2,13.44,49.19,1.43,26.09
Central ,NCT of Delhi,804,897,101,84.36,23.93,901.12,994.19,93.0,87.13,99.78,99.65,76.99,98.81,96.82,22.61,24.79,84.69,57.05,11.18,0.81,4.02,97.48,68.53,49.81,17.59,0.61,5.65,2.06,22.86,0.51,9.41,3.26,11.9,59.79,70.38,73.06,88.33,62.15,43.33,94.02,84.9,2313.24,90.06,92.2,69.3,0.0,90.87,25.28,49.37,20.16,-82.05,-94.1,-94.83,-84.38,-89.72,-89.85,-36.94,-15.47,-87.16,48.76,-94.6,-5.4,10.96,3.06,47.64,-23.44,18.2,33.46,13.52,7.02,25.5,4.09,10.38,44.76,66.94,70.34,45.11,-43.34,44.62,54.62,4.47,5.68,11.7,6.02,7.87,15.79,15.66,7.01,26.53,25.31,12.85,41.45,1.49,1.13,2.45,3.43,27.76,0.28,19.81
East ,NCT of Delhi,887,1055,158,84.35,24.55,885.18,819.62,95.49,94.68,99.53,98.36,78.01,99.08,98.1,30.67,-9.53,84.32,57.23,12.84,1.9,1.26,96.71,81.93,60.33,17.27,0.0,5.82,2.41,32.83,0.0,2.59,0.69,23.26,87.55,85.71,89.66,97.06,76.73,53.94,96.55,89.97,2734.76,88.39,92.57,68.23,2.35,94.92,25.2,47.22,20.1,74.61,-80.9,95.66,78.74,81.23,90.44,36.95,40.75,77.84,58.72,89.14,10.86,14.17,4.53,60.31,22.79,23.02,35.21,15.73,4.33,29.91,6.06,11.89,41.25,79.13,65.94,42.6,-37.23,42.47,44.63,4.55,5.09,11.72,4.1,7.02,12.87,16.64,6.18,25.78,22.19,9.39,33.81,0.14,0.15,0.0,1.5,24.96,0.39,19.84
New Delhi ,NCT of Delhi,852,924,170,85.89,25.28,858.68,897.69,94.89,84.82,100.0,99.11,69.44,98.33,98.14,25.18,22.88,83.85,57.87,10.21,0.0,5.18,97.19,76.98,59.85,17.78,0.26,7.33,2.56,30.76,0.0,5.29,1.75,16.37,66.65,83.2,80.06,93.79,69.72,51.73,96.75,86.38,2526.6,85.61,91.76,63.39,1.35,92.81,23.37,39.76,19.07,82.17,-87.47,100.0,82.17,94.99,93.36,36.99,40.31,87.09,55.42,95.79,4.21,6.33,5.23,48.55,15.14,15.64,27.35,6.84,2.88,20.66,3.65,12.77,41.76,58.25,72.85,56.1,-43.34,55.96,52.0,3.97,6.04,12.04,4.82,6.75,12.7,14.8,6.98,25.79,21.76,10.83,33.82,1.47,0.65,1.22,2.41,28.99,0.0,28.22
North ,NCT of Delhi,800,929,120,80.75,25.89,904.99,1083.89,92.13,77.71,99.83,99.26,70.19,98.06,93.76,18.05,10.22,81.86,53.87,17.0,0.97,8.15,94.84,57.36,47.31,17.73,0.13,6.59,3.22,17.83,1.12,15.66,5.77,13.07,82.36,55.02,50.64,87.37,55.69,41.71,85.62,68.91,2935.14,73.41,89.74,60.51,4.69,91.31,21.71,44.12,14.57,66.23,76.2,96.31,70.91,81.84,88.69,43.59,14.54,78.12,47.32,92.08,7.92,12.71,5.68,46.88,19.52,16.79,24.95,8.85,3.82,17.43,2.94,9.24,41.83,61.51,67.48,47.12,-48.42,47.19,47.68,4.04,4.8,10.63,5.77,6.07,13.89,11.55,6.04,21.28,20.69,9.52,32.87,1.07,0.85,1.03,2.79,30.33,0.37,23.51
North East ,NCT of Delhi,869,1057,155,82.68,25.78,906.45,935.55,95.56,91.25,99.86,98.2,89.52,99.73,96.26,19.36,14.56,85.06,59.8,4.99,0.56,1.61,98.63,78.98,57.76,12.92,0.3,6.78,1.66,34.15,0.21,5.08,1.72,20.53,72.43,81.62,86.19,95.49,78.1,55.77,94.32,82.62,1990.99,85.93,89.19,68.25,1.13,89.8,23.46,48.58,19.47,86.4,83.16,95.69,86.4,93.37,91.61,31.26,43.55,89.22,42.75,92.33,7.67,11.46,2.34,50.3,31.77,29.54,38.69,8.8,3.83,21.8,6.24,9.57,43.33,64.68,62.54,46.06,-39.37,45.87,50.06,3.56,7.5,12.94,3.77,9.6,14.54,16.55,7.48,27.16,24.93,10.08,36.96,0.95,0.0,0.0,3.11,24.07,0.22,14.6
North West ,NCT of Delhi,868,996,164,84.17,24.4,903.92,877.93,96.91,93.23,100.0,99.66,88.22,99.09,97.63,28.21,3.71,86.4,62.91,10.13,0.71,3.65,95.55,79.98,60.49,18.79,0.14,7.73,2.43,28.77,0.58,5.26,1.61,17.83,57.98,84.84,77.93,94.03,65.6,48.26,97.87,86.11,2702.83,85.07,93.97,62.64,1.81,95.46,22.26,33.62,18.72,78.28,78.03,95.37,83.2,83.36,88.6,39.11,14.84,79.65,54.43,91.71,8.29,10.77,8.76,48.35,14.06,10.16,26.87,10.91,5.9,22.76,3.23,9.03,43.16,60.86,73.62,51.72,-40.61,51.38,46.59,4.97,7.9,14.37,5.92,7.57,14.72,14.29,5.07,24.09,20.76,6.29,29.89,0.4,0.15,0.0,1.27,24.09,0.35,21.95
Shahdara ,NCT of Delhi,888,1151,174,83.11,23.24,934.62,975.84,95.06,85.52,99.94,99.81,83.37,99.79,96.35,21.53,24.9,85.45,58.37,7.26,1.92,3.6,96.57,77.99,56.1,14.94,0.0,5.59,2.67,30.24,0.44,4.58,2.14,22.12,79.28,80.84,88.91,95.96,67.8,37.5,93.63,91.5,3703.38,92.34,95.8,74.5,1.39,97.19,22.15,41.9,17.76,-82.51,-75.45,-100.0,-82.51,-89.47,-90.59,-28.99,-37.66,-87.51,67.77,-92.06,-7.94,8.71,4.48,50.04,-8.45,8.25,32.91,21.17,11.53,30.17,3.7,10.96,42.83,83.89,71.39,49.44,-43.34,49.22,53.54,3.56,6.44,12.27,4.41,6.26,12.47,15.34,6.86,26.12,23.14,9.76,34.95,0.78,0.4,0.44,1.79,24.62,0.72,18.11
South ,NCT of Delhi,875,990,147,83.51,22.89,921.78,984.88,98.27,87.54,99.89,100.0,89.46,97.69,98.64,28.68,-23.32,86.62,61.64,6.58,1.07,1.46,97.2,83.15,61.98,21.92,0.15,6.05,1.7,31.47,0.35,2.55,0.78,10.2,-64.39,82.7,85.57,97.79,70.8,49.19,96.63,82.88,2425.94,81.34,81.97,52.55,7.13,90.0,24.51,50.88,18.16,-86.15,-85.05,-100.0,-88.54,-93.03,-95.42,-48.08,-49.3,-91.11,37.82,-80.37,-19.63,9.5,0.9,46.62,-19.86,17.83,33.37,9.4,1.71,18.94,7.06,10.08,40.03,75.55,65.36,46.31,-43.34,46.23,41.99,4.82,6.52,12.13,5.8,9.36,15.91,15.24,4.51,22.34,22.25,6.12,30.41,0.39,0.21,0.41,3.77,28.17,0.68,25.06
South East ,NCT of Delhi,897,1096,193,83.91,22.13,948.71,951.41,95.68,93.65,99.69,100.0,83.76,99.1,96.77,24.45,12.73,86.78,65.5,7.54,1.38,2.61,98.67,84.06,65.15,17.97,0.43,6.94,3.52,34.34,0.37,2.58,1.01,26.05,-86.88,84.23,83.24,96.0,78.79,53.04,96.24,92.25,3186.02,91.95,96.14,60.64,1.65,97.8,23.75,35.08,18.63,-64.64,-62.27,-89.96,-72.65,-78.29,-83.28,-45.85,-35.36,-78.29,74.14,-77.62,-22.38,10.62,4.88,70.06,-13.5,17.01,21.68,14.68,7.08,20.4,4.62,7.67,32.95,80.73,72.74,48.27,-35.05,47.93,54.98,3.67,4.96,9.86,4.81,4.28,10.28,15.82,5.31,23.71,19.47,6.62,27.83,0.63,0.15,0.53,1.57,20.78,0.84,19.51
South West ,NCT of Delhi,891,1064,151,86.56,22.81,881.27,700.83,95.78,95.41,99.98,99.72,86.15,99.31,96.82,37.72,22.53,88.26,68.44,7.54,1.25,4.71,98.59,78.47,60.82,21.22,0.38,6.35,2.38,29.38,0.24,4.58,1.5,23.89,76.92,83.83,90.97,94.67,74.76,54.9,96.2,92.42,2403.57,88.31,92.51,52.78,0.47,92.98,29.41,51.51,16.95,-77.28,-74.24,-98.02,-83.3,-87.17,-91.61,-32.82,-26.72,-85.78,58.1,-80.43,-19.57,6.93,9.19,51.77,18.45,15.18,27.11,10.64,3.39,16.82,4.7,9.02,42.92,61.52,70.07,56.68,-44.17,56.35,65.87,3.8,7.41,12.61,7.37,8.56,17.02,13.26,2.99,19.47,16.74,7.67,26.49,0.45,0.0,1.64,1.78,27.43,0.62,23.01
West ,NCT of Delhi,855,1000,167,83.28,25.41,952.62,931.97,90.74,88.78,100.0,99.78,76.82,98.99,96.34,20.96,16.11,83.23,56.31,10.49,3.42,1.21,96.13,75.43,56.57,18.85,0.12,7.53,4.09,24.58,0.14,7.03,1.49,9.17,62.93,65.31,67.06,91.7,67.45,49.23,90.48,86.92,1749.85,91.35,91.75,57.69,2.82,93.92,22.49,41.6,14.43,67.52,-78.44,98.49,76.02,76.31,89.72,33.77,11.02,74.48,47.56,84.99,13.56,10.73,7.29,47.84,15.92,12.94,36.12,8.35,3.48,18.98,2.1,10.53,40.6,59.58,68.46,57.4,-49.19,57.15,54.73,4.52,6.2,12.91,5.18,7.45,14.43,13.26,6.74,23.78,23.28,9.08,34.11,0.43,0.0,1.94,1.96,28.48,0.52,24.25
Bargarh ,Odisha,896,891,145,72.07,22.18,956.54,950.1,93.94,76.21,98.39,98.04,61.91,31.88,98.95,45.51,-9.27,75.73,37.36,8.57,0.42,3.3,84.58,75.35,55.7,33.23,0.0,3.29,11.56,6.04,0.3,5.05,1.56,28.0,80.85,80.88,70.1,90.85,52.18,25.25,100.0,92.69,4112.11,94.01,99.59,91.86,0.0,96.22,29.49,39.56,25.99,95.9,97.94,100.0,95.9,98.13,97.77,55.29,96.34,98.13,90.9,98.15,1.85,4.01,2.81,67.64,15.28,17.08,38.85,17.95,5.99,30.02,2.85,18.96,19.89,57.47,56.16,62.79,-57.55,62.61,66.77,7.5,7.8,15.74,6.54,8.3,15.37,14.22,5.07,22.6,17.6,4.77,24.31,0.44,0.44,0.9,21.22,40.09,2.24,28.31
Jharsuguda ,Odisha,854,904,133,77.75,19.64,955.8,793.15,96.63,78.56,98.13,88.36,69.99,41.78,98.93,37.74,-8.13,81.01,40.9,8.52,2.63,1.04,89.05,81.38,50.34,27.97,0.19,3.31,9.1,8.35,0.17,3.71,1.3,25.49,93.53,92.64,94.06,96.94,84.72,54.46,100.0,96.43,5719.69,96.35,98.58,66.66,0.44,96.77,30.73,56.84,18.89,-97.63,-97.63,-100.0,-100.0,-97.63,-100.0,-48.22,-100.0,-97.63,92.69,-100.0,-0.01,5.94,0.99,73.82,-21.98,26.73,27.05,16.92,3.54,26.92,3.1,21.23,26.95,62.96,65.54,68.08,-43.34,67.82,68.75,6.87,8.64,16.61,5.85,12.1,19.04,11.52,4.57,20.41,17.26,4.95,25.26,0.18,0.0,0.21,20.62,45.86,2.28,30.44
Sambalpur ,Odisha,890,876,133,74.62,22.56,1067.36,1061.14,95.08,83.65,98.84,92.99,62.36,42.56,97.8,49.32,-4.29,76.55,36.46,7.36,1.89,0.85,86.1,77.09,58.11,32.56,0.31,2.47,14.54,5.5,0.41,9.11,3.62,24.19,83.88,78.96,88.95,90.83,63.14,35.64,100.0,90.49,4191.23,94.07,99.52,88.67,0.48,97.62,25.34,39.56,19.31,-97.97,-97.93,-100.0,-97.97,-100.0,-100.0,-51.37,-92.1,-100.0,91.06,-94.15,-2.12,7.56,1.72,59.01,18.01,17.4,40.71,25.54,7.56,36.34,3.72,19.68,21.42,71.23,64.51,67.12,-43.34,66.67,67.12,6.66,4.43,11.7,9.22,6.37,16.58,14.27,4.99,22.18,18.15,4.05,24.45,0.26,0.26,0.0,22.42,50.82,7.62,39.98
Debagarh ,Odisha,857,859,114,71.76,24.99,1053.36,822.35,92.42,67.87,95.34,86.17,69.9,18.44,98.8,57.47,9.84,69.53,31.26,19.21,0.87,8.52,79.44,74.13,42.83,21.86,0.0,4.05,11.93,3.8,0.16,6.76,2.38,21.01,71.38,75.22,77.52,94.16,60.2,31.7,100.0,88.53,4318.85,89.04,91.22,76.6,3.74,90.75,15.86,-54.58,10.28,-100.0,-97.12,-100.0,-100.0,-100.0,-100.0,-47.01,-97.18,-100.0,80.92,-100.0,-0.01,13.35,4.43,71.54,13.02,13.02,28.39,27.29,12.06,34.3,3.24,23.34,13.39,54.74,61.52,72.13,-43.34,72.23,73.49,5.62,4.45,10.7,8.23,7.91,16.86,11.83,5.47,20.08,16.95,7.8,27.54,0.86,0.0,0.21,20.84,59.24,6.89,44.15
Sundargarh ,Odisha,862,883,119,71.98,21.93,1030.43,809.4,92.19,69.7,97.11,91.47,65.46,40.15,99.43,39.34,6.04,74.12,35.58,12.93,0.5,5.44,87.74,79.68,47.89,24.87,0.52,4.64,11.01,5.53,0.53,2.42,0.58,25.12,77.37,81.33,73.07,93.07,60.29,27.35,99.09,79.69,4756.31,82.02,91.34,80.29,2.23,88.15,20.75,39.56,16.33,-81.98,-81.52,-91.68,-81.98,-86.05,-88.84,-26.2,-86.05,-86.05,90.12,-96.72,-3.28,5.35,3.87,63.21,15.4,14.7,32.91,21.06,7.35,34.66,1.23,21.14,19.57,61.67,77.05,69.81,-68.42,69.77,79.79,5.79,5.65,12.35,5.7,7.32,13.58,12.59,5.44,21.1,17.16,6.51,25.32,0.2,0.0,0.19,21.87,52.2,11.46,45.93
Kendujhar ,Odisha,892,971,128,68.16,27.19,1114.81,984.45,87.54,61.09,91.1,92.91,47.59,27.89,98.44,43.26,6.55,66.96,29.54,28.99,2.29,12.23,79.6,77.58,45.79,21.29,0.0,3.69,13.81,5.35,0.14,3.79,1.39,16.9,67.23,70.67,57.05,90.91,48.1,22.25,98.31,75.43,3466.73,72.27,80.43,69.99,4.59,79.92,15.25,-70.28,11.31,85.97,-81.44,94.08,88.13,89.86,93.97,33.07,82.26,89.86,81.9,-100.0,-0.01,15.33,2.37,57.92,15.83,15.09,36.16,23.84,6.24,37.05,0.91,25.86,17.04,58.43,64.64,69.03,-74.66,69.22,68.24,5.8,4.72,11.32,7.12,7.69,15.84,14.37,5.36,24.11,18.37,5.23,25.06,0.21,0.0,0.0,34.92,64.19,13.58,43.18
Mayurbhanj ,Odisha,896,921,123,62.96,25.98,1056.37,837.28,85.1,65.5,90.34,80.09,54.43,16.12,98.93,46.45,10.13,61.45,25.07,31.25,1.29,17.2,76.23,76.3,50.77,24.97,0.31,2.89,14.86,5.35,0.14,5.92,2.47,18.44,69.43,65.85,52.94,91.15,41.74,21.63,98.69,86.29,2840.7,81.17,91.68,90.24,2.42,87.14,8.59,39.56,8.55,84.41,85.4,93.15,86.19,89.61,87.97,39.9,86.16,87.97,78.92,97.0,3.0,17.47,3.2,58.41,24.64,23.74,36.72,28.47,10.37,45.91,2.98,30.19,14.31,61.34,71.73,72.95,-55.95,72.15,63.6,4.33,3.8,8.75,4.94,6.66,12.26,14.25,8.86,26.14,18.95,7.76,28.84,0.48,0.21,0.0,34.85,62.19,17.04,45.61
Baleshwar ,Odisha,893,856,100,77.13,25.03,1073.48,865.65,92.18,70.48,97.14,98.49,70.86,28.43,95.23,40.58,7.68,76.46,38.25,26.38,0.0,8.27,85.12,68.29,49.73,21.03,0.19,1.96,18.25,7.09,0.15,9.27,2.82,21.66,59.0,62.48,56.61,93.96,35.98,20.71,98.17,87.59,7183.26,86.94,97.58,80.77,0.41,93.46,35.01,-79.75,26.75,94.05,-84.98,100.0,94.05,100.0,100.0,36.33,86.27,100.0,85.52,100.0,0.0,18.33,5.85,50.96,17.54,21.69,24.42,14.95,5.39,22.59,3.76,23.85,21.63,57.19,43.17,61.47,-43.34,61.76,57.25,5.51,5.12,12.22,5.4,7.39,13.81,12.13,5.94,22.85,20.15,6.6,29.54,1.44,0.44,0.84,29.82,44.85,4.25,20.16
Bhadrak ,Odisha,853,936,106,81.21,26.79,1149.82,980.05,91.02,69.0,97.8,100.0,62.02,22.85,98.76,44.93,18.62,82.58,36.96,10.42,1.25,7.16,86.85,71.98,50.4,28.47,0.0,1.14,15.41,3.86,0.27,11.81,5.3,14.3,67.8,75.87,74.87,94.17,53.71,27.08,99.59,89.04,5595.7,94.36,96.06,74.03,2.25,97.19,28.7,83.9,13.8,83.68,88.7,95.4,85.44,97.2,97.2,49.79,85.79,97.2,89.69,100.0,0.0,13.83,7.89,56.56,22.61,23.05,32.31,15.83,7.48,28.92,4.54,24.69,18.32,58.82,68.68,63.8,-70.38,64.0,69.94,6.54,5.84,13.72,7.0,9.24,17.53,12.49,5.08,21.74,17.02,5.88,26.12,1.47,0.41,0.0,34.11,59.78,0.32,18.03
Kendrapara ,Odisha,833,860,111,84.29,25.09,1127.3,859.74,96.31,67.55,99.54,99.73,57.31,27.91,98.88,49.96,12.75,86.74,42.5,9.38,0.76,1.8,85.56,64.71,34.28,20.6,0.16,1.09,7.42,4.49,0.15,12.25,4.2,22.03,48.25,76.18,77.1,90.76,54.21,24.53,99.06,85.47,7841.85,91.66,96.66,77.26,1.71,94.58,25.3,-64.05,16.68,-82.82,-93.46,-93.77,-87.7,-91.39,-88.89,-39.77,-68.22,-85.9,78.49,-94.42,-2.82,10.41,6.45,68.94,23.89,23.29,28.64,7.85,1.44,17.89,6.61,20.45,24.06,59.13,61.52,58.92,-56.01,58.82,57.55,6.49,7.36,15.69,7.65,11.31,21.55,12.36,5.4,21.93,14.22,6.91,24.82,1.34,0.59,0.42,30.93,54.89,0.46,19.13
Jagatsinghapur ,Odisha,885,889,103,84.66,20.39,1095.2,843.21,95.79,57.71,98.24,99.47,60.05,30.49,98.21,56.84,15.39,86.28,46.55,11.99,0.0,2.61,92.82,71.88,38.82,22.02,0.0,2.13,6.77,7.27,0.48,11.46,3.45,13.49,56.51,71.64,82.6,95.39,64.33,33.66,98.24,89.23,5897.04,92.05,98.31,79.06,0.0,96.7,42.19,-83.81,32.95,-91.27,-92.94,-100.0,-93.37,-97.9,-97.9,-42.09,-89.4,-97.9,90.64,-100.0,-0.01,10.96,7.13,68.75,30.99,31.16,13.16,10.74,5.63,10.97,8.29,12.92,35.47,64.18,58.15,60.43,-43.34,59.82,60.86,6.63,9.05,16.89,7.49,11.59,21.35,14.83,7.13,26.24,19.44,7.36,30.23,1.63,0.51,0.32,25.72,51.06,0.42,19.06
Cuttack ,Odisha,879,845,130,80.59,21.34,1019.42,745.29,95.14,69.77,98.2,92.33,60.22,45.14,98.91,42.29,14.6,83.15,40.86,14.23,0.0,5.67,88.73,84.39,47.03,26.1,0.15,2.84,8.18,8.54,0.48,3.65,1.13,9.81,53.32,73.63,84.2,96.21,63.33,28.54,100.0,92.53,4988.36,92.19,98.86,69.47,0.0,98.86,34.6,71.73,19.47,-90.42,-97.0,-94.25,-90.42,-94.25,-94.25,-45.72,-76.72,-94.25,71.71,-91.88,-8.12,8.3,8.35,63.74,-23.31,-21.27,20.42,14.2,5.55,18.87,5.55,15.72,32.46,63.74,63.78,64.66,-43.34,64.5,59.0,7.87,8.78,17.8,8.27,11.28,21.05,12.09,4.58,22.65,16.18,6.82,27.11,2.88,0.35,0.0,25.81,51.04,0.51,20.24
Jajapur ,Odisha,889,959,140,78.65,25.39,1017.96,897.81,91.39,61.87,96.97,92.02,47.35,28.35,98.66,53.92,8.51,78.36,37.98,11.36,0.92,7.69,83.41,76.15,44.91,27.12,0.0,1.88,7.79,7.15,0.14,9.0,2.01,11.93,54.09,65.17,73.83,94.68,48.98,21.17,99.22,92.38,5002.39,91.75,93.81,74.42,1.67,96.11,25.78,75.5,14.98,79.48,70.52,98.17,81.26,90.98,96.54,44.93,67.67,90.98,89.96,100.0,0.0,12.03,9.07,60.78,14.6,13.91,25.5,15.92,6.42,21.79,2.16,24.37,21.33,58.51,66.4,63.42,-62.44,63.39,74.06,6.62,7.72,15.15,7.0,9.61,17.53,13.57,6.1,23.8,17.6,7.16,27.97,4.57,0.61,0.58,34.37,58.76,3.44,21.85
Dhenkanal ,Odisha,845,857,98,76.22,25.36,1047.39,895.29,89.46,64.23,96.28,63.44,58.2,28.78,98.01,55.16,19.36,77.05,33.31,23.69,0.79,9.25,84.93,75.86,48.21,31.54,0.31,1.39,10.68,3.36,0.31,8.07,2.43,23.88,63.98,72.42,75.79,95.59,50.87,26.38,100.0,90.74,5371.39,89.75,94.81,72.76,1.25,93.22,30.04,67.28,20.9,-88.6,-85.97,-97.79,-95.35,-97.73,-97.73,-44.27,-95.39,-97.73,86.4,-100.0,-0.01,9.51,6.06,70.05,25.31,25.59,33.31,22.73,5.36,30.0,6.83,18.89,21.78,59.63,61.95,66.11,-60.01,65.93,68.71,6.98,7.07,14.66,5.91,10.76,17.0,12.98,7.39,25.33,14.98,7.27,25.97,0.6,0.0,0.0,28.21,55.99,2.63,29.56
Anugul ,Odisha,913,964,148,73.15,24.49,1026.84,868.21,85.54,68.65,96.69,76.21,66.42,23.8,97.05,63.06,10.55,74.63,33.65,25.04,0.4,12.2,86.45,85.8,52.61,25.65,0.0,2.76,16.29,6.62,0.26,2.94,1.48,11.9,62.02,78.7,83.65,97.04,53.7,21.59,99.56,84.79,3832.23,85.12,85.71,67.62,4.07,89.78,18.35,-62.84,10.32,86.98,86.48,98.17,88.78,94.32,96.12,38.32,83.19,94.32,88.93,98.45,0.0,11.97,4.47,67.39,18.69,18.65,28.06,25.13,7.74,30.47,3.47,20.58,22.71,63.61,75.29,75.78,-75.7,75.78,85.66,8.42,6.48,16.12,8.07,9.05,18.23,10.22,3.65,18.93,13.47,4.58,21.09,1.81,0.0,0.0,17.24,56.9,3.94,32.91
Nayagarh ,Odisha,881,917,132,76.09,23.07,1082.93,844.8,92.49,71.79,98.32,82.92,67.05,42.27,98.14,49.28,9.55,81.86,27.14,35.67,0.0,10.0,89.64,78.18,43.68,31.67,0.13,1.65,4.17,5.54,0.0,4.55,1.54,32.15,81.78,86.01,90.27,96.11,66.36,49.29,100.0,96.23,3480.5,96.1,98.29,75.22,0.39,98.36,28.12,82.12,12.2,-96.07,-96.07,-98.22,-96.07,-96.07,-98.22,-50.32,-91.93,-96.07,91.98,-100.0,-0.01,10.61,1.89,76.82,21.8,20.28,20.0,10.46,1.48,20.16,2.88,13.1,30.29,68.46,55.2,62.56,-61.63,62.53,61.15,9.91,9.73,20.69,10.13,12.49,23.98,10.4,5.93,22.0,10.64,4.96,18.76,1.02,0.22,0.0,16.93,54.26,0.27,20.92
Khordha ,Odisha,827,927,116,84.41,22.18,1024.07,810.21,96.96,84.39,99.51,94.63,73.15,63.3,99.68,43.15,11.58,85.7,43.2,17.11,0.0,5.28,93.46,74.66,42.36,24.45,0.43,1.95,5.62,8.41,0.29,7.36,1.72,28.94,73.82,85.13,91.02,98.38,71.66,53.58,100.0,95.4,5080.54,93.56,97.78,70.59,0.75,97.37,37.28,75.4,23.76,-87.89,-87.56,-97.37,-92.36,-92.9,-96.55,-48.03,-87.12,-92.9,88.97,-91.78,-8.22,9.9,2.09,73.3,13.15,13.77,17.07,13.17,2.43,16.86,3.28,9.99,39.29,69.03,56.11,67.93,-73.35,68.09,71.49,9.06,11.85,22.09,8.48,14.59,24.99,10.09,3.79,20.18,14.63,4.99,25.05,0.0,0.0,0.19,20.12,44.65,0.51,20.46
Puri ,Odisha,870,930,120,83.33,21.59,1045.07,781.92,94.36,82.84,99.5,98.52,67.33,34.42,97.74,61.45,13.28,87.67,38.09,10.22,0.52,3.97,92.68,74.35,48.62,31.05,0.0,2.74,7.72,5.84,0.0,7.28,2.92,31.75,82.6,83.33,94.92,97.62,76.41,49.22,99.54,93.88,4812.31,92.37,97.67,83.47,0.0,94.94,35.33,-84.49,27.96,-95.78,-96.46,-100.0,-97.95,-97.83,-100.0,-37.25,-94.71,-97.83,94.05,-100.0,-0.01,11.83,0.0,77.64,22.26,20.62,13.78,8.85,1.54,11.32,3.84,12.94,40.4,64.23,51.04,63.27,-43.34,63.34,56.08,8.89,10.57,20.71,9.54,12.25,23.13,10.58,4.92,20.79,14.31,5.44,23.33,0.87,0.21,0.45,25.5,52.62,0.0,19.4
Ganjam ,Odisha,849,955,111,68.59,24.61,1165.14,855.13,97.04,72.84,99.28,89.6,72.89,63.73,98.88,51.88,11.54,71.86,32.58,22.27,0.7,11.44,83.06,59.18,46.7,33.89,0.0,1.07,3.93,6.38,0.14,16.94,5.82,32.25,80.05,77.56,82.72,96.79,67.04,42.18,99.1,89.3,3823.41,91.07,93.01,72.32,1.85,92.38,22.55,63.25,13.08,88.46,-92.31,95.99,88.46,90.63,92.33,58.4,81.77,90.63,88.36,-96.05,-1.91,10.63,0.37,71.9,20.33,22.34,23.94,10.16,1.52,18.88,4.88,11.23,36.86,68.31,61.28,56.88,-52.88,56.72,58.42,6.64,8.3,15.32,9.09,11.4,21.84,12.41,7.08,23.44,16.55,9.14,29.72,0.26,0.27,0.71,17.91,45.12,0.18,23.5
Gajapati ,Odisha,855,883,109,55.47,28.21,1087.03,998.96,89.85,72.45,94.14,78.05,58.26,28.93,88.25,39.62,7.78,50.52,22.47,28.07,1.97,5.83,75.82,76.19,53.85,40.66,0.49,1.96,6.56,0.79,1.13,5.44,2.16,26.16,80.22,79.31,83.04,99.22,64.92,36.54,99.48,78.17,3486.71,74.19,76.37,71.18,5.98,80.35,13.93,39.56,16.45,92.58,97.71,96.53,92.58,94.36,94.36,54.29,92.68,94.36,80.02,100.0,0.0,6.38,0.33,79.91,18.12,18.77,43.35,16.12,4.25,34.33,6.05,23.49,17.49,68.58,64.39,65.64,-77.44,66.12,64.28,5.57,4.75,10.9,6.22,4.5,12.0,12.61,4.14,19.74,16.35,6.96,24.88,0.26,0.26,0.0,16.47,36.18,5.36,28.77
Kandhamal ,Odisha,915,1015,152,64.15,29.01,1052.2,984.98,89.35,74.44,96.55,64.38,52.38,24.07,97.67,54.49,8.22,70.32,28.12,20.0,1.14,4.21,75.34,76.74,49.58,19.21,0.28,6.3,16.08,5.82,0.27,4.49,2.52,24.37,72.02,74.74,81.1,97.56,72.45,42.72,100.0,90.56,2209.8,90.51,93.94,92.42,1.41,94.85,10.03,39.56,9.65,96.82,94.03,100.0,96.82,98.43,100.0,46.95,98.43,98.43,87.19,100.0,0.0,5.29,1.43,76.52,21.76,22.12,34.15,23.29,12.4,35.22,2.44,21.04,15.68,71.79,55.33,48.76,-53.38,48.91,48.78,4.72,5.22,10.51,7.12,4.86,12.29,16.75,5.72,24.44,17.7,6.2,24.8,0.42,0.2,0.2,25.52,51.97,1.49,31.31
Baudh ,Odisha,916,970,140,68.61,25.91,1008.56,844.15,84.39,65.95,96.33,92.45,52.94,30.85,95.47,44.73,20.04,71.01,29.88,25.25,0.39,13.65,79.76,70.72,45.29,21.47,0.15,1.76,15.64,5.37,0.0,5.21,2.09,28.47,67.31,78.78,79.04,95.73,58.27,28.9,99.62,89.6,4248.81,90.85,93.36,86.73,1.62,95.01,13.43,39.56,9.86,91.82,92.77,95.07,93.66,95.34,95.34,48.53,91.51,95.34,93.71,100.0,0.0,7.02,2.26,68.56,20.04,19.55,37.04,20.1,6.91,38.58,1.6,22.09,18.47,71.66,56.22,54.63,-40.69,54.13,53.28,5.11,5.23,10.79,7.53,7.05,15.04,13.41,5.05,20.94,17.15,5.68,24.03,1.19,0.19,0.19,19.05,42.67,0.89,25.12
Subarnapur ,Odisha,911,947,144,74.41,23.51,973.98,924.01,95.58,78.29,98.69,94.22,66.68,41.57,98.5,45.8,7.74,79.24,37.8,16.88,0.3,6.29,79.1,77.39,56.98,27.94,0.0,4.36,18.8,3.62,0.17,5.78,1.67,25.77,88.01,84.28,87.78,97.42,68.83,40.9,100.0,93.14,5063.78,93.64,96.08,82.97,0.41,94.95,26.38,-73.93,20.11,97.95,97.95,100.0,100.0,97.95,100.0,56.28,95.78,97.95,90.97,100.0,0.0,5.27,0.34,61.03,24.12,22.5,29.64,26.02,11.65,34.5,3.09,20.53,21.72,68.96,73.08,58.77,-43.34,58.79,59.85,6.75,5.94,12.98,6.53,5.57,12.84,15.37,4.58,22.39,15.29,4.03,20.51,0.46,0.22,0.22,17.86,39.38,0.75,21.47
Balangir ,Odisha,909,989,143,69.26,23.9,1056.44,918.71,93.34,74.31,97.83,92.88,66.27,32.57,98.16,43.98,-8.95,69.8,31.4,14.02,0.68,3.71,82.38,77.79,58.6,34.88,0.14,2.87,15.06,3.6,0.22,3.4,1.76,30.75,84.88,89.06,95.41,97.07,82.96,54.36,100.0,96.45,4127.88,94.01,97.88,90.93,0.36,98.18,19.79,39.56,14.87,-95.8,-97.92,-97.83,-95.8,-97.83,-97.83,-43.98,-95.8,-97.83,91.38,-98.1,-0.01,2.32,0.73,77.33,27.84,29.55,32.68,25.54,12.73,37.64,2.06,21.53,15.93,66.24,74.94,59.69,-48.05,59.35,64.17,5.57,4.65,10.79,8.85,6.58,15.99,14.67,2.7,20.05,18.07,3.45,24.42,0.2,0.0,0.0,23.67,44.19,0.77,27.58
Nuapada ,Odisha,881,944,139,60.88,27.22,1060.12,1024.6,83.72,63.19,94.58,97.49,58.37,23.23,99.02,45.3,12.1,57.19,27.3,15.64,1.18,3.94,64.98,71.44,54.88,34.13,0.09,4.37,11.17,3.59,0.82,7.25,2.42,38.32,73.84,76.63,71.65,95.44,52.02,21.39,100.0,85.92,3418.17,86.51,89.8,85.11,3.45,92.7,14.03,39.56,12.33,97.0,95.9,100.0,97.0,98.43,100.0,53.96,96.85,98.43,89.2,100.0,0.0,6.99,0.81,78.63,25.99,25.28,43.07,18.12,3.74,38.02,3.66,30.7,11.86,53.98,73.48,64.29,-57.34,64.02,64.64,5.53,4.71,10.57,6.24,5.24,12.2,13.94,5.99,21.41,16.72,5.67,23.57,0.47,0.0,0.79,23.69,48.59,0.91,34.62
Kalahandi ,Odisha,919,1034,161,62.51,25.78,1051.18,903.45,85.69,66.52,97.19,96.53,64.42,28.89,97.62,48.62,16.17,63.75,26.45,16.33,0.45,1.89,70.5,75.92,48.6,29.38,0.2,1.82,11.33,4.4,0.1,3.96,1.6,36.12,80.66,80.07,82.85,96.78,60.96,32.22,99.39,94.0,2270.76,90.12,92.75,84.7,2.23,92.18,13.22,-29.45,12.8,-91.27,-91.27,-100.0,-92.97,-91.27,-98.12,-41.13,-90.86,-91.27,91.55,-100.0,-0.01,4.2,2.72,68.86,17.91,16.36,32.96,17.16,5.96,33.6,2.12,23.75,15.03,58.05,68.77,64.03,-70.2,64.23,66.41,5.16,5.95,11.65,7.22,6.94,14.43,16.52,7.75,26.43,18.66,6.07,26.16,0.0,0.0,0.0,23.23,50.52,0.8,30.06
Rayagada ,Odisha,880,910,135,50.81,30.88,1109.52,950.95,75.62,68.82,96.56,91.26,50.45,30.17,96.51,45.45,8.87,45.07,19.13,33.16,1.41,9.18,63.51,72.72,45.29,30.55,1.47,2.19,6.66,1.94,0.71,6.13,2.55,30.07,77.33,74.1,85.26,94.07,64.27,43.01,99.63,69.69,1971.7,70.41,68.9,63.53,3.5,72.05,8.5,39.56,10.74,92.73,92.73,93.86,93.74,93.74,93.74,53.14,92.84,92.84,90.39,98.73,1.27,5.07,1.07,74.46,25.23,24.73,43.55,16.11,3.58,39.81,0.55,26.71,14.83,57.32,70.49,68.82,-77.27,69.14,73.65,6.55,5.42,12.82,6.9,8.4,16.03,9.54,7.2,19.47,15.17,8.09,25.07,0.24,0.24,0.24,29.1,46.95,4.89,32.53
Nabarangapur ,Odisha,916,1017,155,52.85,31.8,1059.79,1044.57,87.12,60.35,97.35,99.08,44.13,19.02,96.66,48.41,6.46,40.95,15.54,39.41,1.54,8.34,60.08,77.07,56.25,30.67,0.0,2.52,18.5,2.29,0.13,3.43,2.14,27.54,86.87,82.12,87.67,98.91,83.17,48.74,100.0,89.31,2740.55,88.74,87.56,84.62,1.08,87.53,7.17,39.56,6.07,94.84,96.07,100.0,94.84,96.12,97.37,48.6,97.37,96.12,86.68,100.0,0.0,3.55,0.45,79.46,16.99,16.83,44.11,25.23,9.71,46.61,5.01,30.9,8.06,73.4,70.75,69.65,-60.67,69.25,70.76,3.88,2.88,7.13,5.23,4.86,10.25,15.74,3.98,20.78,17.99,3.4,22.56,0.21,0.0,0.0,34.44,61.16,5.98,36.19
Koraput ,Odisha,885,982,140,50.63,29.67,1079.42,1013.98,90.09,60.15,96.18,89.45,39.42,31.53,96.43,54.58,6.78,41.68,17.63,35.54,0.61,8.4,67.16,65.38,56.0,34.82,4.02,3.56,8.4,3.33,0.0,6.61,2.88,44.89,84.75,87.14,79.19,97.63,72.31,45.45,99.67,83.52,1535.0,83.85,82.07,79.19,5.94,86.26,5.01,39.56,5.27,97.95,97.95,100.0,97.95,100.0,100.0,44.18,100.0,100.0,89.59,97.95,0.0,8.25,0.35,85.94,17.68,17.24,43.08,15.86,6.82,33.46,3.71,27.16,9.24,56.13,69.67,58.18,-59.31,58.23,60.4,4.97,2.85,8.05,7.0,5.29,12.73,13.45,6.69,21.13,17.39,6.4,24.54,0.0,0.0,0.21,32.67,57.98,11.51,37.3
Malkangiri ,Odisha,916,1080,137,48.86,34.06,1136.77,981.07,76.82,60.94,95.77,94.71,41.44,20.86,96.53,47.0,15.57,41.29,13.96,32.4,2.21,11.71,64.68,74.08,53.44,34.34,1.0,4.19,9.1,2.4,0.13,4.38,1.95,37.14,82.84,81.71,82.77,95.02,63.81,34.3,99.07,89.47,1782.47,86.35,90.66,89.91,3.4,93.82,5.69,39.56,6.05,94.81,97.22,100.0,94.81,97.32,97.2,46.94,96.15,97.32,87.98,100.0,0.0,3.82,1.09,73.99,21.57,19.82,44.33,19.32,5.46,41.63,0.99,38.61,10.09,62.82,78.68,71.79,74.28,71.92,67.35,7.41,3.64,11.57,7.35,5.98,13.94,10.48,4.92,17.14,13.48,6.28,20.66,0.58,0.0,0.0,33.53,54.9,18.37,42.13
Yanam ,Puducherry,919,968,157,80.92,21.83,1088.55,1154.3,95.95,94.72,99.84,100.0,84.06,98.55,83.28,29.18,-20.07,83.32,51.57,15.9,2.49,4.83,93.12,79.58,78.5,71.83,1.89,0.91,0.44,2.86,0.17,1.24,0.26,34.91,59.35,95.46,79.84,97.67,81.03,72.44,98.17,97.11,2763.02,96.28,100.0,53.05,0.0,98.99,59.09,76.83,43.38,-79.71,-92.37,-94.35,-81.5,-90.78,-93.33,-34.29,-49.44,-90.78,75.76,-97.28,-2.72,2.53,0.0,36.55,1.47,1.25,24.96,12.41,4.32,18.65,6.9,8.48,51.59,64.98,39.66,43.45,-43.34,43.06,44.8,6.28,13.17,22.0,8.9,13.98,24.7,16.28,7.85,32.24,20.04,8.36,33.34,0.66,0.2,2.34,0.81,10.3,0.24,18.83
Puducherry ,Puducherry,845,830,110,83.77,20.05,1105.71,963.27,99.55,91.27,99.97,100.0,84.56,95.01,93.8,31.32,-20.92,91.7,67.17,5.69,0.6,5.31,99.2,66.47,62.08,53.34,0.25,1.94,0.51,5.23,0.5,11.38,3.13,24.59,60.27,82.19,86.96,91.8,85.34,64.05,98.86,92.13,3317.4,94.96,99.54,81.88,0.46,100.0,32.11,-33.5,32.0,-80.06,-87.58,-95.52,-86.09,-90.73,-95.52,-57.68,-4.52,-86.48,82.55,-97.85,-2.15,4.49,5.59,52.49,-25.22,25.52,16.96,11.61,3.73,13.09,3.44,8.09,48.48,51.06,66.26,57.5,-43.34,56.78,60.46,6.96,9.1,19.12,6.64,11.79,20.97,11.54,3.49,22.7,20.04,6.08,31.1,9.16,5.01,1.87,2.07,14.01,0.31,27.27
Mahe ,Puducherry,893,981,154,99.16,16.8,1163.58,1202.13,99.36,96.77,99.71,97.97,99.77,90.88,99.77,23.64,-14.35,99.69,88.18,2.76,1.76,0.7,98.46,73.63,65.93,54.37,0.0,1.6,0.13,9.0,0.0,6.76,4.91,12.43,74.1,93.66,85.0,96.4,77.91,67.59,94.39,96.76,8288.0,93.56,100.0,45.63,0.0,100.0,27.51,39.4,13.35,-95.27,-95.27,-100.0,-100.0,-95.27,-100.0,-38.3,-17.86,-100.0,84.35,-91.54,-8.46,0.0,0.0,77.77,-39.16,-38.48,48.18,7.27,1.2,32.62,2.6,6.24,28.8,65.58,36.87,38.75,-25.58,38.39,43.49,14.62,9.22,27.09,14.6,10.5,28.58,20.21,9.26,33.27,24.77,9.38,37.71,4.28,2.12,1.6,1.03,12.63,0.55,23.21
Karaikal ,Puducherry,863,890,113,86.26,21.91,1132.03,883.95,99.13,95.92,99.56,99.88,84.29,81.19,93.01,26.85,-33.06,89.63,58.98,7.24,0.0,0.59,100.0,59.66,57.9,51.27,0.0,1.82,0.36,3.92,0.14,10.16,3.7,28.83,73.78,79.18,88.34,90.71,81.4,65.67,99.3,94.99,2788.28,98.31,99.55,67.22,0.0,99.55,45.9,45.9,46.21,-88.94,-96.55,-100.0,-92.11,-96.82,-95.87,-33.19,-11.77,-96.46,76.93,-94.36,-3.97,1.59,4.05,60.62,-18.67,17.93,25.49,15.3,3.75,19.73,4.32,12.67,39.3,61.81,65.45,53.73,-66.32,54.44,56.09,7.28,13.04,22.35,6.45,13.48,22.75,12.12,4.1,20.47,14.5,6.59,24.43,2.99,2.45,0.12,5.12,19.54,0.0,32.4
Kapurthala ,Punjab,853,968,154,79.15,21.82,998.33,921.6,98.7,91.65,99.77,99.41,87.66,84.18,93.89,20.68,2.41,85.3,60.29,6.87,1.63,2.46,95.61,61.03,47.24,22.06,0.8,1.57,1.62,20.54,0.0,13.35,4.37,19.51,-86.39,67.55,51.37,93.4,57.86,39.5,95.31,88.35,3299.77,86.35,95.03,48.06,3.22,93.46,45.99,61.62,35.48,65.65,-83.39,96.19,69.47,86.82,90.52,37.22,58.63,81.44,72.85,88.83,11.17,3.3,2.04,58.51,17.28,13.98,24.59,12.77,9.05,19.17,4.93,11.46,42.38,68.3,68.66,54.65,-43.34,54.53,63.31,6.38,8.43,15.75,7.22,7.44,15.86,19.54,8.63,32.3,24.85,8.82,36.21,2.33,0.0,0.0,0.2,11.59,0.24,22.31
Jalandhar ,Punjab,867,898,141,82.1,21.66,997.12,935.78,97.63,95.49,99.55,99.94,88.24,82.34,94.7,25.89,6.46,88.1,64.42,7.44,2.33,0.69,96.76,66.59,40.1,14.9,0.23,1.97,0.96,20.96,0.3,8.78,2.07,26.93,-81.2,78.54,72.83,93.24,53.85,39.4,98.84,88.22,3679.56,86.1,92.34,40.76,0.99,93.33,48.29,61.68,40.42,-91.27,-95.58,-96.01,-92.94,-97.68,-97.68,-33.94,-86.54,-97.68,72.75,-86.75,-10.45,4.14,0.86,54.53,-7.66,12.87,24.81,10.28,4.4,16.66,1.82,11.87,48.27,66.32,69.23,57.28,-43.34,57.04,56.0,5.84,10.66,17.78,6.36,7.42,14.77,20.31,8.54,32.51,27.18,8.28,37.47,3.32,0.22,1.0,0.69,11.34,0.3,22.52
Hoshiarpur ,Punjab,883,1027,155,88.95,19.88,998.93,970.18,97.68,98.45,99.9,99.92,89.7,77.25,97.39,27.67,18.33,92.75,73.17,4.68,1.44,1.58,97.43,65.55,46.29,20.38,0.14,1.16,1.36,22.64,0.0,11.88,5.67,22.75,63.31,80.11,59.67,95.32,57.76,43.38,100.0,92.92,3681.63,89.97,98.34,50.38,0.0,98.34,43.84,65.53,24.65,-92.9,-97.55,-100.0,-92.9,-95.25,-95.38,-29.23,-83.34,-97.73,69.28,-95.59,-4.41,1.71,1.29,58.53,-11.79,12.6,19.29,11.52,2.45,12.41,3.82,10.8,40.72,75.77,69.59,54.22,-43.34,54.1,50.44,5.28,6.53,12.85,7.55,5.84,13.77,22.38,11.09,35.94,28.98,13.07,43.02,4.33,0.21,0.0,0.2,10.08,0.26,16.39
Shahid Bhagat Singh Nagar ,Punjab,889,1103,162,82.34,20.94,1003.62,832.62,99.01,97.67,100.0,99.67,91.25,76.37,97.73,23.29,10.81,89.94,65.43,6.41,0.0,2.78,97.26,66.06,49.43,19.35,1.25,2.98,0.46,25.01,0.13,10.75,4.43,22.75,-77.8,79.87,60.45,97.22,66.13,46.83,100.0,96.55,2449.53,94.67,99.33,41.71,0.67,100.0,43.56,60.4,20.99,-100.0,-97.35,-100.0,-100.0,-100.0,-100.0,-50.88,-69.04,-100.0,74.55,-92.38,-4.78,1.15,0.0,63.72,-2.87,7.72,17.91,11.95,5.92,11.2,6.55,9.75,41.78,70.62,63.86,49.92,-43.34,49.78,58.79,8.08,6.32,15.11,8.51,6.86,15.83,21.0,9.26,32.73,29.8,11.94,42.84,3.51,0.28,0.13,0.21,10.85,0.24,18.69
Fatehgarh Sahib ,Punjab,841,905,147,80.12,21.07,898.95,843.75,97.18,97.55,99.55,99.71,87.6,74.34,93.81,35.08,7.62,87.23,62.34,7.32,0.44,1.5,98.04,71.61,44.1,16.34,1.02,1.96,0.75,23.64,0.14,7.74,2.34,28.36,-66.06,74.29,75.97,94.44,71.02,54.8,99.5,95.54,5295.81,93.62,96.59,54.45,2.28,98.47,44.76,57.88,37.39,83.55,-95.89,94.58,87.49,88.77,90.77,33.79,79.51,88.77,80.71,98.25,1.75,3.11,0.91,61.85,10.21,13.0,29.98,7.1,2.26,18.24,4.61,9.78,48.15,66.79,61.54,64.74,-43.34,65.08,59.67,6.52,9.41,17.16,6.92,8.19,16.1,18.05,8.72,31.78,22.06,10.09,35.08,2.25,0.63,0.79,0.18,12.32,0.14,23.62
Ludhiana ,Punjab,799,817,134,81.43,21.34,918.48,964.24,97.81,95.64,99.69,99.87,84.61,83.21,94.93,25.24,2.16,85.28,61.55,6.45,0.84,1.83,95.66,69.75,50.49,21.24,0.3,1.83,0.51,26.61,0.0,8.25,3.84,25.08,-88.9,61.75,65.19,90.65,67.09,48.72,96.2,82.51,3156.66,77.26,90.12,48.16,4.68,92.35,36.97,62.24,22.53,-73.17,-79.76,-91.05,-74.41,-79.57,-79.72,-19.49,-73.63,-79.57,72.09,-82.88,-14.11,5.56,0.0,46.78,14.32,14.07,22.06,5.87,0.98,12.44,6.41,10.11,45.09,80.76,77.92,64.95,-43.34,64.34,66.0,6.82,7.56,15.34,5.64,8.58,15.45,15.06,6.91,26.28,21.27,8.01,32.15,0.81,0.43,0.25,0.46,13.47,0.28,20.82
Moga ,Punjab,869,1032,187,71.98,22.75,905.7,1014.32,97.25,87.25,99.87,99.21,87.76,71.49,96.39,23.65,16.99,76.0,45.17,13.11,1.54,4.33,90.51,74.98,60.02,25.61,0.57,3.17,1.94,28.16,0.0,7.96,2.71,16.7,69.95,74.99,58.43,89.37,51.09,33.62,99.45,87.43,2488.09,88.17,93.04,64.09,4.33,95.31,27.33,34.72,26.97,-80.58,-83.66,-97.81,-80.58,-89.55,-87.3,-25.55,-55.14,-77.13,70.51,-93.67,-6.33,7.4,5.99,44.34,3.36,2.76,22.02,11.98,3.05,16.8,4.9,13.43,33.06,73.19,70.28,54.67,-43.34,54.38,60.75,5.75,8.03,14.85,6.16,6.03,12.81,18.26,9.6,31.18,23.13,10.3,35.32,0.52,0.0,0.0,0.26,16.92,0.45,30.39
Muktsar ,Punjab,849,1022,173,68.48,23.18,941.74,877.44,96.41,87.32,99.53,97.79,82.94,72.9,95.18,23.86,10.75,72.73,39.81,8.61,3.64,2.73,90.48,71.96,59.66,31.29,0.63,3.03,1.72,22.63,0.25,6.15,2.28,13.26,81.87,71.23,57.87,88.3,47.78,35.18,95.47,88.09,2176.89,89.4,96.39,61.29,1.19,95.95,18.56,24.05,16.51,-57.58,-71.36,-93.88,-57.58,-76.61,-79.48,-22.94,-47.01,-67.84,60.63,-93.57,-6.43,7.51,4.02,61.72,-9.87,11.73,35.0,13.61,6.45,30.72,2.77,18.42,30.76,68.12,68.97,60.93,-43.34,60.95,67.66,6.49,6.62,13.51,6.58,5.34,12.56,15.07,5.99,24.41,20.88,9.61,32.03,0.47,0.0,0.21,0.38,20.75,0.31,32.01
Faridkot ,Punjab,856,968,142,71.68,23.35,924.02,913.59,97.77,91.78,99.02,92.54,87.51,79.07,93.95,20.42,6.74,75.3,46.54,11.89,2.81,4.7,91.46,56.26,47.67,24.66,0.15,3.04,2.34,17.08,0.27,15.68,5.03,13.36,78.43,62.59,53.44,86.08,48.05,34.6,92.77,81.67,3455.44,84.26,94.29,66.26,4.35,97.72,25.97,35.93,24.0,70.83,-81.51,95.65,72.48,86.48,86.11,24.17,41.14,74.4,76.5,90.13,8.21,9.44,3.73,47.55,10.94,16.89,28.13,10.25,2.76,20.73,2.73,16.29,39.4,69.07,76.1,63.41,-57.74,63.22,58.91,5.3,9.06,15.11,7.85,7.7,16.51,13.15,7.59,26.13,21.68,10.94,35.38,0.87,0.34,0.69,0.13,18.59,0.21,27.63
Bathinda ,Punjab,824,908,155,68.67,21.53,860.94,820.39,96.4,82.85,100.0,99.1,88.39,78.11,91.45,20.12,6.01,72.47,41.06,14.16,0.34,3.87,84.55,45.28,40.74,17.47,0.81,6.21,2.53,13.24,0.11,17.69,4.93,16.77,72.5,52.13,48.23,77.23,37.52,31.24,90.92,78.66,5365.54,81.25,93.12,60.78,1.77,93.2,29.52,40.89,26.8,-66.5,-74.48,-97.94,-69.14,-89.28,-87.33,-38.26,-32.13,-81.12,57.18,-87.97,-9.5,12.95,9.01,51.96,-17.36,16.16,22.99,15.43,4.75,23.75,1.23,16.53,37.47,67.73,69.57,59.74,-43.34,59.68,59.41,5.26,6.89,13.98,6.02,7.06,14.48,16.0,9.54,32.23,26.51,15.57,45.05,2.31,0.84,0.51,1.0,20.25,0.46,30.07
Mansa ,Punjab,888,1080,153,63.64,23.01,923.75,871.27,98.08,84.25,99.54,99.28,85.41,52.28,97.31,18.42,9.99,69.39,37.54,11.47,2.44,2.69,87.98,67.56,57.23,30.94,1.01,7.25,2.15,15.71,0.0,7.21,2.75,18.95,66.7,66.9,49.42,89.86,48.8,31.62,94.86,84.32,2903.37,83.21,88.77,63.78,5.68,93.5,30.3,45.09,29.84,79.08,88.8,97.71,85.26,93.19,89.27,33.97,55.5,89.92,68.52,94.39,3.32,2.89,5.82,60.73,9.91,11.71,36.62,12.09,3.39,22.67,3.09,16.08,32.92,65.07,78.24,60.2,-68.22,60.41,63.48,5.28,5.73,11.63,4.41,5.79,10.91,17.11,9.57,30.2,25.93,14.77,42.17,3.42,0.29,0.0,0.42,16.91,0.3,28.41
Patiala ,Punjab,841,981,142,76.94,20.16,921.57,953.68,95.54,92.36,99.74,99.1,88.06,80.38,94.32,33.77,-4.32,78.6,56.0,7.79,1.34,5.24,95.72,71.67,49.26,23.13,0.62,2.75,1.17,21.11,0.25,7.49,3.84,22.76,-78.39,65.53,71.95,90.76,70.4,57.17,93.64,81.81,3695.59,81.25,97.25,57.14,0.49,97.32,48.07,54.68,45.74,-74.65,-93.08,-96.29,-76.63,-90.8,-88.98,-20.43,-81.76,-90.8,78.17,-89.95,-7.94,5.76,0.64,52.65,-8.45,12.59,20.32,9.93,1.77,16.93,0.43,14.02,42.91,76.88,76.74,65.1,-71.65,65.32,66.8,7.51,10.13,18.52,5.51,8.12,14.84,16.69,6.56,28.66,21.02,9.43,34.33,0.15,0.15,1.16,0.25,11.17,0.42,21.88
Amritsar ,Punjab,836,965,169,78.04,22.92,921.04,1036.73,99.55,90.69,99.92,99.62,86.0,82.86,88.85,26.17,3.61,81.68,56.71,9.17,1.96,4.43,95.95,68.93,57.62,26.15,0.76,2.65,0.64,26.3,0.0,9.67,3.68,24.49,-81.68,70.91,56.49,85.87,45.14,27.25,98.58,90.14,3821.52,88.46,95.9,49.09,2.9,98.8,43.28,61.28,29.73,-65.84,-74.32,-96.13,-73.95,-85.17,-89.36,-18.45,-60.74,-82.77,66.93,-93.16,-6.84,2.94,1.64,56.78,-9.07,8.2,19.38,11.91,6.29,11.22,6.26,9.63,42.3,72.4,73.55,52.62,-35.1,52.07,49.69,5.39,7.29,13.47,6.27,6.43,13.0,23.72,9.4,35.89,26.63,14.93,43.04,6.51,0.82,0.38,0.2,8.22,0.14,18.29
Tarn Taran ,Punjab,877,1045,137,68.59,25.83,978.01,889.77,99.11,96.39,99.65,95.6,82.01,66.21,97.28,24.96,3.1,68.61,40.38,10.72,2.24,5.2,91.95,73.74,60.69,32.62,0.51,2.34,1.19,23.73,0.0,8.0,4.1,19.17,80.6,66.42,60.25,92.68,55.59,41.12,99.04,85.48,3104.17,83.3,95.97,53.2,0.92,95.42,36.65,58.23,22.07,81.79,-87.6,96.38,83.5,92.63,89.38,32.01,57.69,90.73,71.32,96.42,0.0,0.9,0.31,40.64,-5.12,5.55,23.77,11.29,3.64,14.37,4.52,12.5,39.03,81.78,70.54,61.85,-43.34,61.73,70.97,4.96,6.81,12.2,4.64,5.28,10.26,18.79,9.31,31.14,22.87,10.68,36.1,0.32,0.0,0.66,0.14,6.75,0.48,23.37
Rupnagar ,Punjab,816,969,109,81.84,21.5,990.88,1022.08,96.61,95.9,99.8,98.52,83.97,63.92,96.93,37.75,7.7,88.93,63.98,2.43,0.0,0.55,95.75,71.78,49.83,25.61,0.28,1.81,1.27,20.51,0.0,10.77,3.49,25.21,-58.88,56.63,65.23,93.02,69.95,56.69,96.66,83.94,5634.75,79.41,97.76,46.2,0.91,98.68,39.51,46.44,33.69,-76.47,-81.99,-97.6,-79.31,-82.72,-84.54,-32.28,-79.31,-79.31,72.95,-97.43,-2.57,3.24,0.88,38.56,-3.34,8.33,15.05,9.06,3.21,15.28,2.52,13.43,45.33,76.67,65.51,64.4,-43.34,64.49,63.7,6.87,11.22,19.46,8.4,10.97,20.66,14.01,7.02,27.19,19.01,8.33,31.88,0.0,0.0,0.37,0.53,11.48,0.28,19.97
Sahibzada Ajit Singh Nagar ,Punjab,821,873,107,84.34,20.9,876.37,854.58,97.47,89.72,99.58,99.88,87.61,88.86,96.8,30.99,11.04,86.73,62.53,10.55,0.41,2.92,95.89,76.47,53.64,20.12,0.35,2.37,0.97,29.69,0.0,4.74,2.37,29.44,-69.61,81.19,69.02,91.76,70.33,58.77,98.63,87.28,5709.7,86.56,97.42,74.65,0.51,97.93,34.64,38.84,34.56,71.05,-78.63,96.79,74.2,84.96,78.66,26.83,64.52,82.9,72.56,91.16,8.84,4.96,2.45,60.84,18.28,17.99,26.24,10.7,2.25,23.01,4.61,9.46,48.88,64.32,63.7,59.55,-56.43,59.45,59.5,6.45,9.5,17.08,7.15,9.91,18.1,14.31,6.77,27.68,21.57,8.33,34.04,1.29,0.0,0.0,0.5,12.31,0.62,20.9
Sangrur ,Punjab,858,1052,150,73.49,21.19,936.52,798.2,98.37,86.18,99.56,99.69,92.37,69.8,95.25,18.7,14.45,79.79,54.4,8.04,1.97,1.38,89.79,56.98,48.15,23.26,0.0,4.31,2.66,17.92,0.0,12.3,3.41,19.43,82.83,66.5,47.71,85.91,48.56,35.45,96.53,86.63,5693.2,87.9,94.66,58.76,4.47,97.67,36.24,45.3,34.0,-89.56,-92.64,-95.68,-95.8,-93.74,-95.85,-27.72,-71.53,-91.25,64.85,-94.58,-5.42,6.38,6.59,65.28,-3.35,7.78,23.44,10.37,3.8,18.1,2.68,14.08,37.58,70.26,66.94,52.74,-49.44,52.63,62.67,3.29,6.99,11.21,5.36,6.47,12.61,19.14,9.53,32.86,26.17,13.35,41.8,2.56,0.67,0.52,0.63,12.69,0.26,22.03
Barnala ,Punjab,853,956,158,72.36,21.69,882.86,754.86,96.01,90.91,99.8,99.8,90.66,73.48,93.82,20.69,24.46,78.75,53.08,12.75,0.75,2.63,90.77,69.28,53.61,25.77,0.63,3.21,2.85,20.7,0.16,9.36,3.61,17.03,69.43,75.62,63.79,84.34,56.49,39.6,93.9,85.99,4033.02,86.95,96.7,67.33,1.17,95.27,37.94,52.35,33.51,68.45,-86.73,92.38,75.53,88.28,86.75,29.82,50.19,84.11,71.86,83.25,15.03,10.96,5.99,54.71,22.51,20.5,33.77,9.43,2.38,16.54,6.06,12.98,37.67,78.71,60.61,55.15,-58.48,55.24,56.47,4.84,8.37,14.47,6.55,6.91,13.79,19.06,9.45,32.82,25.44,12.36,39.96,0.48,0.46,0.66,0.25,13.99,0.27,28.51
Fazilka ,Punjab,897,1131,187,70.81,23.7,943.8,951.09,96.8,79.94,99.75,97.26,81.81,57.14,97.13,20.57,9.76,72.77,41.27,12.37,2.45,2.64,85.28,68.04,56.29,28.57,0.16,4.25,2.72,20.11,0.12,7.09,2.62,12.16,68.59,65.15,36.47,84.25,38.56,25.88,95.02,84.27,1802.86,83.63,91.67,53.19,3.8,93.66,25.15,40.39,18.06,-60.54,-72.63,-93.94,-71.13,-87.71,-83.13,-25.42,-43.58,-78.89,57.56,-94.26,-3.94,5.23,1.77,50.49,14.93,12.99,35.93,9.49,3.66,20.19,4.23,19.35,31.61,63.25,70.04,67.06,-62.61,66.9,66.0,5.97,6.75,13.28,6.16,7.18,14.04,16.77,6.22,27.9,25.29,8.87,36.22,5.15,0.19,0.0,0.44,17.48,0.25,20.77
Firozpur ,Punjab,901,1176,172,72.49,23.71,957.66,891.87,97.96,81.57,99.64,95.57,84.77,68.61,97.61,21.03,8.5,75.74,47.45,10.51,0.99,1.87,93.69,77.29,63.27,30.97,0.32,6.9,1.19,23.3,0.31,5.38,1.8,14.83,70.35,67.23,48.44,84.99,40.31,22.86,97.17,83.91,3051.47,84.69,95.53,60.12,2.69,97.53,35.62,55.11,26.79,74.53,-86.51,97.79,78.38,90.86,89.86,27.87,63.95,88.65,57.59,88.33,11.67,2.46,4.38,48.72,5.27,6.39,30.03,12.93,2.24,22.01,2.87,12.61,39.24,64.91,73.35,61.43,-61.95,61.45,61.12,5.67,6.94,13.22,5.99,5.96,12.66,18.65,7.95,29.65,20.63,10.64,33.86,9.42,0.0,0.16,0.06,12.57,0.31,26.37
Gurdaspur ,Punjab,855,960,137,79.01,23.74,952.27,746.35,98.89,89.15,99.05,97.56,85.42,81.26,95.21,23.47,4.98,84.39,64.55,6.51,1.56,8.19,91.77,58.49,43.28,17.05,0.33,3.26,1.67,20.75,0.15,15.4,6.0,27.67,-96.33,69.36,61.09,94.77,56.09,43.37,98.7,85.96,3575.24,83.82,92.4,47.14,3.41,92.66,47.62,69.38,34.39,80.02,-90.2,91.77,86.99,88.61,87.76,27.3,66.27,82.34,80.25,88.2,9.89,2.29,1.31,50.47,-9.91,14.63,25.08,9.45,4.52,15.28,6.51,11.12,41.04,82.64,70.12,55.66,-43.12,55.2,54.68,5.22,8.37,15.12,6.03,6.34,13.77,22.0,11.23,36.77,25.7,11.18,39.22,0.33,0.17,0.0,0.39,7.88,0.63,21.26
Pathankot ,Punjab,851,935,125,82.84,20.88,952.22,755.68,98.55,95.77,99.93,98.59,79.18,79.84,96.55,26.99,0.0,90.47,74.04,4.58,0.0,2.67,96.79,62.58,42.65,15.52,0.0,1.69,2.81,22.2,0.0,10.48,3.62,25.11,-81.33,63.53,52.42,97.26,61.29,43.56,97.92,88.51,3140.5,82.43,94.8,50.92,2.13,94.95,52.87,75.13,39.09,-77.37,-74.5,-92.15,-77.37,-91.93,-91.93,-24.16,-72.1,-89.44,65.77,-97.11,-2.89,2.69,0.4,41.37,-4.7,8.73,22.13,10.26,2.9,10.75,7.82,11.02,39.96,84.72,68.26,55.77,-31.76,54.95,57.41,4.67,9.33,15.12,5.08,4.47,10.08,20.36,9.95,32.96,23.89,7.54,32.53,0.92,0.37,0.51,0.43,15.79,0.31,24.29
Ganganagar ,Rajasthan,985,1409,223,68.57,24.9,956.71,905.54,98.85,87.02,96.88,94.4,83.42,45.46,98.11,85.3,6.76,70.96,39.34,13.58,0.79,2.38,92.31,81.08,72.75,48.47,0.58,2.04,2.9,17.68,0.0,5.14,3.59,32.42,54.48,83.32,58.69,96.81,48.5,23.55,99.15,85.89,1902.0,84.57,97.7,74.0,0.53,98.24,14.27,34.97,8.08,89.72,90.4,95.58,91.13,93.99,95.62,17.94,45.12,93.99,70.84,98.47,1.53,3.03,4.17,46.91,12.0,12.34,24.46,24.86,10.82,26.08,4.52,14.31,19.45,69.86,72.3,58.79,-64.25,58.97,67.19,3.77,5.05,9.54,3.91,3.82,8.38,10.34,2.22,16.22,12.83,2.99,18.27,0.15,0.0,0.0,2.08,28.97,0.46,15.63
Hanumangarh ,Rajasthan,989,1372,223,65.05,25.11,1015.43,1116.85,94.31,89.06,98.98,97.83,83.79,36.2,97.66,89.0,9.13,69.72,38.43,18.62,2.26,2.81,92.01,80.24,70.69,49.92,0.65,1.07,5.1,13.18,0.39,6.13,3.18,21.73,49.39,84.39,53.12,91.7,48.34,20.76,99.65,83.35,2057.26,84.75,94.94,65.71,1.98,96.92,16.03,34.69,8.96,83.26,86.58,92.21,88.26,94.73,93.5,27.32,57.57,94.73,64.75,100.0,0.0,2.19,1.64,45.0,6.06,7.05,24.15,19.83,9.03,21.25,3.91,19.34,17.55,69.88,80.97,60.4,-55.78,60.27,61.69,3.86,2.99,7.38,4.08,4.08,8.54,11.48,4.04,19.98,15.65,4.82,22.56,0.82,0.42,0.56,1.53,36.1,0.1,13.0
Bikaner ,Rajasthan,966,1473,241,64.56,30.23,967.84,907.2,89.89,77.27,96.12,94.93,79.84,51.35,95.74,87.44,5.81,64.33,30.23,33.33,3.89,6.54,90.16,79.51,67.46,43.4,0.11,1.69,1.66,19.86,0.07,4.57,2.7,23.6,42.46,80.52,50.52,91.56,29.84,11.56,98.69,81.22,2491.83,80.79,89.99,81.76,2.86,92.68,8.05,-35.45,6.28,75.55,81.33,94.81,80.36,83.97,85.06,23.75,58.59,85.1,56.29,95.62,4.38,3.55,2.24,48.0,9.74,10.16,22.8,25.59,12.57,28.54,3.36,17.82,14.35,65.14,82.44,59.42,46.41,58.92,63.62,3.91,2.66,7.32,4.83,2.81,8.48,6.19,2.21,12.03,8.44,1.38,11.84,0.0,0.15,0.15,3.43,37.96,0.35,8.82
Churu ,Rajasthan,982,1493,225,62.94,28.98,1036.63,943.66,87.98,76.53,96.59,98.21,80.15,40.63,90.87,81.87,6.75,66.04,33.35,27.85,3.36,4.18,87.87,76.65,68.39,43.53,1.68,0.86,5.16,15.83,0.18,7.55,3.5,25.3,42.81,72.44,45.01,87.31,31.42,12.87,97.36,73.87,2104.07,75.21,87.84,67.37,3.42,89.9,8.19,23.76,4.94,74.27,82.42,92.98,79.09,88.18,88.13,35.75,52.53,85.7,61.4,100.0,0.0,6.17,5.24,39.73,10.58,11.17,27.05,16.49,5.19,23.39,4.02,20.32,20.31,55.03,78.07,52.98,-51.5,52.93,51.18,2.92,2.59,6.24,3.61,4.02,8.88,13.05,5.37,21.15,16.55,6.53,25.39,0.5,0.09,0.37,4.96,39.88,0.42,9.13
Jhunjhunun ,Rajasthan,976,1388,186,66.81,24.82,1062.83,946.16,93.22,77.56,99.04,98.39,78.97,55.5,94.87,86.13,6.07,76.06,45.24,18.07,2.05,0.78,93.61,77.81,69.06,48.34,1.02,0.52,3.95,14.36,0.19,7.08,3.73,26.76,52.28,80.12,49.15,91.59,38.83,16.47,98.93,84.62,2435.31,86.59,97.12,64.77,1.46,98.57,13.65,30.4,5.9,88.69,87.97,98.48,90.21,95.99,94.59,34.79,52.36,94.3,62.88,98.41,1.59,3.71,3.13,43.31,11.42,10.68,20.89,13.91,9.14,19.55,5.88,19.95,19.0,58.88,77.24,55.51,-50.68,55.36,56.98,2.85,2.89,6.72,3.58,3.73,8.2,12.54,4.96,20.69,17.97,5.57,25.61,0.67,0.2,0.2,5.93,39.94,0.68,12.35
Alwar ,Rajasthan,935,1182,152,63.96,29.36,991.31,1127.08,76.99,65.04,97.83,97.61,65.99,34.9,92.57,80.75,24.49,65.64,35.09,32.24,5.03,7.98,84.94,54.62,47.34,33.97,0.44,2.21,1.48,8.52,0.62,12.0,5.9,13.46,54.66,55.52,29.97,82.37,16.7,7.0,91.81,72.87,1829.21,76.23,91.27,64.02,0.98,90.79,8.83,16.81,6.64,59.37,-72.1,92.61,72.49,71.43,81.02,27.78,40.15,68.81,52.81,97.3,1.23,6.14,4.01,33.48,9.57,11.17,33.94,15.59,7.13,23.97,4.08,24.34,17.29,52.99,63.22,53.33,-49.0,53.15,55.31,2.98,1.67,4.95,3.29,3.39,7.16,13.1,5.33,20.26,15.7,8.72,25.75,1.48,0.6,0.17,9.74,42.46,0.28,13.32
Bharatpur ,Rajasthan,950,1225,168,62.36,31.66,969.92,845.08,79.4,67.65,98.26,93.93,62.66,24.34,89.76,84.77,12.23,63.05,30.3,33.46,4.26,5.14,77.67,61.17,48.42,35.87,0.0,0.69,1.79,8.47,0.38,11.28,4.66,19.29,47.88,55.36,33.23,86.92,13.65,3.85,95.54,75.86,2772.89,76.82,92.12,74.56,1.3,90.83,12.16,39.7,6.96,64.06,67.2,86.03,77.39,80.1,82.97,13.63,51.19,81.2,44.91,96.83,1.05,15.25,3.83,37.9,12.94,11.82,40.27,12.2,4.25,29.13,5.12,23.54,12.35,48.69,75.71,61.0,56.14,60.78,61.73,3.0,3.22,6.68,3.11,3.72,7.74,11.38,4.89,19.06,16.41,4.48,23.57,1.35,0.31,0.58,10.49,47.54,0.2,12.14
Dhaulpur ,Rajasthan,974,1220,187,63.2,34.94,1002.45,929.29,73.65,50.47,97.51,94.75,57.47,36.45,77.95,89.02,16.19,59.91,27.01,29.56,5.96,7.22,76.01,67.93,52.87,35.12,0.0,1.34,2.23,11.49,1.18,10.87,4.49,17.48,54.21,67.85,42.43,91.46,21.25,4.65,97.08,79.4,1362.48,84.91,94.42,86.09,0.44,94.16,5.91,-26.33,4.32,85.89,79.83,98.25,89.67,94.32,97.01,28.89,79.58,94.32,63.03,97.25,1.13,10.79,5.99,41.04,4.88,5.78,45.69,13.73,6.3,31.31,5.58,21.54,11.65,47.16,81.68,68.79,63.65,68.48,67.41,3.0,2.61,5.78,4.04,2.96,7.27,8.58,3.67,13.36,10.3,3.83,15.14,0.44,0.61,0.0,9.92,48.0,0.22,9.88
Karauli ,Rajasthan,979,1167,176,56.48,32.09,996.37,863.38,88.88,65.47,98.67,94.75,49.94,24.23,84.73,86.35,13.07,54.82,22.68,33.47,4.19,7.03,73.82,72.71,61.21,49.5,0.0,1.04,1.51,7.46,0.66,6.93,3.62,22.37,60.29,64.95,42.02,94.47,14.13,2.17,97.36,89.44,1987.1,87.45,97.56,76.9,0.2,97.55,2.77,6.3,1.91,88.91,93.11,98.15,91.17,95.9,95.9,20.63,69.95,95.9,61.66,98.43,1.57,6.44,2.41,38.38,7.23,6.34,37.61,26.59,10.63,37.32,2.33,22.99,10.48,47.61,75.86,61.12,-70.09,61.48,60.52,3.69,2.04,6.03,4.99,2.41,7.82,7.47,1.7,10.63,9.53,2.84,13.19,1.03,0.0,0.18,17.31,51.61,0.44,6.98
Sawai Madhopur ,Rajasthan,934,1118,177,57.39,28.85,999.02,849.06,79.39,63.04,95.52,92.48,71.2,29.1,92.52,80.54,11.62,57.35,28.34,35.39,3.03,2.92,78.17,58.74,50.15,37.12,0.11,0.34,2.4,9.42,0.41,11.49,5.31,15.38,49.17,65.38,47.31,82.48,24.55,5.75,95.25,75.19,2082.51,82.83,97.4,83.21,1.03,97.76,10.44,17.88,9.49,54.85,-56.08,90.1,62.47,77.16,77.52,24.47,35.86,65.67,56.58,100.0,0.0,8.69,7.04,48.15,11.55,10.36,26.93,21.95,11.09,24.19,3.42,25.84,11.08,59.56,73.29,57.56,55.91,57.48,64.64,2.96,2.0,5.49,4.39,2.82,8.22,9.63,3.68,15.36,13.66,4.67,19.84,0.2,0.2,0.2,13.87,47.13,0.56,7.33
Dausa ,Rajasthan,982,1332,208,59.4,29.22,985.81,863.34,89.55,67.59,98.98,99.37,59.43,22.59,92.78,91.21,15.93,62.18,34.58,26.25,4.24,2.96,86.86,79.95,68.67,54.62,0.31,1.2,1.77,10.15,0.22,5.19,3.12,14.67,58.45,81.01,53.64,92.14,16.3,4.85,98.27,89.67,1901.73,93.05,98.17,74.26,0.0,96.08,8.81,18.42,5.93,92.11,87.35,98.48,94.99,96.2,96.13,27.02,82.79,97.49,60.24,100.0,0.0,7.31,4.43,36.74,6.73,5.75,37.66,20.71,9.71,33.49,2.16,22.7,9.08,45.62,74.4,60.33,-59.99,60.32,61.55,4.44,2.61,7.4,5.52,2.56,8.54,7.77,3.03,12.18,10.96,3.95,16.13,1.15,0.33,0.0,15.78,47.51,0.18,7.23
Jaipur ,Rajasthan,957,1241,198,68.14,25.63,944.24,915.34,90.92,81.86,99.53,99.92,79.58,60.05,95.31,81.53,19.78,73.75,47.88,23.07,1.25,1.83,91.8,76.87,66.65,44.75,0.41,1.73,1.97,16.86,0.38,5.44,2.82,20.15,58.79,81.34,53.5,92.52,20.6,8.87,97.6,89.42,3252.15,92.55,97.33,66.98,1.21,98.01,18.04,25.0,15.61,89.26,96.77,98.55,89.26,97.14,98.55,21.96,89.78,97.14,62.25,97.26,2.74,4.34,0.55,40.72,5.21,5.83,25.0,14.58,4.19,20.75,1.97,16.55,18.12,60.6,71.3,54.44,-43.73,54.14,53.55,4.21,2.86,7.9,4.84,2.77,8.45,9.07,3.07,14.67,11.69,3.33,16.48,1.25,0.36,0.14,6.3,33.12,0.22,7.66
Sikar ,Rajasthan,971,1458,203,67.88,27.46,1061.29,769.52,92.3,74.84,99.19,99.44,77.91,58.41,94.49,82.37,9.1,73.26,41.42,18.03,2.31,2.97,94.04,75.19,63.33,38.63,0.36,2.19,4.71,17.16,0.18,10.29,4.7,20.17,57.96,75.91,50.42,90.93,45.1,25.83,97.15,83.51,5927.05,87.82,95.76,54.8,1.14,94.92,17.24,26.48,11.66,69.98,71.33,95.74,77.56,80.64,86.48,22.5,37.98,79.34,68.1,93.15,6.85,5.85,3.17,30.36,10.73,11.98,23.13,12.8,6.25,18.27,4.11,21.44,19.62,52.65,61.45,44.29,-32.93,43.96,42.07,2.87,2.55,6.27,4.68,2.7,8.78,12.06,4.33,19.38,15.14,5.18,22.04,0.25,0.13,0.27,7.02,35.09,0.19,9.82
Nagaur ,Rajasthan,985,1601,221,62.85,27.6,1054.97,816.93,94.72,86.67,98.99,96.86,79.04,45.68,92.31,90.02,4.74,67.77,32.33,28.18,1.34,0.86,86.62,83.44,69.25,40.89,0.16,1.41,6.57,19.39,0.54,4.38,2.16,22.21,64.6,77.12,46.15,96.35,40.63,18.97,99.46,80.77,2450.26,85.48,96.96,77.04,1.71,96.91,8.94,23.87,5.43,80.6,93.42,95.28,82.73,91.96,92.04,28.21,42.59,90.23,66.01,98.74,0.0,4.61,1.34,28.92,8.13,7.3,31.52,16.19,8.79,26.19,3.7,18.92,12.98,52.34,65.14,45.58,-33.19,45.27,55.19,3.42,3.11,6.91,4.6,3.06,7.85,10.55,2.85,15.56,12.72,3.29,17.5,0.14,0.14,0.14,5.85,44.04,0.28,7.46
Jodhpur ,Rajasthan,978,1535,239,64.77,30.27,1042.24,872.0,97.11,83.32,98.37,96.52,75.44,56.14,94.49,87.5,1.69,68.18,34.57,28.05,2.6,5.1,89.45,78.93,66.35,40.96,0.0,1.56,4.8,17.99,0.28,5.72,3.21,21.52,70.79,71.89,56.71,96.4,46.3,24.41,99.4,81.56,2285.74,83.89,90.03,73.94,3.14,92.57,13.63,35.14,10.79,81.16,76.96,94.08,87.21,85.91,89.0,23.43,46.11,84.07,69.8,97.27,2.73,5.33,2.4,27.85,13.05,12.52,32.59,13.31,6.0,25.44,5.48,16.88,13.31,52.83,64.37,44.17,23.64,43.35,50.08,3.14,2.21,6.33,4.79,2.4,7.51,8.69,2.58,13.05,12.78,2.56,16.53,0.0,0.16,0.3,6.87,43.58,0.16,7.47
Jaisalmer ,Rajasthan,979,1537,237,61.7,32.93,986.52,817.56,91.26,83.13,97.3,95.18,75.74,30.86,92.98,93.66,1.45,63.53,18.71,28.88,4.46,0.95,82.75,82.95,68.18,49.27,0.27,1.51,3.31,12.54,0.93,5.59,2.75,25.52,54.37,64.59,47.59,96.19,37.52,13.13,98.38,80.09,2110.19,78.97,90.01,81.11,3.76,93.57,9.32,23.9,8.87,72.02,74.66,89.82,76.12,78.31,80.26,18.81,46.19,78.31,70.74,96.8,2.1,7.71,3.12,36.41,6.4,6.09,25.5,24.98,13.77,31.66,2.73,16.3,11.18,62.31,58.64,44.74,-35.47,44.44,53.77,2.71,1.95,4.9,4.98,3.15,8.76,6.67,1.65,9.73,12.73,2.07,15.78,0.0,0.0,0.0,4.97,44.94,0.14,10.48
Barmer ,Rajasthan,973,1621,237,67.03,31.4,985.65,876.96,96.01,88.69,95.49,99.9,83.62,26.79,92.49,97.79,3.42,67.64,25.6,20.23,3.51,2.02,86.29,77.94,66.71,46.27,0.0,0.47,4.53,13.48,1.41,5.11,2.78,26.79,73.63,82.71,64.93,96.48,41.73,23.97,99.79,83.28,1117.05,85.11,93.31,86.0,1.15,94.32,4.87,-19.82,3.98,92.85,92.79,97.54,94.0,92.85,92.85,28.44,68.91,92.85,77.7,100.0,0.0,9.4,1.25,28.64,9.23,8.99,39.06,11.54,6.22,31.7,2.2,19.7,4.51,50.58,67.09,50.03,36.6,49.4,61.58,4.25,3.63,8.17,5.88,4.22,10.16,6.61,1.13,8.53,8.8,1.64,10.94,0.15,0.0,0.0,3.86,49.09,0.43,11.44
Jalor ,Rajasthan,927,1318,193,59.5,31.05,982.4,769.11,96.61,93.96,98.35,98.28,77.38,36.53,97.02,96.61,0.65,62.62,22.2,23.29,2.43,2.92,79.75,54.15,46.15,34.24,0.0,0.47,2.06,8.69,0.28,14.81,6.89,27.17,75.65,82.06,71.22,95.75,38.03,15.2,97.96,87.63,1459.6,87.0,95.52,73.67,1.32,94.77,4.07,13.54,1.5,77.97,82.4,97.43,84.49,85.31,87.67,26.69,62.49,85.31,76.67,96.69,2.25,5.24,1.68,43.34,5.75,4.97,44.27,12.06,4.83,36.52,2.98,19.67,4.32,55.71,66.26,60.8,43.53,59.87,73.8,4.32,4.35,9.12,6.23,4.25,10.84,7.9,1.55,10.36,9.01,1.6,11.46,0.14,0.14,0.14,6.46,44.15,0.52,9.87
Sirohi ,Rajasthan,951,1304,190,59.39,29.53,1060.25,1064.17,93.69,65.77,93.93,93.55,54.12,45.96,94.14,91.96,4.22,62.22,25.67,17.95,2.2,4.39,74.17,67.94,61.48,43.02,0.22,2.49,4.29,10.32,1.05,8.87,3.72,30.07,71.7,73.06,69.52,93.31,42.46,21.44,99.7,91.13,1614.1,91.3,95.71,82.56,1.1,95.91,6.64,14.69,5.7,86.36,95.56,91.2,88.89,92.54,93.73,15.98,77.8,90.05,65.48,100.0,0.0,7.46,2.86,50.05,4.96,4.3,30.66,16.44,8.77,31.18,2.52,17.66,7.86,76.86,75.77,65.29,42.15,64.03,72.17,2.99,1.71,5.11,5.1,2.89,8.63,10.78,2.07,14.19,14.2,3.36,18.69,0.33,0.0,0.33,8.68,39.94,0.25,13.47
Pali ,Rajasthan,929,1236,159,67.1,27.31,1084.73,997.84,97.98,90.39,99.69,96.17,81.81,53.14,96.2,96.21,3.44,76.33,36.64,11.81,1.4,2.19,94.12,57.78,47.61,33.52,0.14,1.1,2.9,9.11,0.37,12.94,5.18,30.61,65.05,69.34,45.02,97.53,43.75,19.97,98.54,96.41,2268.53,94.69,98.81,82.35,0.26,98.51,10.2,39.87,4.42,90.15,89.22,100.0,91.47,93.1,97.35,33.02,61.05,91.61,65.65,100.0,0.0,6.33,1.3,38.54,6.13,5.47,35.86,18.25,9.43,35.91,0.87,16.3,8.14,65.9,72.62,59.72,42.06,58.79,69.66,5.42,3.56,9.53,8.36,5.12,13.82,8.5,1.94,12.97,12.24,2.66,16.54,0.0,0.0,0.0,4.61,40.1,0.06,9.04
Ajmer ,Rajasthan,894,1082,146,67.31,26.73,992.98,847.95,96.44,83.37,99.93,98.09,77.45,52.86,97.72,88.73,10.07,70.17,40.19,20.2,3.06,5.54,84.25,60.62,56.6,41.09,0.12,0.51,2.36,12.02,0.26,11.87,5.15,27.41,48.12,80.43,52.81,95.91,39.6,20.66,97.48,82.33,1985.72,81.98,95.11,82.08,2.75,97.86,11.61,-27.99,9.7,78.93,92.29,96.76,80.5,91.92,93.45,28.97,56.07,91.92,64.01,95.2,4.8,4.18,2.93,35.16,5.33,5.13,22.31,20.03,11.74,23.11,2.79,14.23,18.88,59.92,76.25,52.48,-59.62,52.74,54.43,3.81,2.9,7.54,3.28,3.74,7.91,6.83,3.33,14.45,7.83,2.5,13.08,0.37,0.18,0.21,4.08,38.6,0.17,12.44
Tonk ,Rajasthan,966,1240,187,54.76,25.9,987.14,969.44,87.45,67.51,97.78,90.89,66.17,24.08,96.92,84.52,15.23,56.36,27.29,37.21,1.58,3.12,82.21,69.12,61.26,47.31,0.12,1.34,1.9,9.04,0.55,8.74,4.39,16.48,51.07,78.76,66.17,93.62,33.53,11.55,97.82,84.5,2303.46,88.09,97.37,84.89,0.53,97.93,12.86,-36.86,9.73,75.34,-80.33,94.37,77.16,90.54,88.73,32.23,60.88,88.8,52.78,93.63,0.0,8.56,5.69,38.88,7.37,6.03,33.1,18.13,10.29,28.15,4.77,23.83,10.02,60.01,64.63,52.94,-49.91,52.84,59.6,2.95,2.35,5.81,3.17,2.85,6.45,9.93,4.84,16.74,14.06,4.67,20.12,0.14,0.0,0.34,8.58,47.6,0.52,12.11
Bundi ,Rajasthan,984,1253,190,57.9,28.38,1002.0,803.22,90.69,81.9,98.41,95.65,56.29,26.45,94.85,87.66,9.27,57.88,27.36,34.05,2.19,2.32,77.57,75.84,66.64,46.1,0.0,0.31,3.92,14.18,0.85,7.07,3.99,29.07,63.18,80.95,73.99,91.09,35.53,8.74,97.93,85.17,1960.61,89.38,95.25,83.72,0.47,95.08,10.52,32.71,8.06,75.72,81.41,97.66,83.08,92.27,91.14,28.69,65.5,87.51,62.77,100.0,0.0,7.4,9.45,41.83,9.48,10.84,29.99,19.56,6.21,29.12,0.99,29.58,12.36,53.81,74.89,56.26,-44.75,55.85,57.24,3.35,1.99,5.92,3.42,3.97,8.01,10.53,4.64,17.18,13.43,4.03,19.0,0.0,0.16,0.16,13.8,52.75,0.49,11.5
Bhilwara ,Rajasthan,952,1147,171,57.07,29.15,1068.86,802.07,92.37,83.37,99.25,93.08,62.25,26.5,96.18,89.05,10.3,58.06,25.28,41.78,1.31,5.37,75.97,71.14,58.85,41.83,0.1,2.17,1.63,12.24,0.4,7.2,4.57,25.43,83.89,77.98,64.66,97.1,30.38,11.92,99.4,95.66,1247.65,94.11,95.01,87.42,1.03,96.04,5.92,-36.38,3.62,83.23,87.8,94.64,89.87,89.11,89.12,17.56,78.6,88.06,70.21,100.0,0.0,3.85,1.97,45.93,6.43,5.79,22.57,17.38,8.53,23.5,2.71,16.3,12.35,70.37,62.71,50.69,-42.82,50.39,52.59,3.9,2.42,6.69,6.19,4.05,10.7,10.74,3.47,15.38,11.31,3.68,15.72,0.0,0.0,0.0,4.16,41.93,0.4,11.53
Rajsamand ,Rajasthan,919,1153,152,64.24,27.64,1064.71,800.29,96.48,79.11,98.86,94.81,72.05,37.09,97.49,93.22,5.36,69.74,33.94,27.46,2.23,3.16,77.92,56.63,50.66,36.93,0.0,0.97,1.91,9.97,0.24,14.66,7.42,22.01,54.39,84.83,60.68,96.37,46.27,23.85,99.66,82.58,1413.36,79.2,95.1,84.34,1.09,95.66,9.04,-43.25,5.19,71.67,76.57,85.28,79.08,81.31,86.72,13.8,52.82,81.31,63.32,100.0,0.0,8.24,3.18,44.14,8.95,7.55,30.29,16.64,10.23,23.74,4.5,18.07,8.25,56.55,84.26,58.6,-52.3,58.37,63.34,3.91,2.2,6.77,4.35,2.41,7.88,8.62,2.55,15.13,11.37,2.08,15.39,0.0,0.0,0.0,4.76,44.62,0.11,11.59
Dungarpur ,Rajasthan,972,1359,223,64.61,28.82,1028.55,842.88,94.53,72.67,99.42,94.12,59.9,27.26,96.6,97.53,3.35,68.19,32.53,16.92,0.9,4.41,85.45,70.69,60.76,41.58,0.0,2.85,2.9,12.16,1.27,5.86,1.75,16.0,71.15,77.03,50.62,97.48,37.97,6.7,100.0,92.56,1524.68,92.37,94.11,81.2,1.85,95.47,5.92,20.61,4.02,83.27,89.19,96.91,84.84,93.65,96.76,29.95,53.29,89.83,61.74,97.56,2.44,5.71,0.0,47.22,5.1,4.73,31.37,15.6,4.38,25.87,2.46,26.83,4.36,63.72,79.77,73.62,53.26,72.55,77.33,5.67,3.95,10.06,9.12,5.69,15.13,9.94,1.91,12.86,11.67,2.43,14.94,0.0,0.0,0.28,3.6,40.83,0.26,11.43
Banswara ,Rajasthan,976,1172,170,55.92,31.67,1056.23,834.8,87.95,58.91,93.11,95.59,40.8,21.13,88.4,84.23,4.7,54.82,28.54,24.96,2.77,5.19,61.34,70.44,58.53,43.52,0.0,0.64,2.18,8.46,1.7,8.05,3.07,38.95,68.16,87.01,69.88,95.88,26.42,6.83,96.66,94.0,1153.49,95.92,97.7,83.81,0.46,97.48,6.44,18.47,4.63,82.99,88.25,98.9,84.39,91.1,93.48,33.31,75.12,91.1,63.9,100.0,0.0,3.83,0.47,57.77,10.51,9.66,44.62,17.28,7.45,38.69,2.14,23.32,4.5,77.01,82.12,53.13,-43.26,52.82,70.22,5.74,3.08,8.88,6.22,4.37,10.8,12.65,3.06,17.07,15.23,3.64,19.38,0.0,0.0,0.0,5.8,38.69,0.75,18.12
Chittaurgarh ,Rajasthan,972,1090,141,55.28,26.11,1036.96,861.48,95.47,73.26,99.02,97.61,63.83,31.25,97.28,90.55,4.36,57.49,24.84,42.64,1.66,3.45,67.5,66.88,49.64,33.47,0.11,1.59,2.09,9.61,1.14,8.05,3.21,33.5,72.35,85.5,75.04,97.22,30.19,13.74,97.24,91.22,3138.99,94.65,96.75,85.3,0.83,97.33,15.42,-50.27,11.32,87.84,89.9,100.0,89.05,96.84,97.08,55.53,86.57,98.29,62.72,98.79,1.21,5.19,1.32,51.06,5.04,5.24,31.43,14.56,4.92,25.92,1.0,20.21,15.32,67.95,72.44,45.36,-38.36,45.14,46.57,5.61,2.91,9.09,7.98,4.01,12.28,11.92,4.32,18.28,14.94,5.12,21.08,0.17,0.17,0.32,3.67,44.4,0.49,10.46
Kota ,Rajasthan,979,1278,158,74.67,23.92,980.88,870.08,95.06,84.37,99.43,99.57,79.03,72.3,96.01,80.88,15.71,77.94,44.0,13.23,1.83,0.45,83.32,77.24,68.28,39.94,0.0,2.12,2.46,22.71,0.81,4.63,2.65,31.07,59.54,88.04,81.34,94.79,37.27,11.88,98.71,88.78,1646.97,91.3,97.87,77.81,0.53,98.97,20.65,35.63,17.35,84.37,85.17,98.43,86.34,91.76,95.25,25.76,71.9,85.32,61.57,93.65,6.35,6.43,7.44,47.9,10.26,9.29,29.52,20.79,7.92,26.41,3.25,15.45,13.04,57.27,66.71,51.82,-49.53,51.75,59.52,3.13,1.8,5.81,4.96,2.11,7.75,9.95,2.82,15.93,14.14,3.79,20.18,0.29,0.31,0.72,9.15,43.18,0.3,12.62
Baran ,Rajasthan,985,1301,227,61.7,28.43,1019.13,1077.25,91.17,59.98,98.31,96.1,58.98,39.59,94.05,89.48,6.78,59.74,24.43,26.77,2.18,3.02,74.74,78.93,71.79,51.29,0.0,1.04,3.0,13.01,2.81,4.04,2.86,22.96,66.11,88.21,79.31,95.05,36.92,11.22,100.0,92.39,1589.65,94.68,97.28,91.42,0.79,97.83,6.66,-35.68,4.99,89.25,93.44,100.0,90.49,95.28,96.52,46.06,80.34,95.28,73.89,100.0,0.0,5.41,8.05,63.02,12.1,11.11,45.95,21.25,9.0,40.2,3.15,20.45,10.11,52.98,65.12,60.1,-59.3,60.07,61.3,4.52,2.1,7.16,4.75,2.53,7.61,7.55,2.87,12.55,10.6,3.44,15.64,0.17,0.0,0.0,19.33,56.95,0.82,16.17
Jhalawar ,Rajasthan,977,1209,177,55.63,25.65,976.84,904.73,96.99,76.21,99.29,92.42,62.08,33.84,95.49,93.63,4.61,56.26,22.35,37.84,1.28,5.61,62.14,74.43,67.8,49.3,0.0,0.36,1.88,13.76,0.72,6.78,4.28,27.36,67.16,89.93,72.32,95.94,30.28,9.1,99.76,89.7,1691.72,91.0,98.31,92.21,0.46,98.52,8.63,39.56,6.63,81.45,92.02,98.78,83.85,90.82,90.6,34.64,77.62,89.33,67.81,100.0,0.0,3.67,5.1,59.3,5.99,5.83,34.01,28.96,14.02,38.07,1.41,19.78,8.55,59.04,73.13,51.65,-48.52,51.52,56.87,4.56,2.67,7.67,6.36,1.96,8.75,9.36,3.75,14.95,12.7,3.58,17.27,0.17,0.0,0.33,9.75,55.39,0.42,15.12
Udaipur ,Rajasthan,961,1277,191,63.75,27.55,997.53,833.38,97.8,82.28,98.05,92.66,60.28,34.29,98.43,94.3,3.89,64.22,30.13,18.24,1.83,4.53,85.69,75.49,65.72,43.77,0.0,3.51,3.39,13.45,1.34,4.36,2.05,34.55,71.1,69.61,62.32,98.35,44.7,17.44,100.0,96.57,1480.25,95.23,96.05,89.39,1.61,97.4,7.25,-36.59,5.39,86.79,89.46,95.3,88.5,90.2,91.91,22.36,76.37,90.2,74.22,100.0,0.0,6.94,1.8,44.55,6.47,6.05,34.03,8.6,3.09,26.64,1.82,17.46,9.1,70.44,76.91,61.35,-39.74,60.49,63.3,5.42,2.8,8.84,6.58,3.3,10.5,10.01,3.23,14.42,13.07,2.44,16.45,0.0,0.0,0.0,4.45,42.53,0.33,14.4
Pratapgarh ,Rajasthan,978,1199,177,56.97,30.73,1038.19,918.8,90.07,70.95,96.97,88.64,46.28,23.01,90.39,84.47,9.02,55.36,23.47,30.86,2.93,3.19,67.64,72.02,61.81,46.07,0.53,0.95,1.8,11.9,0.1,6.02,3.1,30.53,76.02,75.05,52.93,91.2,16.96,2.68,98.71,93.97,1213.11,93.04,96.35,92.28,0.5,97.09,3.59,39.56,1.84,75.82,88.66,96.54,81.07,97.2,91.86,30.24,67.67,97.2,76.07,100.0,0.0,4.98,0.77,56.61,6.77,7.98,29.02,24.86,11.5,31.82,2.92,24.09,5.9,67.17,65.81,53.01,-56.19,53.14,54.93,3.53,1.66,5.44,6.13,3.46,9.9,11.81,3.41,16.47,13.32,4.52,18.73,0.19,0.17,0.0,2.65,37.83,0.35,17.97
North  District ,Sikkim,882,768,112,78.52,21.0,997.22,692.9,98.14,76.25,98.87,94.68,83.82,65.92,98.95,24.47,-24.88,81.35,37.72,15.98,0.0,3.75,75.3,75.72,60.95,18.97,0.56,7.51,17.52,9.82,5.38,12.83,6.87,28.57,50.44,66.18,59.36,92.54,73.96,61.87,95.46,71.26,7390.34,71.98,97.33,91.06,1.46,98.5,27.31,39.56,25.95,-90.77,-90.59,-100.0,-90.77,-100.0,-96.89,-31.08,-0.01,-95.34,90.12,-100.0,-0.01,7.19,0.7,26.07,-25.28,25.33,31.75,4.46,2.85,15.3,14.12,3.35,44.08,72.95,53.47,37.01,-26.91,36.65,45.63,6.5,4.69,11.61,8.42,6.46,15.99,22.31,13.08,38.95,25.09,19.46,47.7,1.23,0.36,0.0,9.91,35.35,22.66,43.49
West District ,Sikkim,906,1034,150,81.76,19.21,959.08,684.88,97.61,83.08,98.83,89.87,88.93,69.8,98.11,19.87,-28.2,85.73,43.92,14.05,0.0,2.53,92.44,88.2,70.82,7.97,3.02,11.04,33.02,9.22,1.79,4.27,1.08,19.75,69.12,75.76,70.36,95.86,48.64,17.32,96.43,63.57,5361.1,67.8,99.33,89.87,0.0,99.33,28.03,39.56,25.37,-96.91,-93.15,-96.91,-98.46,-98.46,-98.46,-59.22,-0.01,-95.29,72.18,-100.0,-0.01,3.33,2.06,56.16,-28.98,-28.43,25.18,21.13,12.17,19.26,6.45,3.04,24.48,83.37,67.05,42.62,-43.34,42.65,45.67,3.49,3.66,7.42,6.99,6.07,13.55,23.04,8.86,32.68,30.4,13.73,45.05,0.48,0.48,0.68,8.87,44.92,20.51,50.92
South District ,Sikkim,880,745,114,80.21,19.93,973.22,1352.66,96.79,87.15,99.56,93.3,91.71,66.54,99.41,20.77,-39.14,90.46,45.7,9.91,0.0,8.7,85.31,85.01,67.57,18.99,2.96,6.64,20.13,9.49,9.03,5.19,2.8,24.27,67.17,78.05,84.49,92.27,71.28,46.17,99.35,83.06,11031.43,81.11,97.41,86.41,1.97,99.38,27.82,39.56,22.95,-86.43,66.06,-89.45,-89.45,-89.45,-86.43,-33.11,-0.01,-83.82,88.42,93.65,0.0,4.54,0.0,28.21,-19.4,-20.71,24.81,7.96,4.01,7.17,16.6,4.6,34.83,84.77,56.46,39.91,-43.34,39.81,54.55,6.63,4.03,12.52,9.14,6.02,17.63,19.63,15.82,41.04,29.74,16.13,49.61,1.61,0.0,0.0,15.78,47.37,14.95,38.13
East District ,Sikkim,848,724,93,86.41,19.31,1008.44,999.59,95.86,68.43,99.38,93.58,85.01,87.59,97.72,29.88,-47.38,90.14,53.15,9.42,0.0,1.74,84.82,54.33,42.81,14.73,0.77,3.89,11.61,9.13,1.59,17.71,7.16,17.03,52.91,53.35,43.82,90.34,48.33,27.62,91.92,65.76,8470.75,59.23,91.83,70.43,3.94,94.17,36.92,-52.01,36.62,68.58000000000001,66.06,92.52,73.14500000000001,80.72,82.19,23.525,5.54,77.60499999999999,91.22,93.65,0.0,6.5,0.52,27.05,-21.76,-25.21,17.75,14.28,5.58,12.96,6.49,7.67,38.21,68.32,49.78,43.31,-43.34,43.34,44.6,7.42,5.52,14.58,6.68,8.09,15.8,15.36,10.98,31.6,19.09,11.96,34.21,0.1,0.0,1.23,11.15,37.85,14.49,35.87
Thiruvallur ,Tamil Nadu,806,775,124,83.49,21.62,979.44,991.1,96.96,94.34,99.82,99.95,75.58,93.42,83.81,57.37,-38.56,85.9,57.18,13.39,1.06,5.82,98.8,67.93,65.99,59.05,0.0,3.81,0.72,2.22,0.18,9.31,3.44,21.9,61.28,77.64,85.35,76.8,74.96,53.51,95.56,90.33,3667.87,95.23,100.0,72.33,0.0,100.0,46.41,62.99,40.07,-88.57,-88.61,-98.04,-95.72,-90.9,-98.04,-44.25,-59.17,-88.57,62.87,-80.03,-19.97,5.22,3.88,56.24,-23.39,26.29,18.07,16.98,3.64,20.58,2.08,10.48,48.55,49.69,58.44,56.87,-43.34,56.83,64.4,6.34,12.09,22.47,6.42,14.07,23.43,13.21,6.32,26.35,19.62,9.27,32.44,10.83,7.86,3.85,1.7,18.29,0.07,26.74
Chennai ,Tamil Nadu,743,660,101,92.71,18.01,1037.32,858.75,98.15,-98.75,99.89,98.72,90.43,97.71,96.96,58.23,6.109999999999999,96.1,76.72,1.94,1.01,2.97,100.0,65.84,63.64,55.68,0.44,4.86,0.0,1.72,0.0,6.86,2.49,22.99,86.58,81.42,89.86,96.12,86.34,75.53,96.78,95.02,3950.98,96.67,100.0,60.06,0.0,100.0,50.51,62.51,42.53,-96.55,-100.0,-100.0,-96.55,-100.0,-96.55,-48.65,-45.67,-100.0,56.41,-74.83,-25.17,4.12,1.02,74.98,-13.07,-15.06,20.35,18.33,7.58,21.85,9.38,7.4,41.85,59.52,55.25,50.53,-43.34,50.28,52.77,10.6,14.18,27.2,10.65,8.41,22.13,15.95,6.95,28.79,21.08,7.56,33.22,8.64,6.3,1.08,0.73,8.93,0.1,16.14
Kancheepuram ,Tamil Nadu,816,796,102,84.97,19.19,1001.69,888.67,97.47,93.8,99.42,99.42,75.86,88.06,88.84,59.7,-44.2,84.45,56.78,9.98,0.0,2.47,97.75,69.28,67.31,59.64,0.16,4.73,0.15,2.3,0.17,7.17,4.22,15.69,62.09,62.64,76.07,76.77,73.51,47.93,97.57,87.26,3531.4,92.99,100.0,68.53,0.0,100.0,40.21,60.18,31.04,-69.05,-81.5,-97.13,-74.83,-92.25,-88.44,-36.39,-54.33,-86.14,67.87,-83.08,-16.92,3.1,2.25,54.2,-20.1,-21.73,20.58,15.73,6.93,19.81,3.03,12.61,46.44,48.91,68.81,56.96,-43.34,56.97,62.7,6.66,13.24,22.91,5.98,15.06,24.27,12.17,6.48,24.33,18.9,8.6,31.96,6.82,6.76,1.71,4.45,17.47,0.76,28.91
Vellore ,Tamil Nadu,880,886,108,79.96,22.41,1070.35,721.59,96.45,91.65,99.3,97.68,76.2,85.3,93.78,71.36,-16.62,84.72,52.45,14.89,1.91,4.85,98.53,65.15,63.2,59.45,0.0,3.14,0.0,0.47,0.15,6.69,3.58,32.65,98.91,84.39,95.4,96.77,94.24,84.58,100.0,98.64,2272.37,96.74,99.53,67.64,0.47,100.0,42.43,43.85,42.06,92.72,97.18,97.02,93.89,94.33,95.5,46.35,80.79,91.2,71.58,86.12,13.88,2.81,0.3,76.35,8.84,9.9,29.8,13.05,2.48,19.69,4.17,11.37,45.38,51.54,60.91,50.7,-43.34,50.59,47.17,8.05,11.08,20.44,7.98,12.41,21.41,14.07,7.13,25.93,16.76,6.44,25.57,1.75,0.51,0.2,4.33,14.39,0.32,23.0
Tiruvannamalai ,Tamil Nadu,874,786,108,75.54,20.94,1108.56,847.8,97.64,91.57,99.04,98.53,61.69,70.74,90.27,69.6,-24.8,81.66,50.17,11.64,3.24,8.49,98.67,71.86,68.65,64.49,0.0,3.06,0.0,0.95,0.15,5.09,3.33,27.98,76.88,81.22,97.65,94.26,84.47,63.49,100.0,98.05,2723.75,98.6,99.05,85.8,0.0,99.05,27.7,-70.09,21.46,-97.06,-92.55,-97.06,-97.06,-97.06,-97.06,-36.5,-76.19,-97.06,64.25,-100.0,-0.01,5.97,2.56,61.46,-2.51,3.61,30.63,14.8,3.95,24.96,3.27,12.63,37.75,50.29,64.66,56.25,-43.34,56.55,49.25,6.72,10.06,18.77,7.97,12.05,21.81,12.25,3.93,19.2,16.45,6.15,25.82,7.96,4.25,0.61,4.82,17.18,0.16,24.21
Viluppuram ,Tamil Nadu,859,812,109,73.64,24.77,1119.57,915.6,100.0,93.03,99.73,98.37,53.83,68.64,88.05,77.56,-28.95,77.83,45.72,19.01,2.92,7.92,98.33,71.58,68.61,62.57,0.17,3.22,0.74,1.3,0.15,7.4,1.81,24.6,75.81,80.1,94.88,95.42,72.7,44.83,96.0,88.11,3254.7,93.97,99.11,84.26,0.46,100.0,28.03,-56.29,23.34,-88.51,-81.63,-100.0,-88.51,-97.13,-97.13,-28.95,-55.6,-97.13,73.2,-91.13,-8.87,5.56,1.36,59.63,-12.66,19.77,23.88,12.38,3.42,20.52,0.0,17.16,37.02,44.95,73.41,62.6,-43.34,62.53,67.15,6.62,9.21,17.69,6.68,11.71,19.91,9.95,4.24,19.02,16.55,7.14,26.1,14.7,8.84,3.67,8.8,25.13,0.15,38.12
Salem ,Tamil Nadu,882,754,99,74.41,20.09,1057.14,900.12,97.35,91.85,99.52,97.64,64.51,84.48,95.74,67.49,-3.38,83.16,51.29,23.68,1.03,8.86,98.6,68.97,64.13,55.95,0.0,3.96,1.07,2.05,0.55,5.6,1.4,41.68,86.77,74.7,85.04,89.31,82.19,50.75,100.0,92.88,3964.95,95.96,100.0,63.72,0.0,100.0,43.04,49.5,39.36,-77.02,-81.84,-95.8,-84.35,-87.92,-84.26,-29.26,-69.09,-87.84,67.82,-84.5,-15.5,0.72,1.55,72.02,8.065000000000001,-6.73,23.62,10.06,4.32,20.77,6.34,10.12,40.27,52.97,51.33,46.48,-43.34,46.33,40.89,7.72,8.31,18.03,8.74,11.16,22.74,16.42,6.48,26.64,24.18,7.82,33.99,15.6,14.55,1.7,6.46,23.49,0.24,24.14
Namakkal ,Tamil Nadu,888,700,109,73.48,17.3,1142.4,1130.43,97.63,93.55,99.24,99.45,75.23,89.66,95.71,68.76,6.109999999999999,88.93,55.66,14.24,0.64,6.52,97.77,65.15,62.33,55.29,0.0,4.13,0.0,1.91,0.6,6.51,2.31,32.93,85.47,76.16,97.83,96.33,87.47,71.04,100.0,94.78,3435.49,89.88,100.0,59.81,0.0,100.0,53.72,66.53,45.11,-83.89,-84.38,-92.51,-87.55,-96.17,-96.17,-52.14,-73.75,-87.28,66.19,-91.03,-8.97,3.99,0.0,53.92,-7.14,12.85,25.21,10.33,4.26,15.67,6.27,9.44,43.23,58.27,67.92,51.88,-43.34,51.93,50.34,8.0,9.94,19.74,9.52,12.35,24.03,14.13,7.32,25.58,20.79,7.96,31.45,1.74,0.98,0.0,6.58,19.8,0.06,27.06
Erode ,Tamil Nadu,877,774,110,73.09,18.18,1112.41,807.1,99.59,93.75,99.6,98.9,67.64,95.9,97.58,77.67,-20.72,83.05,57.8,13.7,0.25,14.79,98.66,70.59,67.43,61.34,0.0,3.63,0.42,1.76,0.16,4.94,2.0,51.51,96.38,87.8,93.93,97.54,82.23,51.34,100.0,96.46,2400.98,98.37,100.0,51.43,0.0,100.0,48.49,68.52,29.58,-95.88,-97.22,-100.0,-95.88,-100.0,-100.0,-60.66,-53.83,-100.0,64.2,-92.25,-7.75,1.53,0.0,69.86,-14.78,19.06,19.39,20.86,11.17,26.87,2.79,11.36,37.05,58.45,46.46,55.31,-43.34,55.43,64.15,6.4,8.32,16.59,6.2,6.88,16.1,17.03,9.02,29.51,25.72,6.69,36.07,15.07,8.69,0.67,11.12,26.19,0.12,23.54
The Nilgiris ,Tamil Nadu,904,850,120,85.21,19.72,1092.59,1035.36,98.65,96.58,98.61,96.43,83.58,81.47,98.37,74.54,29.3,90.62,63.38,11.08,0.0,4.53,96.67,77.91,74.65,68.86,0.0,4.46,0.15,0.96,0.11,6.0,1.63,35.25,88.9,79.95,92.46,94.1,93.77,76.37,99.42,91.48,3437.97,90.92,100.0,62.2,0.0,100.0,42.29,56.55,33.62,-90.11,-98.03,-100.0,-91.93,-100.0,-96.16,-38.45,-81.85,-95.81,69.43,-92.14,-7.86,1.33,0.0,66.07,-20.83,18.79,26.66,17.26,7.74,23.23,8.54,10.81,39.49,62.2,45.85,44.43,-43.34,44.17,37.73,5.43,6.52,13.62,8.22,5.9,15.01,19.96,10.93,34.24,21.88,9.84,32.88,23.22,12.27,1.2,6.75,21.48,1.07,25.87
Dindigul ,Tamil Nadu,924,951,142,77.83,24.37,1065.81,815.79,97.91,96.96,98.79,99.47,61.04,76.3,81.61,71.92,-38.04,81.01,50.06,20.46,0.79,8.64,98.86,74.17,71.39,62.22,0.0,6.91,0.76,1.08,0.29,6.28,2.82,29.8,84.84,71.88,96.21,87.38,85.72,63.59,99.05,95.32,2828.33,96.23,96.99,74.55,1.41,98.59,33.29,55.01,28.1,92.56,96.39,97.64,92.56,95.62,96.02,53.94,72.51,89.78,83.99,98.52,1.48,2.32,0.37,55.24,20.07,20.69,27.09,21.11,8.17,28.41,2.18,12.94,38.48,71.55,50.21,42.85,-34.57,42.61,41.44,8.15,12.12,22.13,11.87,12.02,25.13,16.58,5.65,25.67,24.3,6.77,34.17,5.78,2.08,0.66,6.53,27.71,0.09,26.03
Karur ,Tamil Nadu,862,689,93,73.21,19.12,1154.12,839.07,98.57,95.61,98.69,99.36,63.56,72.46,94.23,74.6,-29.96,80.47,51.21,13.29,0.84,3.32,97.87,65.81,63.48,58.27,0.0,3.91,0.0,0.88,0.43,7.52,2.31,30.31,77.63,83.29,95.7,82.7,68.66,46.43,97.33,96.41,2586.46,91.92,100.0,56.79,0.0,99.22,47.78,64.1,35.36,-82.47,-84.04,-94.51,-89.12,-84.72,-93.87,-21.96,-43.12,-84.72,48.54,-97.69,-2.31,5.63,0.68,42.18,-5.54,13.32,33.61,18.42,8.69,36.28,2.37,17.88,34.71,53.26,73.15,65.5,-43.34,65.04,60.68,9.37,12.71,23.4,10.8,16.19,28.91,12.91,7.08,24.11,18.87,6.08,29.08,12.12,5.78,0.21,5.86,25.53,0.35,28.97
Tiruchirappalli ,Tamil Nadu,851,764,89,80.72,21.48,1122.99,918.84,98.39,94.93,98.98,98.08,67.12,71.15,94.17,67.75,-15.82,84.79,57.09,13.48,1.02,4.51,96.46,68.12,61.51,49.57,0.0,6.81,1.08,2.6,0.56,11.09,4.35,27.98,87.84,86.13,90.51,92.23,86.1,66.21,98.84,97.57,2593.29,94.57,98.6,65.31,0.44,99.04,41.03,66.39,28.99,-97.06,-89.43,-100.0,-97.06,-97.06,-97.06,-43.63,-67.32,-97.06,63.8,-100.0,-0.01,5.22,1.4,50.9,-8.12,12.4,27.55,20.88,8.6,27.37,3.08,16.65,33.5,62.46,82.34,62.53,-43.34,62.37,64.69,8.57,12.63,22.72,10.44,14.87,26.48,11.97,5.39,21.4,18.43,5.98,28.93,11.18,5.38,2.15,3.51,19.78,0.43,25.72
Perambalur ,Tamil Nadu,860,724,87,73.1,22.57,1209.51,886.87,99.32,93.98,99.07,100.0,57.38,75.13,92.69,75.53,-32.58,82.98,48.97,21.36,1.25,7.65,97.76,63.1,58.85,48.74,0.0,7.69,0.55,0.85,0.0,11.39,3.11,30.19,83.32,85.75,92.19,94.09,78.73,57.27,99.35,90.08,3707.46,92.6,100.0,69.54,0.0,100.0,50.3,75.37,39.32,-92.54,-93.96,-94.93,-92.54,-92.54,-94.93,-51.37,-49.69,-92.54,64.09,-100.0,-0.01,4.28,0.0,51.92,-11.4,12.62,29.12,15.85,4.23,22.26,2.94,18.0,32.88,46.35,69.23,66.93,-43.34,66.06,61.55,8.43,10.3,21.02,6.97,13.66,23.24,11.66,3.82,19.79,16.71,5.59,26.1,17.23,10.32,3.3,5.49,20.33,0.22,29.05
Ariyalur ,Tamil Nadu,864,765,93,73.47,22.39,1143.08,807.24,97.46,91.67,98.22,93.19,54.64,46.69,81.57,71.13,-21.63,77.44,50.7,12.4,0.51,11.54,97.95,61.41,60.15,49.57,0.0,8.28,0.0,0.85,0.12,6.97,3.08,31.44,86.85,65.02,91.43,88.44,84.68,70.8,100.0,95.65,4663.79,96.23,100.0,72.05,0.0,100.0,57.27,78.32,49.1,-90.75,-90.75,-100.0,-90.75,-93.64,-100.0,-49.49,-80.33,-93.64,61.68,-95.86,-4.14,5.59,0.0,68.38,-7.6,11.66,25.33,15.06,4.37,20.07,1.6,15.55,33.3,49.19,61.99,62.35,-64.09,62.42,58.79,8.74,11.72,22.01,8.68,13.88,24.7,12.39,4.54,20.63,18.49,6.3,27.53,5.59,4.34,0.42,8.7,20.74,0.07,28.07
Cuddalore ,Tamil Nadu,876,859,98,76.76,22.92,1061.53,819.12,99.1,83.34,99.16,99.49,61.32,75.61,88.1,64.4,-15.86,80.46,50.13,12.64,0.81,4.94,99.12,65.33,63.45,58.09,0.0,2.71,0.36,1.83,0.0,9.19,3.58,24.03,75.08,75.54,82.22,88.08,68.5,52.58,98.29,87.67,3803.49,93.91,99.17,72.5,0.43,99.12,51.36,64.5,47.11,-79.03,-77.26,-88.62,-84.75,-91.53,-97.3,-50.59,-68.0,-91.53,72.7,-97.23,-2.77,3.35,1.57,61.66,-12.27,23.17,20.22,13.93,3.96,17.98,1.57,14.76,35.13,55.16,64.79,58.63,-43.34,58.57,55.62,8.25,11.04,20.53,7.36,11.45,20.68,11.81,4.48,20.11,16.86,8.29,26.97,7.05,4.57,0.61,7.54,24.42,0.57,32.63
Nagapattinam ,Tamil Nadu,862,794,96,79.15,20.82,1148.26,799.16,99.09,87.6,98.97,100.0,69.57,59.03,93.31,70.85,-34.62,89.25,53.73,6.29,0.0,5.16,96.18,65.86,61.93,53.89,0.0,5.82,0.14,1.77,0.15,8.51,2.33,20.9,70.42,89.41,93.13,93.02,85.58,61.34,100.0,91.91,4654.92,92.39,99.65,69.03,0.35,100.0,49.43,74.18,38.7,-93.77,-94.6,-100.0,-93.77,-96.36,-96.36,-50.08,-73.58,-96.36,63.42,-86.37,-13.63,5.7,2.47,56.05,15.51,14.35,32.28,12.47,4.7,24.33,0.84,19.44,31.86,45.61,60.91,63.22,-44.79,62.64,58.84,6.48,11.41,19.42,6.73,11.26,19.91,13.3,7.06,24.46,19.88,9.39,32.05,15.73,10.97,2.19,10.36,24.88,0.26,34.34
Thiruvarur ,Tamil Nadu,864,783,98,84.85,19.62,1130.88,900.93,97.16,86.84,98.6,100.0,71.02,58.94,94.58,75.24,-24.15,91.21,57.47,9.1,0.64,2.74,98.41,70.2,66.73,59.04,0.23,4.27,0.3,1.63,0.0,9.6,4.74,26.2,78.38,80.48,92.33,86.8,86.3,65.45,97.22,89.5,4590.47,92.18,100.0,62.73,0.0,100.0,60.63,80.5,48.82,-97.05,-97.05,-100.0,-100.0,-97.05,-100.0,-58.98,-78.71,-97.05,70.92,-91.92,-8.08,4.3,0.67,45.02,-19.05,-18.72,19.75,18.37,6.77,21.5,2.99,15.43,37.15,58.91,45.04,58.33,-43.34,58.2,48.99,10.57,14.35,26.52,8.65,15.35,25.92,14.39,5.06,23.79,18.01,7.84,31.02,17.7,10.39,0.73,11.53,24.28,0.35,32.22
Thanjavur ,Tamil Nadu,826,687,83,80.59,19.58,1111.66,933.7,99.32,82.63,98.84,99.67,79.62,69.42,95.26,70.63,-30.12,86.37,54.33,4.14,2.14,8.43,98.16,64.79,60.64,51.69,0.0,4.9,0.24,2.62,0.26,9.45,2.69,23.34,66.03,86.1,93.66,89.45,79.33,67.15,99.02,93.78,3425.22,97.07,100.0,59.48,0.0,100.0,51.36,77.11,33.83,-78.48,-66.74,-100.0,-78.48,-86.16,-89.44,-31.85,-33.19,-80.42,49.8,-89.76,-10.24,4.77,2.59,62.88,-10.53,18.21,19.55,8.34,3.67,21.88,4.94,12.7,42.76,54.84,64.84,59.13,-43.34,59.04,59.96,7.84,12.92,23.31,7.57,18.36,28.95,16.98,6.95,28.81,19.74,10.01,34.58,9.02,4.47,2.17,7.58,22.41,0.45,30.01
Pudukkottai ,Tamil Nadu,895,871,101,74.71,23.72,1095.16,803.99,98.42,86.86,98.85,95.71,55.21,42.01,90.56,72.91,12.42,83.71,52.2,11.57,0.4,11.29,95.11,67.95,64.28,55.76,0.0,6.02,0.67,1.21,0.0,12.18,5.64,24.59,82.25,77.92,91.64,89.91,73.71,53.31,99.15,95.44,2610.47,94.52,100.0,68.56,0.0,100.0,41.15,65.23,30.12,83.32,75.91,92.12,90.73,97.05,94.59,49.34,47.04,97.05,69.0,93.55,6.45,5.1,3.3,46.45,-25.16,22.26,32.2,9.54,1.61,21.62,2.79,20.32,31.95,59.81,71.05,62.54,-62.23,62.53,61.75,6.53,9.37,18.49,6.56,13.82,22.96,11.72,5.29,22.98,17.25,7.52,30.23,13.38,7.59,2.48,7.59,28.29,0.75,31.73
Sivaganga ,Tamil Nadu,922,887,106,78.77,21.76,1223.33,1126.82,98.8,90.41,99.42,96.47,74.39,75.15,93.16,67.72,-10.54,88.03,59.92,4.47,2.11,9.58,99.93,67.3,66.05,59.71,0.0,4.92,0.0,0.54,0.17,7.03,2.37,27.03,88.53,72.64,90.89,76.12,81.09,64.69,99.33,89.08,3143.15,92.5,100.0,73.33,0.0,100.0,43.16,42.64,43.35,-89.43,-81.54,-96.22,-91.26,-95.84,-95.84,-42.36,-70.6,-94.88,73.22,-100.0,-0.01,2.6,0.0,55.63,-12.42,15.96,27.62,22.78,11.62,28.37,9.12,12.66,33.39,60.21,56.37,51.63,-43.34,51.52,36.4,8.46,11.61,22.72,9.3,15.2,26.2,12.97,3.87,21.95,14.87,6.78,25.97,3.35,1.52,0.21,2.37,17.53,0.43,22.99
Madurai ,Tamil Nadu,914,844,131,83.93,19.92,1079.13,814.62,100.0,97.94,98.91,98.71,80.05,91.18,88.39,66.29,-24.93,87.3,58.55,11.46,0.46,3.95,98.17,69.69,68.44,58.33,0.0,6.4,0.56,3.14,0.0,8.72,4.16,21.54,88.0,69.97,89.47,85.59,71.03,59.71,100.0,91.36,3317.29,94.45,100.0,70.02,0.0,100.0,43.8,66.11,34.25,-88.81,-92.92,-95.53,-90.77,-93.57,-95.53,-42.35,-69.93,-89.35,66.64,-92.8,-7.2,4.3,0.6,55.04,-17.09,25.03,32.39,9.49,3.87,21.51,4.7,12.22,40.82,58.18,54.32,48.25,-43.34,47.99,46.85,7.91,10.97,21.19,9.5,11.25,22.66,15.86,5.41,25.55,22.4,5.97,31.8,12.07,2.37,0.41,0.77,20.3,0.43,24.54
Theni ,Tamil Nadu,920,979,139,80.88,23.77,1168.4,1056.58,99.14,93.83,99.4,99.88,74.43,89.94,76.78,67.35,-28.97,86.94,56.93,16.04,0.88,13.52,99.67,70.61,67.1,56.14,0.0,8.15,0.28,1.79,0.49,7.32,3.47,32.08,88.74,88.79,98.65,90.02,85.6,60.25,100.0,97.06,1772.73,97.81,100.0,81.66,0.0,100.0,43.65,59.47,40.09,95.18,95.18,98.54,95.89,96.62,97.32,43.11,80.94,96.62,74.0,94.65,3.92,3.81,0.2,63.07,14.41,17.25,20.22,15.54,6.56,18.83,4.15,10.33,45.23,73.35,46.78,41.34,-36.62,41.16,35.5,8.78,12.62,22.9,9.02,12.52,23.09,20.04,6.06,28.73,25.41,7.92,35.58,9.11,4.9,0.51,4.29,21.29,0.27,23.03
Virudhunagar ,Tamil Nadu,914,860,101,80.47,21.36,1109.45,729.68,100.0,91.68,99.52,97.41,59.78,90.51,89.53,51.27,-6.63,85.25,53.52,15.47,0.0,3.56,97.3,68.1,66.29,61.16,0.0,3.05,0.17,1.0,0.47,6.37,2.94,23.12,71.93,64.99,83.4,86.34,69.52,58.29,99.34,80.16,2607.37,86.46,97.77,66.31,2.23,100.0,50.02,65.6,44.31,-76.68,-77.73,-100.0,-81.37,-95.3,-100.0,-55.83,-71.02,-90.37,74.75,-95.25,-4.75,9.32,0.0,39.08,-21.63,18.47,29.22,14.42,7.6,23.67,6.82,14.1,37.42,51.86,58.9,57.12,-43.34,56.88,59.71,6.16,10.26,19.23,8.32,10.58,21.55,10.23,4.3,20.17,13.27,5.95,22.89,2.16,1.77,0.81,1.82,18.77,0.45,22.77
Ramanathapuram ,Tamil Nadu,899,913,120,80.29,24.41,1146.99,787.09,99.02,87.83,99.3,93.89,78.62,82.73,90.64,69.74,-14.54,86.06,53.73,14.71,1.12,5.95,98.34,72.16,68.08,56.59,0.0,6.52,0.99,2.49,0.76,7.92,3.91,28.04,82.73,82.93,88.22,89.12,77.07,56.02,100.0,94.91,3729.0,95.79,99.63,72.52,0.0,99.3,47.45,62.51,42.06,90.35,91.14,96.45,96.45,90.35,96.45,39.37,62.12,88.7,75.02,93.31,6.69,3.31,0.0,58.43,13.83,19.85,26.43,17.68,5.99,21.62,6.3,15.65,34.06,66.92,57.19,53.75,-46.66,53.55,52.19,8.01,7.68,17.18,7.86,10.66,20.16,14.07,5.98,23.26,18.43,7.4,28.18,12.78,5.31,0.42,1.11,22.84,0.55,29.94
Thoothukkudi ,Tamil Nadu,848,774,99,86.64,20.89,1110.83,733.54,99.5,91.92,100.0,96.97,79.42,90.67,88.98,57.78,-17.51,90.28,59.52,8.88,0.0,0.94,99.42,67.57,63.76,52.44,0.0,6.58,0.28,3.94,0.38,8.09,2.95,28.84,90.78,59.19,80.66,89.07,86.08,70.44,100.0,94.83,3179.84,97.21,100.0,59.09,0.0,100.0,52.0,70.92,38.9,-100.0,-100.0,-100.0,-100.0,-100.0,-100.0,-59.1,-85.17,-100.0,63.03,-93.2,-6.8,4.78,0.73,53.03,-16.29,19.89,20.34,18.41,7.7,20.95,6.69,11.9,43.4,57.85,55.62,56.3,-43.34,55.93,44.29,8.38,11.54,21.98,9.83,13.82,25.38,15.45,5.24,24.49,17.29,7.52,28.2,3.93,1.69,0.42,1.42,18.54,0.31,21.63
Tirunelveli ,Tamil Nadu,873,777,92,84.42,22.05,1109.06,938.86,100.0,98.33,99.51,98.08,79.78,87.86,89.92,61.27,-12.71,87.34,54.18,10.69,1.17,4.32,97.15,69.75,64.37,55.35,0.17,5.0,0.0,2.7,0.32,7.12,3.69,23.52,77.4,84.54,84.97,90.76,87.38,65.51,98.03,92.87,3281.29,93.01,100.0,47.22,0.0,100.0,60.2,67.96,51.53,-93.25,-95.49,-97.65,-93.25,-95.5,-97.65,-41.31,-72.3,-93.25,68.98,-90.81,-9.19,2.69,0.0,50.91,-0.01,8.73,29.39,11.99,3.06,22.71,3.68,13.5,40.19,58.79,49.87,51.5,-43.34,51.02,54.53,6.72,12.43,20.95,7.57,13.36,22.25,12.84,5.83,22.05,15.53,6.35,25.45,18.91,5.49,0.18,0.72,16.3,0.0,17.34
Kanniyakumari ,Tamil Nadu,839,711,103,92.89,20.79,1121.33,880.11,98.92,100.0,99.84,98.19,96.18,74.38,97.24,64.1,-28.4,97.99,77.1,4.32,0.0,3.99,98.64,70.34,66.56,60.75,0.0,2.92,0.0,1.52,0.0,4.87,3.37,29.78,86.82,65.64,84.21,87.05,90.31,74.04,97.33,86.02,3170.06,88.17,100.0,39.35,0.0,100.0,68.27,77.98,53.3,-96.04,-96.04,-100.0,-96.04,-100.0,-100.0,-29.75,-66.74,-100.0,78.42,-81.9,-18.1,0.92,0.0,46.89,-21.29,22.11,17.31,11.38,2.65,14.45,2.81,5.89,53.01,66.32,39.09,45.51,-46.53,45.55,39.29,9.27,17.95,29.04,8.35,14.91,25.18,13.52,6.33,24.36,19.47,6.06,30.21,13.06,3.93,0.84,1.04,11.04,0.17,14.75
Dharmapuri ,Tamil Nadu,911,827,101,72.55,23.78,1191.83,1051.91,92.95,87.09,99.41,98.72,72.35,82.47,93.44,75.45,-17.82,80.58,54.41,16.74,0.63,6.41,97.48,70.03,68.03,61.07,0.0,6.43,0.0,0.42,0.0,8.52,3.49,36.27,95.52,78.37,94.49,95.9,92.65,73.53,100.0,97.95,2808.49,95.91,99.59,73.02,0.0,99.59,29.05,61.03,17.58,90.6,-96.11,97.98,90.6,96.42,96.42,50.46,69.59,94.48,66.22,97.81,2.19,3.17,0.0,74.37,3.56,8.11,28.71,16.91,6.52,23.21,8.91,12.91,33.38,46.5,54.15,41.95,-43.34,42.5,31.89,5.7,8.44,15.37,8.04,7.55,18.1,14.99,8.14,25.83,20.57,8.27,30.8,1.75,1.21,0.83,7.87,24.57,0.69,26.78
Krishnagiri ,Tamil Nadu,922,909,130,72.57,24.21,1053.05,856.92,98.69,94.81,99.16,99.77,75.94,86.0,95.18,73.58,12.81,79.86,53.86,20.29,1.4,9.53,98.05,69.95,67.69,60.7,0.16,6.02,0.0,0.43,0.39,4.89,1.87,40.16,98.7,84.48,93.12,93.74,93.72,74.34,99.47,95.5,2080.5,93.96,99.6,75.91,0.4,100.0,31.88,59.65,23.38,87.29,90.26,96.7,87.29,91.06,91.06,42.28,60.17,84.23,68.53,98.45,1.55,1.06,0.42,76.48,-6.13,7.09,29.03,10.4,4.68,19.32,10.08,11.71,34.5,51.22,46.51,44.33,-33.26,43.96,39.41,4.88,7.79,14.03,6.68,7.37,15.04,14.88,6.16,23.5,16.35,7.32,25.33,0.91,0.41,0.57,8.22,20.3,0.22,22.66
Coimbatore ,Tamil Nadu,877,763,95,84.15,19.25,1061.15,951.63,98.45,96.19,99.42,99.9,78.45,95.45,98.82,60.99,-52.85,90.57,62.8,19.75,1.26,10.3,99.67,66.46,61.97,53.05,0.0,4.95,0.0,3.11,0.0,9.1,2.02,40.89,88.84,72.56,89.99,91.78,91.51,76.03,100.0,95.4,5609.44,98.62,100.0,60.09,0.0,100.0,50.87,73.33,35.94,-94.51,-94.51,-100.0,-98.29,-94.51,-98.29,-50.24,-86.85,-90.81,75.15,-77.97,-22.03,2.88,1.24,65.02,-9.35,-11.59,23.0,6.99,2.7,18.48,4.16,10.07,49.95,56.81,37.84,48.76,-50.98,48.85,51.39,6.77,10.32,19.14,7.67,8.98,18.25,17.06,7.85,29.16,23.33,7.55,33.32,13.31,8.36,1.09,5.49,21.41,0.49,22.9
Tiruppur ,Tamil Nadu,877,726,85,75.81,17.79,1114.27,1016.48,96.88,99.21,99.45,99.79,75.88,95.4,98.31,59.86,-19.2,87.49,55.09,10.51,0.67,5.13,98.51,69.32,66.02,59.74,0.0,3.83,0.13,1.82,0.0,4.55,1.31,37.55,87.35,68.64,93.54,95.03,94.98,74.19,100.0,98.39,5016.91,99.33,100.0,61.03,0.0,100.0,46.41,54.05,41.53,68.58000000000001,66.06,92.52,73.14500000000001,80.72,82.19,23.525,5.54,77.60499999999999,74.22,93.65,0.0,1.54,0.66,60.11,8.065000000000001,-16.71,21.46,15.25,10.25,23.09,6.17,9.85,44.96,60.48,44.75,55.9,-40.83,55.21,56.03,5.88,11.04,18.27,6.07,10.96,18.62,15.8,7.37,26.83,18.96,6.97,28.92,6.14,3.7,0.6,5.74,22.79,0.14,26.18
Adilabad ,Telangana,913,965,156,58.64,24.81,991.99,784.72,83.87,77.28,99.17,95.65,50.84,81.59,97.58,63.62,6.31,64.84,41.04,21.41,1.26,7.83,77.87,54.26,54.13,50.18,0.56,0.0,1.2,1.53,0.0,10.12,4.67,12.01,32.55,89.7,74.78,90.93,44.38,21.81,94.07,83.42,4105.1,80.28,94.11,66.83,1.81,93.89,40.67,74.05,30.62,69.29,73.7,91.63,72.53,81.9,86.68,43.69,7.44,81.9,85.7,94.94,4.7,10.26,1.71,20.43,9.73,9.56,45.73,29.49,12.9,52.0,2.93,26.9,15.73,48.32,76.25,61.11,-60.95,61.1,67.96,4.71,4.47,10.78,5.94,5.84,12.79,12.97,6.46,23.1,15.52,7.44,26.43,5.31,0.24,0.56,10.97,29.65,2.06,28.26
Bhadradri Kothagudem ,Telangana,893,945,136,62.65,19.51,1081.65,816.74,90.01,75.28,99.37,99.06,75.33,89.16,97.65,59.37,9.24,68.71,41.78,20.8,1.02,13.01,92.87,74.97,74.04,68.2,2.19,0.34,0.92,1.37,0.3,3.78,2.11,18.25,51.25,92.75,70.13,91.19,62.49,42.3,98.56,87.14,3255.03,85.42,97.37,53.85,2.28,94.19,57.96,73.05,48.6,80.41,-87.04,98.0,86.69,93.71,96.12,41.41,8.04,93.71,73.18,98.21,1.79,9.17,1.03,40.24,8.79,12.44,28.41,21.84,9.03,25.25,3.69,14.87,31.04,48.71,69.33,69.3,-50.64,68.71,79.27,9.12,7.5,18.34,6.75,10.0,18.39,16.8,6.63,29.61,19.54,6.1,30.12,3.4,0.0,3.19,4.68,28.35,2.89,38.75
Hyderabad ,Telangana,703,642,84,80.26,22.98,959.0,844.13,94.32,82.82,99.92,99.56,84.43,99.54,97.41,48.9,19.92,83.55,63.16,10.62,3.97,2.2,94.2,71.82,70.01,64.6,0.0,1.84,1.86,1.09,0.0,6.07,2.93,18.52,58.23,87.94,69.93,89.6,72.2,38.38,94.38,91.17,2814.5,94.88,98.32,48.27,0.0,94.58,59.65,85.04,35.41,-73.76,-91.61,-82.11,-76.27,-75.42,-77.93,-19.83,-2.51,-70.11,62.03,-84.29,-5.34,0.97,0.76,48.1,-6.15,-4.78,30.41,17.67,8.01,18.91,4.33,12.43,51.04,43.89,63.57,52.48,-43.34,52.65,70.61,5.35,11.4,21.22,6.52,16.65,26.8,14.22,5.32,30.22,22.03,10.21,41.7,2.3,0.0,5.92,1.67,12.4,0.68,27.95
Jagitial ,Telangana,898,885,99,55.86,24.05,1219.33,955.26,92.53,70.07,99.29,97.33,76.49,94.72,96.48,59.22,-6.16,62.39,43.46,28.43,1.8,3.06,90.16,57.42,56.48,47.69,6.34,0.84,0.65,0.83,0.0,13.39,3.62,17.31,23.96,94.64,81.85,87.89,53.45,36.28,95.5,84.09,3494.25,89.93,94.43,39.81,0.98,91.89,68.07,77.35,64.85,-77.68,-94.04,-95.67,-77.68,-93.16,-93.16,-38.24,-8.95,-90.75,72.48,-93.84,-6.16,4.11,0.42,27.49,14.69,13.62,29.85,17.5,8.41,32.29,5.46,22.45,26.03,43.2,59.85,56.39,-43.34,56.32,66.16,7.46,6.09,15.51,8.57,8.43,19.5,11.91,5.79,25.46,16.38,8.43,31.3,6.67,0.97,3.36,11.17,23.45,2.59,47.64
Jangoan ,Telangana,888,843,108,56.58,19.12,1066.22,1089.08,86.6,66.27,99.28,99.37,84.34,91.09,96.81,71.68,-9.3,65.51,44.04,20.33,1.29,6.5,93.55,70.96,70.4,67.24,1.42,0.32,0.3,0.42,0.0,4.56,2.45,19.52,33.93,89.69,65.41,86.08,59.4,34.8,98.85,85.61,4741.23,96.51,99.56,49.63,0.0,90.07,79.13,85.95,72.96,-84.22,-91.22,-94.72,-84.22,-94.72,-94.72,-40.6,-0.01,-89.41,80.75,-100.0,-0.01,10.82,2.74,41.94,-11.11,10.72,33.4,22.87,10.12,30.89,6.42,18.19,24.14,41.09,69.47,57.33,-43.34,57.45,58.77,6.45,6.9,14.35,8.05,8.77,18.32,13.41,6.16,26.11,18.29,7.57,28.96,3.12,0.18,0.18,4.13,27.08,11.29,60.56
Jayashankar Bhupalapally ,Telangana,897,852,124,52.39,18.53,1078.93,902.5,90.88,58.89,99.33,95.14,65.58,90.31,97.68,71.47,-3.9,58.92,36.33,24.86,1.99,13.16,90.81,64.76,64.34,51.03,11.33,0.0,0.54,1.0,0.15,6.99,2.39,13.53,47.1,94.57,72.72,94.08,58.93,35.26,93.99,89.06,5992.72,89.59,99.49,61.32,0.51,95.08,64.3,87.44,50.43,-87.9,-97.21,-96.94,-87.9,-93.99,-96.94,-45.59,-6.48,-94.42,70.47,-97.4,-2.6,6.98,1.89,44.59,11.09,12.62,32.45,31.83,14.55,36.67,1.41,17.67,22.36,46.29,67.93,66.42,-43.34,65.88,64.94,5.27,7.07,13.51,9.77,6.34,17.37,15.8,7.93,28.41,20.79,7.54,31.54,7.3,0.83,4.9,5.56,27.41,4.26,53.06
Jogulamba Gadwal ,Telangana,890,975,125,47.77,26.82,1036.52,852.63,81.65,72.79,99.79,96.98,73.73,86.1,85.31,61.75,12.54,45.04,27.41,34.6,2.15,15.85,77.33,75.53,74.85,71.45,0.0,0.47,0.2,0.13,0.0,2.62,1.63,24.72,43.34,88.29,72.91,92.57,56.64,27.61,96.51,88.3,2832.13,88.24,94.15,46.46,2.49,91.65,41.7,65.83,22.17,86.85,92.33,95.17,86.85,92.36,93.45,37.58,0.0,92.36,75.01,98.81,1.19,5.41,3.68,40.01,6.83,7.22,49.7,17.29,4.89,41.73,2.79,27.51,21.89,29.86,82.39,64.06,-76.87,64.55,66.92,3.36,4.89,9.27,6.06,7.69,14.34,13.0,5.25,21.49,17.1,9.62,29.68,2.37,0.49,3.18,9.72,23.69,7.14,34.56
Kamareddy ,Telangana,899,857,134,51.1,23.43,1103.84,869.62,90.96,73.93,99.45,99.37,68.18,82.3,93.59,66.5,-8.22,58.56,35.62,30.81,2.25,1.11,88.3,56.83,56.83,55.88,0.14,0.32,0.17,0.33,0.0,9.79,5.36,9.44,44.39,87.49,79.5,90.6,56.07,28.32,96.84,86.75,5956.81,89.04,97.05,59.09,1.51,93.21,55.42,79.78,42.55,75.54,-84.1,94.28,85.31,86.8,91.24,38.43,9.23,82.02,79.63,98.03,1.97,7.1,1.38,37.71,7.45,11.67,33.36,34.47,17.87,43.94,3.06,21.65,21.04,41.29,71.56,59.52,-43.34,58.93,65.53,5.42,5.84,12.88,6.92,8.93,17.5,14.31,6.77,27.66,16.92,8.11,29.07,1.99,0.6,1.6,5.63,25.67,16.71,41.82
Karimnagar ,Telangana,874,853,114,63.59,20.07,1065.04,932.93,88.69,66.36,99.69,98.27,78.83,94.87,99.09,58.57,-16.42,70.26,50.8,11.87,1.09,7.57,94.09,56.76,56.44,44.35,10.91,0.13,0.13,0.62,0.0,9.99,2.94,14.53,24.33,92.25,69.64,85.2,48.77,38.57,88.24,89.51,4572.66,95.94,98.36,34.15,1.64,86.92,82.4,92.82,66.76,-73.39,-74.53,-95.76,-82.13,-88.53,-93.98,-26.66,-2.57,-88.53,79.81,-89.3,-10.7,13.49,2.07,30.25,5.21,10.32,30.26,13.88,4.84,27.49,5.85,20.55,28.78,30.35,70.83,61.07,-61.02,61.07,73.21,6.24,8.54,16.82,6.58,10.91,19.97,11.76,5.75,24.96,19.53,8.64,34.69,4.94,0.11,1.6,5.66,19.28,5.58,49.82
Khammam ,Telangana,893,906,132,61.79,18.97,1060.75,905.4,94.44,86.43,99.7,98.41,84.48,97.11,96.6,60.36,-8.6,66.3,40.88,34.97,1.44,10.92,95.38,78.72,76.22,73.8,0.4,0.15,0.42,0.84,0.0,3.32,1.32,25.81,54.87,84.89,76.25,97.25,66.65,34.86,99.35,93.19,3771.37,91.54,97.92,39.01,0.49,93.16,69.22,77.96,59.71,-86.57,-94.3,-95.01,-89.15,-92.42,-95.01,-31.47,-2.72,-92.42,70.86,-96.05,-3.95,6.65,9.32,30.63,-7.24,-8.68,22.15,24.65,15.04,26.23,6.03,12.76,36.08,54.99,60.46,62.15,-68.76,62.36,61.69,6.93,8.25,17.73,6.65,9.04,17.72,14.94,6.64,27.61,18.14,8.15,30.78,2.19,0.33,2.08,2.0,19.54,1.34,31.77
Komaram Bheem Asifabad ,Telangana,897,934,136,52.92,23.65,1024.43,916.98,83.05,56.42,97.83,93.55,54.03,85.76,92.87,63.55,-17.32,51.67,28.73,25.03,1.31,4.58,79.6,49.41,49.13,46.87,0.27,0.14,0.48,0.78,0.16,6.76,2.65,12.54,32.99,80.04,68.81,91.83,49.04,18.76,96.71,85.49,4120.59,81.88,82.03,55.73,5.74,83.38,27.24,68.44,16.6,76.16,-93.48,97.95,78.22,97.95,96.35,42.11,17.86,95.89,74.96,96.49,3.51,7.05,2.21,42.58,8.05,9.4,38.05,35.65,14.36,41.09,2.66,25.68,14.0,38.96,70.67,67.33,-65.81,67.28,74.5,3.94,3.81,8.42,6.21,4.75,11.62,13.3,5.51,21.81,17.31,7.75,27.18,0.9,0.25,1.16,12.76,37.67,2.97,38.41
Mahabubabad ,Telangana,888,903,121,55.01,21.81,1066.73,885.07,91.0,70.01,99.62,98.23,68.55,86.58,96.16,69.26,-25.77,58.04,34.7,28.29,0.51,6.63,92.76,75.44,74.73,68.9,4.6,0.0,0.41,0.27,0.0,4.69,2.15,16.32,59.5,87.77,67.74,93.98,52.09,32.35,98.1,91.51,3233.94,94.3,97.65,41.52,1.88,95.36,73.96,87.0,60.51,-76.13,-96.84,-89.65,-76.13,-87.41,-87.41,-21.39,-0.01,-87.41,73.62,-100.0,-0.01,11.15,1.46,50.45,3.7,3.36,32.98,19.29,5.19,26.31,3.57,18.58,23.74,48.04,81.07,63.03,-54.08,62.76,70.29,7.65,5.56,14.14,6.82,8.35,16.45,11.6,6.05,21.9,18.37,7.2,28.79,1.8,0.52,1.96,5.0,28.08,12.63,56.53
Mahabubnagar ,Telangana,907,1006,137,54.77,27.79,1035.06,788.53,91.93,72.58,99.38,99.64,73.72,85.89,94.06,70.27,20.19,59.59,40.35,23.4,1.98,9.15,95.64,71.97,70.12,67.98,0.0,0.3,0.08,0.44,0.0,2.73,1.68,31.38,48.31,86.23,62.6,90.22,69.13,45.46,98.7,84.94,2369.14,85.48,98.1,59.17,0.95,97.63,43.4,72.19,25.85,89.39,98.14,98.16,89.39,96.46,96.46,41.62,0.0,89.32,70.84,90.72,1.53,4.04,2.43,42.92,5.76,5.4,42.63,17.81,8.73,32.99,4.14,24.01,24.01,40.34,82.62,55.1,-44.89,54.69,61.17,4.89,4.7,10.78,6.41,7.01,14.18,14.02,5.6,24.19,16.47,6.45,26.45,2.19,0.0,1.39,7.47,25.3,8.02,42.85
Mancherial ,Telangana,890,846,118,58.44,19.45,1065.03,909.1,93.18,73.62,99.64,95.62,78.14,93.05,97.73,64.4,-16.1,69.45,48.75,13.98,0.89,3.68,88.07,55.28,55.28,53.93,0.5,0.16,0.17,0.0,0.17,11.26,2.86,9.48,32.99,86.65,64.7,89.56,68.05,49.03,93.57,87.67,-3040.98,85.32,90.07,33.94,3.98,96.9,67.85,92.61,46.75,-76.03,-87.4,-100.0,-82.97,-92.7,-87.46,-46.47,-4.88,-81.73,63.86,-75.75,-24.25,12.62,1.08,24.19,4.32,5.87,25.88,22.06,9.96,27.39,3.35,21.9,24.55,43.29,58.69,57.07,-43.34,56.67,62.32,6.65,5.98,14.19,6.49,7.12,16.11,14.65,6.73,27.89,19.45,8.46,32.03,1.84,0.16,1.9,6.45,22.38,1.91,44.06
Medak ,Telangana,881,883,128,52.26,23.43,1051.19,847.92,85.34,58.32,99.37,99.87,78.16,80.13,97.1,61.19,14.2,57.71,39.33,31.81,0.9,6.54,89.31,57.35,55.72,53.91,0.29,0.0,0.3,0.74,0.0,7.39,3.79,9.12,51.42,78.94,68.52,81.3,41.81,23.4,97.67,80.83,6139.48,89.82,98.87,62.19,1.13,92.93,51.31,76.1,37.63,-69.31,-91.05,-93.2,-72.01,-87.58,-82.74,-40.98,-21.02,-85.44,85.24,-100.0,-0.01,13.32,1.21,32.93,10.33,12.26,36.35,21.25,3.54,41.99,1.14,25.44,23.28,31.93,70.02,54.77,-43.34,54.44,57.74,5.7,7.04,14.01,6.92,10.9,19.45,13.71,6.64,26.65,15.72,8.36,28.89,3.99,0.43,2.72,6.42,26.22,23.79,53.98
Medchal-Malkajgiri ,Telangana,778,825,107,72.94,23.14,995.75,827.98,94.96,78.81,100.0,99.94,86.17,98.99,98.79,53.75,-19.82,79.52,59.33,10.17,1.11,3.08,97.13,76.42,72.42,65.82,0.84,0.91,1.37,1.31,0.62,3.72,2.04,25.36,57.85,89.38,69.62,92.24,60.82,31.79,96.19,90.64,3533.83,90.07,98.26,39.43,1.55,96.17,60.97,72.86,45.91,-76.11,-87.59,-87.05,-79.87,-88.41,-88.97,-36.53,-1.32,-88.41,69.54,-81.91,-18.09,6.44,4.05,42.89,9.74,10.91,33.36,11.98,4.98,25.04,1.22,15.2,41.79,51.67,73.78,57.35,-43.34,56.77,56.06,4.44,10.17,16.49,5.51,10.02,18.57,13.0,5.73,26.46,18.7,9.16,34.83,0.48,0.15,0.73,3.04,17.86,2.37,39.33
Nagarkurnool ,Telangana,896,915,136,51.14,23.79,1065.5,770.76,91.44,84.83,99.91,99.6,73.15,87.32,92.0,68.61,18.86,57.09,35.97,32.12,1.93,5.25,96.63,77.31,76.52,73.23,0.0,0.77,0.58,0.55,0.16,3.89,1.69,27.05,58.34,92.37,75.13,88.47,65.94,41.14,97.0,90.27,2974.7,90.99,98.02,56.18,1.98,94.48,52.99,73.68,39.45,81.09,-98.34,91.85,81.09,88.76,90.1,37.04,1.73,86.67,64.68,98.12,1.88,3.62,2.92,40.95,4.37,5.39,35.12,27.25,6.95,30.9,2.46,19.12,22.81,46.7,75.09,53.53,-43.34,54.02,62.06,4.45,6.42,12.5,6.98,6.81,14.53,12.9,6.49,24.55,16.95,6.25,27.26,1.95,0.2,2.64,6.15,30.83,11.82,55.45
Nalgonda ,Telangana,887,879,129,59.79,23.88,1016.58,883.18,80.4,79.27,99.88,99.24,76.36,94.6,87.45,64.79,11.5,62.6,40.9,28.16,1.03,6.0,96.85,78.45,77.16,75.07,0.0,0.43,0.48,0.72,0.0,2.04,1.2,23.56,62.78,90.45,65.72,91.82,66.79,40.12,98.65,92.22,4320.15,95.33,98.27,57.37,1.73,99.01,65.69,89.96,50.36,-78.27,-79.87,-94.11,-81.18,-91.2,-94.11,-32.5,-2.89,-91.2,72.64,-97.02,-2.98,4.56,5.2,48.46,-6.17,-7.1,31.67,29.8,14.47,27.97,1.69,15.53,28.5,50.57,74.5,54.19,-58.33,54.34,60.64,5.92,6.48,13.77,6.43,8.26,16.96,10.4,4.81,19.63,15.56,5.94,25.74,4.6,0.17,1.36,3.99,24.34,7.39,51.38
Nirmal ,Telangana,899,851,107,53.29,22.68,1170.6,1137.5,93.97,71.74,99.46,98.3,63.63,88.83,95.06,49.93,-11.5,58.58,40.91,23.34,1.78,9.64,78.73,59.32,58.49,53.79,0.33,0.64,0.99,0.43,0.15,6.7,3.63,9.2,39.37,85.22,69.65,91.22,58.67,34.63,96.94,87.15,5080.49,90.96,96.65,31.32,0.48,91.6,77.34,90.3,58.58,-75.34,-77.17,-100.0,-83.3,-89.53,-97.2,-50.1,-17.17,-87.69,84.14,-88.9,-5.93,7.84,0.0,20.89,10.24,10.47,31.67,18.13,6.59,33.36,1.43,26.94,22.5,32.04,65.29,58.05,-47.23,57.69,57.31,5.55,5.23,11.7,6.68,7.6,15.83,13.42,6.12,25.06,18.56,5.33,28.53,6.45,0.87,1.44,12.96,28.98,3.5,43.86
Nizamabad ,Telangana,891,891,107,54.33,23.66,1132.1,941.03,90.37,77.55,99.88,99.42,72.54,92.36,96.86,52.31,-17.79,63.07,42.44,23.71,2.08,3.84,88.79,60.28,56.83,52.4,0.0,0.0,1.23,1.48,0.43,9.38,5.18,8.58,60.36,87.9,78.53,80.0,40.93,28.16,96.16,79.48,5262.44,85.85,97.3,46.44,0.97,91.84,66.68,90.02,44.98,86.11,81.49,95.04,87.76,96.69,95.3,57.87,13.42,94.37,82.99,96.48,3.52,16.23,1.11,25.6,17.96,18.36,30.49,26.18,4.32,38.41,2.83,21.04,27.51,41.9,65.27,57.69,-38.91,56.96,65.21,5.09,6.11,13.45,6.29,7.66,15.61,13.61,6.72,27.13,18.13,9.08,31.22,5.0,0.38,1.35,8.6,20.63,9.76,40.19
Peddapalli ,Telangana,892,861,142,61.27,18.13,1027.61,913.06,87.89,69.8,99.54,97.98,77.81,96.58,97.75,59.14,-12.47,73.7,46.63,13.57,0.7,4.62,93.2,66.14,64.76,59.96,3.26,0.11,0.52,0.32,0.31,8.32,3.08,16.87,44.47,83.52,77.88,87.04,60.95,41.9,92.91,87.62,3849.71,89.76,96.47,45.83,0.0,96.22,71.64,88.83,58.16,-73.14,-79.38,-100.0,-76.1,-97.04,-97.04,-34.92,-0.01,-94.45,66.31,-100.0,-0.01,11.56,2.01,26.27,-14.04,13.79,27.48,28.75,15.61,33.09,1.57,16.51,26.11,47.75,69.55,64.57,-43.34,64.56,78.31,4.24,7.52,13.68,7.29,7.7,16.83,13.39,6.42,27.69,21.8,8.17,34.66,4.87,0.33,3.53,4.63,21.59,4.16,47.49
Rajanna Sircilla ,Telangana,907,901,125,56.38,21.25,1167.41,1115.29,91.17,76.69,99.82,98.69,77.42,96.63,98.53,62.81,-9.05,64.7,46.35,13.24,1.89,3.04,92.23,60.67,59.27,49.93,5.93,0.0,0.34,1.75,0.28,9.86,2.9,18.91,59.98,90.35,67.06,96.32,55.17,34.01,98.97,89.92,3065.09,90.13,97.55,37.68,1.21,95.4,77.22,90.85,60.59,84.1,85.07,96.44,86.12,94.42,94.81,41.89,1.47,92.8,73.31,96.75,3.25,6.08,2.08,32.48,8.14,7.76,22.42,19.37,8.92,26.07,2.34,18.58,23.83,43.08,65.73,56.59,-36.62,55.99,61.35,6.52,5.11,13.19,6.16,11.39,20.27,15.85,7.34,30.2,19.47,8.02,35.95,6.87,1.21,3.25,8.5,19.37,6.13,49.88
Ranga Reddy ,Telangana,852,935,104,68.57,24.06,1022.3,963.97,93.37,72.83,99.74,99.41,81.1,97.0,98.18,58.29,19.82,72.13,51.44,29.03,1.08,5.15,95.29,72.62,69.69,67.56,0.1,0.28,0.73,0.72,0.14,4.78,2.15,18.73,53.39,95.51,75.09,90.3,48.23,26.6,95.26,89.82,3498.72,89.96,97.17,48.19,1.23,92.74,57.75,75.69,42.92,85.76,91.9,94.13,85.76,89.24,87.62,30.48,0.0,87.81,67.75,92.84,7.16,5.31,1.09,40.34,7.59,7.23,37.77,13.9,5.12,29.47,3.99,14.87,40.62,47.93,75.81,53.61,-44.81,53.24,57.96,5.21,8.27,15.25,6.31,11.0,19.55,14.8,7.9,28.47,21.27,9.33,35.02,0.48,0.13,1.0,4.47,18.94,6.65,46.84
Sangareddy ,Telangana,892,911,119,60.19,24.52,1052.87,1038.96,79.65,71.54,99.55,99.35,68.01,81.06,97.48,58.14,19.35,63.63,41.47,30.6,1.22,4.38,92.21,62.32,61.68,56.77,0.3,0.56,1.98,1.05,0.07,8.48,4.19,10.15,47.5,82.78,66.38,89.46,43.95,21.56,98.28,84.67,4718.24,89.04,92.96,63.21,4.41,95.08,43.18,71.58,34.63,78.49,-76.25,94.99,81.37,90.18,89.66,26.53,15.81,80.52,74.02,98.05,1.95,12.31,0.77,32.22,2.67,6.37,32.85,25.01,5.94,35.06,2.96,19.99,29.44,38.39,66.98,47.86,-63.87,48.34,59.52,4.37,5.25,11.25,6.26,8.74,16.34,14.92,6.28,25.66,19.26,10.33,32.59,1.23,0.69,2.42,5.4,27.31,11.2,39.72
Siddipet ,Telangana,883,832,116,60.8,22.03,1061.68,975.69,89.97,71.83,99.54,97.24,84.14,93.15,98.48,60.93,-14.68,70.96,51.3,19.01,0.0,0.98,88.36,59.82,59.4,54.5,0.87,0.7,1.27,1.26,0.0,9.56,3.66,11.57,46.72,86.12,62.62,89.77,60.6,41.48,98.87,74.05,5528.25,85.91,99.65,47.32,0.35,90.45,68.96,81.16,55.97,-63.05,-81.45,-93.01,-65.05,-84.16,-88.55,-39.97,-13.42,-81.18,81.02,-95.26,-4.74,8.3,3.11,34.89,13.56,14.14,28.06,19.31,4.71,29.57,1.53,17.85,26.81,42.75,63.51,56.9,-43.34,56.69,76.58,3.95,8.35,14.73,7.86,10.38,19.99,11.47,6.57,26.64,19.03,9.22,36.85,5.05,1.01,3.48,5.2,23.2,8.3,50.25
Suryapet ,Telangana,893,851,125,57.44,18.86,1031.67,979.86,92.74,70.1,99.43,99.78,77.94,94.54,93.02,63.13,-17.04,63.48,42.53,29.47,1.16,6.18,95.54,78.2,77.93,75.88,0.44,0.0,0.42,0.3,0.0,4.03,2.34,16.58,36.9,92.72,70.42,87.07,67.05,38.92,99.66,88.61,3614.7,88.68,95.94,40.54,4.06,94.22,77.03,88.43,69.14,-70.37,-79.34,-88.24,-74.23,-84.51,-85.4,-25.61,-0.01,-80.51,70.18,-92.07,-7.93,4.63,4.34,22.52,-9.51,-15.05,29.14,24.9,8.82,30.05,2.84,15.98,33.92,45.02,76.6,58.07,-39.78,57.48,64.51,8.11,8.19,17.72,9.03,12.2,23.85,12.65,6.15,25.18,17.07,5.79,27.34,5.26,0.37,4.07,3.04,20.76,6.06,46.67
Vikarabad ,Telangana,880,929,132,53.07,24.86,998.31,774.64,91.61,57.61,99.06,99.73,66.72,75.98,89.14,59.56,6.44,59.32,38.34,39.76,2.02,9.96,93.25,69.75,69.75,68.68,0.0,0.28,0.0,0.43,0.0,4.6,2.99,8.57,36.52,77.97,54.82,83.17,37.21,24.4,98.7,80.77,3200.73,86.89,95.01,54.9,2.04,86.71,47.97,69.5,36.59,86.21,88.69,98.43,87.72,90.73,93.61,33.88,3.4,89.24,66.05,98.44,1.56,13.02,2.53,39.72,10.81,11.14,32.12,19.99,5.79,37.12,0.77,25.59,25.67,38.15,69.98,61.26,-43.34,61.0,61.96,4.76,4.11,10.78,5.72,7.47,14.29,14.98,7.81,27.04,17.92,8.88,30.28,2.81,0.14,0.6,11.58,29.17,17.0,44.66
Wanaparthy ,Telangana,902,965,146,49.34,24.75,1018.45,987.18,90.46,75.72,99.23,99.42,75.86,88.88,93.5,70.14,9.49,52.05,37.01,32.6,4.57,4.73,95.5,77.3,75.68,74.41,0.0,0.15,0.28,0.29,0.0,3.55,2.08,22.29,36.59,91.35,62.77,92.63,64.25,38.75,100.0,87.58,2989.07,83.62,98.95,51.39,1.05,96.64,50.86,68.31,35.75,-86.95,-94.7,-97.27,-86.95,-91.91,-97.27,-30.44,-0.01,-86.91,71.42,-100.0,-0.01,4.99,1.68,43.45,-1.84,7.52,40.42,15.07,4.37,33.22,4.92,24.6,23.54,37.13,75.3,58.52,-63.45,58.67,65.17,5.94,7.04,13.9,7.36,7.69,16.54,13.51,4.81,22.54,16.14,5.81,25.52,3.27,0.26,2.15,8.92,27.45,8.72,48.65
Warangal Rural ,Telangana,904,830,123,51.84,17.25,1070.14,697.63,82.57,70.32,99.7,98.96,74.34,87.77,97.36,71.98,-22.57,60.14,39.98,22.85,1.81,12.87,93.52,59.96,57.5,47.03,8.73,0.0,0.76,0.29,0.33,9.35,2.41,16.29,53.5,86.8,70.42,82.28,51.91,35.19,98.73,93.78,3712.59,90.49,100.0,63.12,0.0,94.5,71.76,84.07,64.57,-79.0,-83.56,-92.99,-79.0,-92.99,-92.99,-39.31,-0.01,-92.99,83.69,-100.0,-0.01,14.38,4.58,33.79,-5.58,-5.11,36.13,18.95,8.9,37.94,2.37,22.63,26.37,45.61,71.53,59.22,-61.48,59.32,64.29,6.55,7.6,15.63,6.49,9.97,18.05,15.38,6.24,26.31,17.39,8.47,29.42,5.48,1.05,3.8,2.8,23.24,6.49,54.36
Warangal Urban ,Telangana,888,900,138,70.26,20.2,1086.94,829.37,82.37,77.71,99.62,99.13,81.2,94.55,96.59,61.99,-11.62,76.91,57.16,22.67,1.26,4.29,96.43,67.65,64.38,50.1,11.18,0.38,0.69,1.21,0.0,8.88,3.17,27.79,49.43,88.38,71.31,96.18,63.69,38.93,96.39,92.63,2824.87,92.27,99.7,41.9,0.0,93.04,69.31,87.87,44.2,-70.09,-86.76,-89.23,-72.69,-83.33,-91.83,-54.88,-1.58,-79.96,78.54,-91.36,-8.64,8.71,4.34,29.76,-5.51,9.34,29.54,29.5,12.58,36.02,4.35,16.83,31.96,50.74,67.02,57.8,-43.34,57.85,54.9,7.7,7.31,17.09,7.9,8.92,19.0,10.77,5.6,24.45,17.61,8.46,32.66,1.41,0.0,0.38,1.46,13.95,2.86,43.32
Yadadri Bhuvanagiri ,Telangana,896,947,155,59.13,23.04,1071.12,953.53,93.81,71.07,99.57,99.73,81.94,94.87,98.65,65.25,27.21,68.38,47.95,21.58,3.01,1.65,94.81,76.19,74.96,72.28,0.16,0.31,0.0,0.71,0.15,4.97,2.03,20.63,58.45,92.12,67.23,91.53,60.5,35.69,97.93,93.21,3082.48,94.94,97.68,54.92,1.21,94.05,68.18,80.77,61.25,76.71,84.33,95.16,80.2,87.17,89.95,37.89,5.08,87.03,69.61,97.04,2.96,6.0,1.1,43.72,4.45,3.89,38.28,10.27,2.99,27.22,5.45,19.36,24.59,48.84,65.31,54.25,-38.52,53.78,60.08,6.13,6.92,14.63,6.85,9.61,17.99,12.49,6.78,24.84,19.07,8.79,32.3,2.38,0.22,2.14,5.62,22.19,12.93,58.39
Dhalai ,Tripura,920,979,130,74.84,27.16,1034.03,1160.17,94.19,80.96,97.73,70.3,67.56,33.95,98.74,44.2,11.88,71.63,13.87,38.89,0.26,26.91,63.19,80.85,53.29,8.64,0.0,0.32,38.97,2.28,0.13,3.99,1.84,3.85,50.77,58.07,52.02,97.82,26.0,8.75,90.71,72.36,4010.42,73.14,87.26,84.46,0.46,87.71,10.11,39.56,10.08,73.72,76.66,97.59,73.72,88.99,90.2,29.08,68.4,86.21,58.19,100.0,0.0,4.89,1.49,44.03,14.9,14.31,45.74,15.85,7.71,27.62,13.11,15.87,19.1,67.68,81.2,69.73,-75.43,69.99,65.43,8.45,5.7,14.54,7.78,8.35,16.98,9.04,3.53,14.53,11.51,4.03,17.36,0.57,0.43,0.46,55.16,61.26,7.49,40.19
Gomati ,Tripura,889,851,109,80.06,24.15,1011.39,1042.79,92.94,70.79,98.75,87.66,77.44,47.71,99.0,29.94,30.89,77.15,22.77,42.75,0.0,24.37,71.47,65.45,48.7,8.63,0.14,0.0,37.12,2.15,0.0,12.14,3.7,13.11,40.22,54.01,40.63,91.69,22.03,6.62,91.13,66.31,10953.72,68.58,93.2,89.97,0.46,94.06,23.6,39.56,23.37,-67.05,-85.11,-91.8,-75.64,-83.93,-89.87,-16.73,-34.8,-80.6,74.55,-95.13,-0.01,9.78,1.64,24.81,13.37,12.55,22.67,27.62,11.19,29.02,3.4,14.14,19.55,72.48,70.74,62.57,-52.77,62.25,63.19,7.92,7.47,16.76,8.37,8.01,17.38,10.48,3.62,19.78,13.1,3.44,21.38,0.7,0.44,1.17,49.64,55.82,9.35,33.7
Khowai ,Tripura,908,872,137,81.27,23.53,1058.71,959.03,94.81,83.88,98.97,83.19,67.79,41.48,100.0,44.14,-21.29,80.46,18.87,28.28,0.0,24.27,69.17,79.86,49.86,9.53,0.0,0.2,36.19,1.75,0.0,4.12,2.22,8.73,34.71,57.17,41.5,96.75,37.98,16.58,97.67,59.66,7328.07,62.89,95.72,90.7,1.62,95.19,27.82,39.56,25.62,-60.65,-65.83,-96.08,-60.65,-87.65,-85.7,-22.48,-63.68,-85.65,68.13,-100.0,-0.01,0.71,2.01,20.92,12.27,12.88,47.01,16.57,6.18,24.73,8.13,18.72,15.41,62.71,73.36,63.73,-63.69,63.73,64.78,9.92,6.95,17.78,10.26,7.55,18.3,11.3,5.24,19.01,14.63,4.98,21.37,0.18,0.0,0.0,51.32,61.89,9.63,40.34
North Tripura ,Tripura,909,1039,125,86.36,26.2,1040.17,913.2,93.45,85.92,96.21,75.58,74.13,41.6,99.2,28.65,25.06,83.12,23.68,34.19,0.64,11.94,74.15,78.29,54.35,10.91,0.08,1.1,35.31,4.61,0.0,6.05,2.51,13.54,62.22,75.46,67.1,95.04,17.29,3.83,93.84,76.55,4417.73,77.36,85.36,65.19,1.3,86.66,18.24,42.78,14.74,69.59,67.91,93.08,74.13,77.51,74.55,9.49,50.92,74.55,61.64,97.57,0.0,5.65,0.68,61.08,12.63,11.81,26.24,29.99,18.07,32.15,8.96,18.57,16.8,56.0,52.49,69.58,-55.31,69.25,72.27,10.58,7.28,18.27,12.8,9.15,22.94,9.83,4.51,18.8,10.26,5.22,19.32,0.21,0.0,0.0,52.46,63.95,6.12,33.52
Sepahijala ,Tripura,888,892,121,78.85,23.43,1021.45,929.7,95.3,67.36,98.96,97.38,75.38,37.11,99.72,31.6,-17.58,79.61,21.73,51.92,0.45,26.55,68.34,58.94,44.18,10.92,0.0,0.81,26.25,2.74,0.68,15.34,3.89,9.8,39.59,61.93,52.78,90.19,18.78,6.77,93.0,72.06,8388.96,70.13,87.73,81.73,1.07,87.17,21.81,39.56,21.32,-70.3,-78.6,-97.64,-78.05,-89.61,-84.72,-18.84,-60.76,-86.75,80.78,-97.39,-0.01,9.87,0.43,46.4,11.93,12.81,34.54,14.89,6.71,20.99,12.36,13.88,24.21,72.68,72.11,69.84,-55.75,69.39,70.41,8.67,8.62,18.19,9.99,11.29,22.24,9.94,4.34,19.31,11.3,3.29,19.93,0.93,0.22,0.42,47.6,50.37,8.08,29.49
South Tripura ,Tripura,888,866,96,80.43,24.51,1053.88,1135.65,91.74,75.19,95.88,90.51,68.61,29.44,99.29,37.28,-23.56,80.25,21.64,46.23,0.88,23.1,49.6,50.68,40.31,4.64,0.0,0.39,27.85,4.0,0.83,17.26,3.72,12.95,28.3,54.2,58.42,89.42,29.52,13.31,84.58,67.99,7198.56,67.65,89.72,80.93,0.66,88.56,20.37,39.56,16.1,-48.45,-65.62,-88.95,-57.32,-81.11,-83.69,-19.25,-55.63,-72.72,75.15,-100.0,-0.01,11.27,3.15,15.76,10.47,9.88,25.53,15.27,5.17,21.64,5.04,16.8,22.82,51.93,59.64,66.8,-57.07,66.51,70.76,8.34,8.06,18.24,9.69,8.92,20.42,11.35,4.91,22.35,14.52,4.58,24.17,1.38,0.51,1.83,51.03,54.26,5.55,30.5
Unakoti ,Tripura,904,950,121,81.57,27.41,1079.1,1036.36,91.68,71.08,96.39,78.56,61.75,29.19,99.3,28.01,26.19,76.35,18.7,37.97,0.37,21.15,56.76,66.79,40.18,6.18,0.08,0.61,29.62,1.37,0.44,9.7,3.65,5.4,21.89,40.98,24.59,95.55,31.64,14.26,89.35,44.5,7693.41,46.68,71.5,55.39,2.94,66.03,11.17,42.93,7.68,58.26,-66.71,85.08,62.95,78.04,83.58,16.84,57.34,74.75,73.7,-96.7,-1.46,6.15,1.61,21.74,8.78,9.36,31.77,19.34,3.96,31.97,1.94,25.96,16.6,53.79,62.8,67.37,-76.74,67.86,72.94,8.56,8.02,16.9,10.97,8.52,19.92,10.92,5.17,21.01,12.81,5.31,22.08,0.37,0.0,0.0,54.93,59.67,3.39,23.33
West Tripura ,Tripura,903,865,151,85.31,20.15,936.77,1047.64,94.94,88.14,99.82,98.49,80.21,65.16,99.81,28.12,-32.28,86.19,30.9,37.11,0.0,20.24,81.54,80.09,53.85,15.61,0.0,0.23,32.52,4.62,0.18,2.49,0.85,9.43,42.09,78.71,61.22,99.33,31.78,7.08,98.14,87.7,5555.63,88.69,95.27,79.75,1.63,96.9,47.67,-94.2,41.44,-88.41,-93.71,-100.0,-88.41,-94.06,-94.06,-33.59,-74.72,-91.67,72.99,-93.6,-6.4,2.43,0.49,37.95,-17.29,18.6,30.3,11.73,2.13,21.18,8.72,13.67,26.81,61.57,54.5,67.63,-56.19,67.25,64.94,8.39,9.31,18.72,7.94,8.9,18.14,12.73,6.56,25.06,15.44,7.22,27.14,0.64,0.63,0.38,47.71,55.19,3.5,33.01
Saharanpur ,Uttar Pradesh,966,1318,183,69.29,28.51,984.27,1022.28,85.35,60.24,98.32,99.73,83.8,56.58,96.16,11.79,7.79,73.79,38.23,7.01,4.66,1.33,76.69,73.69,48.85,9.46,0.34,0.75,4.46,32.83,0.69,4.34,1.64,18.69,-69.61,78.72,52.44,97.43,25.69,7.49,96.76,83.58,4537.12,79.11,81.65,53.53,5.29,86.94,15.43,37.56,9.09,89.16,93.41,97.28,90.96,92.94,93.71,35.73,56.87,91.96,82.73,93.72,4.49,6.1,3.86,26.68,5.41,5.59,28.82,21.99,12.89,26.73,1.92,12.82,16.35,79.09,68.13,41.81,-30.14,41.38,46.85,4.76,3.24,8.76,8.71,2.53,11.55,15.45,6.53,23.02,18.2,5.65,24.28,0.15,0.11,0.17,2.42,30.69,0.49,14.08
Bijnor ,Uttar Pradesh,949,1348,178,69.64,30.74,1059.01,950.71,85.68,51.46,96.14,99.71,78.21,45.8,95.11,18.82,14.84,74.11,39.66,5.18,3.69,1.15,76.95,68.11,47.3,11.33,0.0,0.69,3.15,30.43,0.39,5.01,1.74,25.0,-76.03,68.71,48.8,93.84,21.8,6.19,95.97,82.4,2239.71,81.87,83.69,30.59,6.5,89.37,22.4,40.09,3.65,90.56,96.67,96.72,90.56,92.63,92.63,35.37,86.98,92.63,78.21,89.56,1.2,3.15,1.65,31.29,6.93,6.84,36.16,9.41,2.03,21.87,2.68,16.99,28.02,51.93,60.91,45.92,47.0,45.96,46.83,4.14,6.56,11.26,6.17,6.81,13.26,13.23,4.49,19.66,16.81,5.88,24.33,0.0,0.0,0.17,3.61,36.49,0.15,15.13
Rampur ,Uttar Pradesh,876,1092,145,57.56,31.08,1021.86,968.28,71.51,42.57,96.21,100.0,79.01,46.18,90.07,13.07,13.22,59.33,26.87,10.45,3.49,3.54,74.31,56.76,29.98,9.31,0.0,0.28,2.34,17.0,0.77,12.0,5.78,14.3,-68.85,73.76,50.36,94.54,32.7,12.49,97.83,72.46,2245.14,72.49,81.01,44.73,3.59,81.05,16.68,40.04,4.81,79.39,81.94,96.06,80.65,88.67,91.7,31.43,61.77,88.67,56.9,97.07,1.34,5.01,5.33,39.55,7.67,6.93,40.35,17.55,5.86,32.12,2.09,13.55,20.59,60.13,69.59,55.73,51.15,55.44,59.34,6.55,5.54,12.39,7.51,6.01,14.38,10.68,5.09,17.67,15.54,4.58,21.03,0.36,0.18,0.37,4.94,36.14,0.12,14.62
Jyotiba Phule Nagar ,Uttar Pradesh,973,1411,165,63.72,32.53,1000.74,860.1,78.06,48.68,96.35,99.68,78.85,45.43,90.4,8.3,6.1,64.39,35.39,11.63,4.67,4.02,74.03,65.67,45.31,12.99,0.0,0.82,2.79,26.65,1.41,6.84,2.43,31.67,72.6,70.44,43.87,87.18,23.47,4.24,95.05,77.68,1735.88,79.48,81.06,31.29,6.17,86.66,20.3,36.42,6.94,72.9,91.11,95.27,78.03,86.11,84.35,33.62,61.06,85.18,76.44,92.48,0.0,5.47,0.42,30.25,17.86,16.82,42.24,22.53,12.53,35.43,4.62,15.98,19.69,72.8,69.57,47.93,40.43,47.56,51.7,2.76,3.42,6.34,6.92,3.9,11.13,13.38,4.23,19.13,18.51,5.16,24.62,0.0,0.18,0.18,4.35,38.89,0.37,14.39
Meerut ,Uttar Pradesh,918,1212,169,73.99,30.32,967.07,925.79,80.18,59.0,98.62,99.72,82.65,68.47,96.16,18.38,13.8,80.17,47.32,7.55,5.35,2.41,83.6,72.44,48.83,14.15,0.08,1.83,2.22,29.05,1.14,5.63,2.74,28.17,82.81,73.37,49.87,92.49,35.51,13.75,95.66,81.24,1725.74,81.15,80.61,25.72,8.28,88.81,19.93,29.91,13.68,82.49,92.2,97.8,83.31,91.6,92.42,36.65,79.53,91.6,79.29,89.81,1.33,2.78,1.96,27.2,6.78,8.69,32.1,10.17,2.14,23.65,1.26,12.75,38.46,53.06,55.21,45.49,44.88,45.46,45.06,5.81,7.81,14.42,7.26,7.94,16.01,12.6,5.49,19.98,17.35,7.58,26.16,0.16,0.0,0.0,2.62,24.4,0.18,13.71
Baghpat ,Uttar Pradesh,930,1304,203,71.62,29.78,937.66,818.4,75.65,65.43,98.54,99.85,87.01,51.47,96.59,12.45,3.77,78.13,43.97,8.08,5.28,2.67,81.35,71.68,45.22,15.6,0.0,2.33,3.6,22.53,0.35,5.15,2.13,19.78,74.96,79.39,42.36,93.05,33.77,8.55,96.09,79.14,2000.65,82.25,80.86,44.03,3.6,82.34,12.58,23.67,8.77,83.87,92.97,92.84,86.4,91.52,87.66,30.51,81.15,91.52,73.46,92.85,0.0,4.04,0.63,18.28,10.62,9.12,25.49,10.26,3.9,25.97,1.69,14.9,34.51,54.73,60.17,52.6,-70.69,53.3,56.46,5.78,5.65,11.81,5.96,6.41,12.67,13.31,6.01,21.35,17.99,6.0,25.54,0.16,0.0,0.0,4.71,31.82,0.27,12.88
Gautam Buddha Nagar ,Uttar Pradesh,713,863,95,78.04,28.52,896.91,735.05,84.13,68.6,99.41,99.89,74.01,75.04,97.22,23.76,21.8,80.6,51.89,13.51,2.89,2.12,89.62,76.27,55.89,24.15,0.16,3.19,2.33,24.96,0.69,5.31,2.39,23.68,66.97,75.32,52.74,96.09,34.06,19.51,97.59,85.43,3626.13,84.0,86.58,32.43,3.54,90.12,19.75,31.1,8.95,68.22,-90.43,94.62,69.65,86.36,87.64,26.56,73.96,86.36,72.28,82.98,6.51,4.74,5.2,33.41,7.39,6.88,25.48,12.02,3.48,21.91,0.63,15.04,34.66,53.26,62.85,59.33,-61.86,59.43,57.78,6.94,6.95,14.79,6.78,9.39,17.19,9.83,4.04,16.38,13.99,5.29,20.88,0.23,0.0,0.18,2.95,29.65,0.15,17.29
Bulandshahr ,Uttar Pradesh,924,1105,140,67.74,31.31,978.71,840.95,73.75,66.22,96.25,100.0,81.45,48.4,95.71,20.53,5.92,72.11,37.75,12.84,4.83,5.52,79.02,72.93,40.37,13.72,0.27,1.89,1.44,22.29,0.52,5.05,1.79,19.64,-63.98,78.28,47.61,94.79,30.35,7.84,97.1,82.52,1708.87,82.78,83.5,49.1,5.06,86.68,16.96,39.98,6.53,67.29,84.72,92.85,70.87,80.02,77.89,33.61,65.6,81.04,69.63,92.49,0.49,5.38,1.75,21.71,9.9,8.89,37.64,13.83,2.57,26.47,2.94,15.81,32.22,46.38,64.09,51.5,61.21,52.01,53.99,6.71,5.67,12.81,6.9,7.48,14.86,12.99,6.37,21.24,18.81,6.51,26.22,0.0,0.19,0.0,4.11,34.44,0.18,17.23
Aligarh ,Uttar Pradesh,883,1073,145,67.95,32.1,1030.99,1030.28,64.63,56.23,95.31,100.0,69.39,51.42,96.93,17.61,8.31,68.71,37.48,15.84,3.88,4.5,79.55,68.24,39.67,12.67,0.22,2.69,2.26,20.29,1.32,6.39,1.58,27.65,68.98,69.49,44.68,93.87,25.23,12.62,98.06,82.08,2638.2,80.25,82.58,49.23,2.91,85.53,18.65,45.55,7.03,70.06,83.92,93.27,72.41,78.6,81.77,40.55,69.46,77.61,69.38,89.65,3.69,5.55,3.24,43.36,9.06,9.94,35.04,10.86,4.04,26.27,2.0,18.58,29.42,42.89,62.55,56.39,-59.03,56.51,52.47,7.37,5.3,13.09,7.83,6.14,14.86,11.84,4.28,18.15,16.3,4.05,21.97,0.17,0.42,0.0,5.14,37.0,0.11,16.88
Mahamaya Nagar ,Uttar Pradesh,946,1234,146,67.87,31.89,1029.3,988.56,54.28,36.31,94.94,98.98,73.27,46.45,93.86,10.91,10.01,68.66,39.06,28.09,4.84,5.65,66.92,57.52,37.51,14.63,0.0,2.39,3.31,15.15,1.09,13.81,4.8,14.28,56.25,49.08,27.8,87.86,15.02,6.46,89.95,50.76,2895.86,51.76,80.31,53.96,5.04,82.45,13.86,40.66,5.84,71.55,79.46,95.1,76.05,85.16,88.42,40.12,27.55,72.63,61.67,92.46,4.2,11.52,7.56,34.74,5.27,5.89,39.08,12.03,4.7,24.54,3.69,15.88,23.79,52.9,72.08,58.11,60.95,58.24,60.94,3.61,3.27,7.58,5.19,4.54,10.91,13.56,6.27,22.42,17.48,7.32,26.43,2.37,1.7,2.24,7.96,43.31,0.49,12.94
Mathura ,Uttar Pradesh,935,1175,162,68.39,32.68,934.52,930.04,63.61,34.29,98.18,98.44,71.22,47.34,90.34,10.77,12.75,67.93,34.66,21.29,6.04,6.37,74.67,58.19,43.12,23.52,0.0,1.76,2.4,13.95,0.35,12.88,4.66,16.68,51.44,59.27,39.3,87.02,14.05,3.72,89.84,62.81,2650.12,67.19,79.48,36.85,4.33,81.51,15.65,32.25,5.17,73.59,80.53,98.25,74.98,91.65,90.28,43.15,23.93,84.41,69.67,91.84,3.23,9.3,6.36,24.54,2.39,2.58,31.58,10.98,3.15,21.29,2.06,18.06,25.37,52.83,77.16,63.48,55.16,63.01,67.77,3.88,2.78,7.85,4.75,4.98,10.22,13.0,6.19,21.14,17.06,7.14,25.42,0.7,0.46,0.2,9.27,42.87,0.05,13.01
Agra ,Uttar Pradesh,944,1226,159,69.4,30.47,951.72,901.72,76.09,50.09,99.06,99.77,70.78,67.51,93.1,9.4,9.56,64.97,36.14,17.92,3.29,3.54,76.49,67.73,47.08,19.96,0.08,2.44,4.15,18.67,1.38,8.96,4.01,12.81,53.6,62.06,42.65,91.08,20.87,11.34,85.89,77.2,1879.35,75.23,89.08,42.98,1.44,90.1,18.8,31.55,9.89,74.06,78.24,99.12,75.82,92.2,96.42,48.42,45.57,91.26,71.86,87.46,5.66,6.76,4.47,19.45,10.69,10.57,35.85,16.43,4.64,26.17,3.44,15.37,25.21,58.64,72.97,59.36,-61.81,59.44,61.44,3.67,3.18,7.16,4.28,3.5,8.17,10.29,5.19,16.8,16.39,4.14,20.94,0.27,0.29,0.44,8.89,46.05,0.61,20.9
Firozabad ,Uttar Pradesh,951,1178,181,72.45,31.89,950.31,870.87,65.41,34.46,96.3,99.42,69.01,53.5,88.0,13.4,10.94,74.35,42.44,24.75,4.75,3.6,69.97,66.86,34.63,15.01,0.0,1.16,2.34,14.73,0.37,9.19,3.18,18.27,47.12,58.29,39.25,84.69,14.9,4.6,92.72,73.71,1791.23,72.02,80.07,56.35,4.19,83.34,10.67,38.48,2.74,67.14,72.93,94.91,72.07,79.44,79.68,28.5,19.71,75.07,52.92,91.5,2.57,7.04,3.9,28.37,8.28,6.78,46.91,9.51,3.78,25.58,4.79,18.75,24.34,49.06,73.91,57.68,45.79,57.08,61.82,4.46,2.52,7.46,5.49,3.19,9.35,11.85,4.98,18.07,15.18,4.65,20.45,0.2,0.2,0.0,5.23,45.64,0.3,17.74
Mainpuri ,Uttar Pradesh,976,1258,168,74.56,30.86,1015.93,837.36,63.36,46.61,95.15,99.59,63.1,39.79,74.93,16.13,14.85,78.35,45.78,16.04,5.47,3.98,71.25,80.14,46.39,10.76,0.22,1.25,2.43,29.18,1.07,4.44,1.62,21.44,76.48,63.65,38.13,92.0,16.18,2.95,95.57,63.3,2390.38,66.91,82.65,59.7,2.2,84.65,8.21,30.08,2.19,74.98,87.66,94.5,80.52,86.07,89.15,32.61,22.05,79.44,68.27,93.47,3.38,5.65,4.91,30.28,10.95,10.07,44.26,14.57,6.67,33.59,4.03,15.31,21.74,48.01,70.4,58.21,48.4,57.78,61.36,4.4,3.56,8.42,6.25,3.65,10.18,9.69,3.26,14.44,13.65,3.32,17.92,0.97,0.38,0.0,2.93,41.33,0.5,15.24
Bareilly ,Uttar Pradesh,874,1088,99,55.75,31.28,964.87,1084.39,73.11,55.85,92.45,100.0,79.71,54.56,93.49,18.67,3.32,54.71,22.07,11.36,3.46,5.63,71.94,68.76,43.47,16.7,0.39,0.82,3.25,21.47,0.26,5.88,1.78,27.64,-59.91,72.17,43.05,96.86,18.0,6.06,94.83,75.24,1918.74,75.35,75.05,40.28,3.5,77.79,15.49,37.92,5.74,70.45,-91.01,95.42,73.0,85.76,88.66,38.49,57.42,85.76,80.16,91.85,4.97,4.41,2.51,42.7,11.07,10.49,45.87,15.4,5.59,35.24,1.39,18.24,25.03,51.93,67.72,61.34,-50.89,60.8,66.17,3.63,5.44,9.65,5.68,5.53,11.78,10.93,4.23,16.35,11.99,4.74,17.61,0.2,0.0,0.0,5.45,39.29,0.14,17.81
Pilibhit ,Uttar Pradesh,898,1040,142,60.14,29.59,921.6,813.73,74.17,66.56,86.83,100.0,76.81,48.05,91.19,21.4,8.94,59.31,28.47,16.23,1.43,4.57,71.06,74.14,45.53,14.4,0.0,0.75,1.35,27.39,0.4,4.86,2.5,20.8,-53.22,67.49,43.58,91.13,26.33,4.84,98.78,72.59,1458.17,71.18,76.19,50.17,6.15,80.23,18.95,54.15,9.7,92.27,90.42,97.03,92.27,93.96,95.59,34.75,70.15,87.28,78.11,97.18,1.52,8.55,3.7,29.08,10.08,8.89,38.86,20.08,7.54,39.42,1.36,16.44,21.36,50.89,57.26,52.59,-40.07,52.0,58.37,4.98,5.03,10.83,6.42,6.62,13.33,11.75,5.51,19.48,11.38,5.4,17.46,0.88,0.23,0.42,4.91,38.24,0.19,15.49
Shahjahanpur ,Uttar Pradesh,980,1286,220,63.16,34.4,976.88,1063.79,64.91,43.0,84.05,100.0,69.21,40.4,79.77,14.24,6.1,59.47,27.73,20.93,4.24,4.59,59.55,70.31,46.41,10.01,0.0,2.08,5.9,26.1,1.69,6.4,2.58,27.8,74.2,61.38,35.32,95.18,24.45,5.77,98.19,62.78,1394.13,63.55,63.25,47.75,5.68,68.32,8.61,42.24,4.33,76.5,84.53,97.27,80.82,88.14,89.11,35.41,48.64,87.27,76.73,97.2,2.8,5.75,7.33,27.61,5.7,6.69,44.48,16.95,8.11,34.73,3.16,17.83,17.15,53.95,75.41,60.57,56.04,60.32,58.73,4.45,4.27,9.1,3.93,2.47,6.67,11.24,4.09,16.08,11.07,2.96,14.47,0.19,0.19,0.22,6.64,49.04,0.19,20.4
Kheri ,Uttar Pradesh,971,1280,169,66.32,32.44,998.04,900.96,76.08,42.65,84.15,99.92,65.61,35.91,92.06,22.01,5.27,61.99,28.71,19.71,2.02,3.56,58.08,54.93,37.85,20.81,0.0,1.48,1.39,11.16,0.33,16.1,6.1,28.02,64.56,53.9,47.98,89.85,12.03,7.81,93.63,60.46,2126.05,55.72,82.77,68.02,3.65,81.24,14.24,65.83,6.66,69.49,76.18,88.28,69.49,77.49,78.36,26.71,56.36,75.2,65.35,91.04,1.27,3.67,1.28,27.04,3.34,4.36,47.59,15.78,3.91,36.29,2.2,30.85,16.37,51.91,66.25,52.82,-56.11,52.95,52.54,3.98,4.01,8.67,4.7,4.21,9.36,12.84,5.65,20.06,16.68,5.21,22.4,0.55,0.0,0.27,14.78,55.2,0.22,17.5
Sitapur ,Uttar Pradesh,960,1212,148,64.96,33.61,969.63,1010.77,88.72,41.87,68.35,99.7,52.51,31.48,96.23,23.22,9.75,59.16,23.9,20.76,3.96,3.43,55.51,51.13,36.52,16.81,0.0,1.14,1.56,12.88,0.1,17.91,6.06,39.8,60.38,66.82,35.39,91.23,18.03,9.56,94.79,71.54,1577.44,67.85,84.81,70.39,5.45,87.8,8.39,35.71,4.61,65.94,72.19,91.68,71.12,81.79,80.49,35.08,51.43,80.65,89.42,95.9,0.97,9.49,5.41,24.31,3.05,4.1,47.8,18.16,6.52,37.86,2.9,30.14,15.43,42.12,66.4,55.15,57.8,55.29,61.24,3.67,3.91,7.88,4.52,4.75,9.71,11.37,5.46,17.78,16.09,5.67,22.98,3.8,0.21,0.39,13.75,59.69,0.09,13.76
Hardoi ,Uttar Pradesh,983,1206,188,64.55,32.38,975.14,1096.87,77.81,38.43,70.98,99.9,55.72,28.97,82.87,16.03,15.13,59.3,26.47,19.32,4.64,2.75,63.79,58.3,46.17,6.88,0.0,1.06,4.4,31.54,0.24,13.43,4.54,31.17,79.77,67.96,39.68,92.57,23.82,13.16,96.22,66.97,1678.8,62.78,73.93,61.33,8.17,79.06,6.98,43.44,2.46,63.27,62.43,88.67,67.87,76.76,78.96,28.06,37.45,75.29,78.42,98.82,0.0,5.11,3.44,20.38,7.97,7.62,44.54,22.33,9.92,32.95,5.38,22.93,13.55,64.82,76.11,59.49,63.3,59.67,61.05,4.11,3.43,8.02,5.77,3.54,9.8,11.86,4.42,18.12,14.9,4.28,19.89,0.66,0.28,1.5,6.53,52.13,0.06,14.33
Unnao ,Uttar Pradesh,984,1128,152,68.99,28.14,992.73,959.55,84.06,36.12,75.36,98.48,60.29,43.44,68.73,15.33,10.36,68.18,36.99,18.94,2.37,2.24,65.42,48.67,46.23,9.63,0.0,1.6,6.7,26.69,0.26,19.14,4.54,25.92,64.33,44.73,19.76,88.14,18.57,9.56,93.04,54.17,2404.79,60.59,80.84,62.64,5.7,81.2,18.25,64.45,10.4,58.57,-62.54,88.8,63.24,71.53,76.7,21.4,26.22,64.75,74.12,88.28,7.41,8.03,2.27,11.7,5.78,5.17,39.17,12.11,5.06,29.25,7.45,22.59,20.64,62.21,75.98,49.63,-33.81,48.92,49.55,4.38,3.68,9.67,4.41,3.65,9.21,13.51,5.71,21.98,15.72,4.04,21.36,1.98,0.69,2.36,9.45,50.86,0.3,16.66
Lucknow ,Uttar Pradesh,832,958,117,80.75,23.47,949.66,981.39,85.96,51.85,96.82,99.75,80.43,78.26,96.98,15.76,7.97,79.8,51.87,9.9,1.16,2.08,84.75,56.45,40.16,16.44,0.0,2.03,1.83,18.04,0.64,15.66,5.06,28.94,-77.2,74.8,53.08,95.99,22.83,15.92,96.24,78.65,3488.82,71.34,91.32,47.2,1.63,87.86,36.7,55.85,25.56,68.89,-84.47,87.47,73.14,78.2,78.67,34.01,61.25,75.81,70.23,94.14,5.86,4.9,1.4,19.82,2.96,2.34,32.09,11.46,1.43,25.53,1.95,15.66,34.77,50.41,52.93,55.9,-43.34,55.76,52.84,6.08,7.77,14.69,5.56,9.49,16.45,12.41,6.4,21.24,15.22,5.98,22.76,1.09,0.0,0.36,7.72,39.2,0.17,14.16
Farrukhabad ,Uttar Pradesh,969,1276,175,67.07,32.66,972.25,789.17,67.7,47.03,91.81,99.65,72.63,45.5,77.52,13.48,4.45,65.09,33.33,18.78,4.28,4.07,60.98,67.16,40.01,8.28,0.0,2.32,2.56,24.59,1.55,7.72,3.48,29.64,81.28,71.42,41.5,94.83,24.46,10.48,91.73,72.49,1611.07,72.04,69.29,48.84,7.05,74.66,9.98,38.78,4.2,68.54,83.67,95.32,72.18,82.67,85.62,33.57,34.72,79.0,70.98,97.99,0.0,4.63,4.09,32.93,16.08,14.75,47.81,14.25,6.08,31.13,4.7,18.25,15.67,51.68,77.07,57.48,47.7,56.94,58.25,3.32,2.9,6.67,3.9,2.7,7.12,9.1,3.38,13.84,12.13,1.9,14.76,0.14,0.16,0.35,6.42,49.0,0.29,19.67
Kannauj ,Uttar Pradesh,989,1317,198,71.26,32.72,1002.89,1037.81,81.13,35.16,87.3,99.85,70.1,35.47,80.61,15.32,17.41,68.25,37.31,10.36,4.26,1.34,66.48,69.36,60.31,7.72,0.0,1.5,4.68,43.89,0.55,7.22,2.93,31.3,75.93,65.63,46.44,92.91,25.4,10.48,96.2,70.27,1914.31,66.81,76.41,56.47,8.82,81.5,11.81,47.98,3.96,55.84,56.78,92.72,62.9,73.23,82.18,31.63,20.57,67.98,72.67,98.97,0.0,5.6,3.54,12.62,13.37,13.52,42.99,21.5,10.79,33.51,5.19,20.47,18.76,61.38,79.6,65.16,66.38,65.21,68.81,3.1,3.27,7.25,2.8,3.26,6.9,8.93,3.16,14.91,10.83,2.19,14.4,2.34,1.01,1.24,8.69,50.94,0.32,15.25
Etawah ,Uttar Pradesh,978,1225,183,74.61,29.41,967.74,799.2,74.33,49.01,95.66,99.49,78.05,48.63,77.19,17.94,12.85,79.66,45.68,16.26,2.63,2.17,76.53,71.03,48.86,14.36,0.12,1.08,4.78,26.91,1.39,8.25,2.37,27.46,65.39,67.94,43.71,93.63,28.7,13.09,94.6,79.3,1692.04,79.52,85.21,70.07,3.13,88.0,11.23,45.13,6.28,77.67,87.21,100.0,82.24,88.03,92.71,31.11,32.18,88.03,73.9,97.43,2.57,5.77,4.75,30.41,7.11,6.16,38.77,13.89,6.24,24.33,2.55,15.99,23.7,45.02,73.95,57.64,51.92,57.38,65.62,4.86,3.59,8.92,5.21,4.13,10.23,11.77,3.86,16.71,15.39,3.44,19.68,0.16,0.0,0.21,5.2,45.45,0.1,16.89
Auraiya ,Uttar Pradesh,977,1309,166,75.88,29.26,1020.97,879.79,87.23,50.43,94.01,99.49,74.3,33.69,93.94,18.44,8.41,79.26,46.2,18.09,2.3,4.86,77.14,51.43,32.31,13.29,0.0,0.7,1.26,14.26,0.11,18.66,6.19,42.87,-66.27,72.17,50.37,91.28,23.74,10.73,98.62,77.8,1182.06,73.25,90.11,72.83,4.13,90.92,7.97,36.11,2.38,82.51,84.3,95.59,84.73,89.36,89.36,23.39,74.45,88.27,84.72,99.14,0.86,6.46,3.17,19.29,5.16,6.09,39.74,19.43,9.16,32.58,7.25,18.75,19.28,60.22,64.22,39.0,42.07,39.13,43.95,3.03,3.19,6.91,3.73,2.75,7.01,14.14,5.14,20.02,16.78,4.99,22.13,1.37,0.33,0.65,9.29,46.83,0.3,11.44
Kanpur Dehat ,Uttar Pradesh,979,1213,144,73.9,27.85,974.11,1027.01,77.46,37.79,79.75,99.4,70.59,39.26,81.71,17.92,16.57,75.56,45.41,12.66,4.07,1.92,76.24,60.07,41.59,10.65,0.0,1.16,2.25,22.59,0.77,15.0,3.88,19.08,-59.17,66.78,54.4,87.9,24.02,13.74,94.17,67.9,1993.1,62.58,84.3,69.18,4.37,83.82,8.28,45.29,2.07,56.32,67.95,85.54,63.93,69.04,73.46,20.0,24.18,67.83,67.85,94.7,2.26,4.38,1.52,26.31,6.04,5.38,44.09,12.52,6.73,32.82,6.82,17.12,19.59,62.09,69.17,54.61,-60.16,54.85,55.63,4.16,2.88,7.59,5.08,4.14,9.94,7.2,3.74,12.59,11.42,4.16,16.49,0.62,0.0,0.55,10.17,50.49,0.42,16.52
Kanpur Nagar ,Uttar Pradesh,980,1150,177,80.41,24.47,925.16,815.91,83.99,46.19,89.25,98.78,77.51,76.86,92.84,16.12,22.01,82.7,58.51,10.92,1.73,3.41,87.61,73.74,57.4,12.83,0.0,2.99,3.55,33.08,0.49,6.75,2.29,17.49,65.54,78.39,69.85,94.97,26.57,14.1,95.63,71.1,2644.56,70.61,86.61,60.27,5.03,86.96,19.3,46.01,11.91,72.79,-81.16,93.69,77.35,74.72,78.55,32.21,23.74,72.89,81.57,-96.44,-3.56,7.14,3.93,34.78,4.62,3.69,34.6,21.44,12.56,27.75,5.8,13.8,25.24,70.08,76.25,57.39,-46.34,57.03,62.96,5.09,4.29,10.78,3.87,3.15,8.32,10.11,4.44,17.3,11.72,2.77,16.16,0.83,0.5,1.0,9.46,46.83,0.33,15.13
Jalaun ,Uttar Pradesh,978,1373,198,71.92,26.01,937.19,796.82,84.78,39.37,96.85,98.95,80.17,36.45,91.44,17.6,9.93,70.98,38.9,16.86,2.57,2.2,80.13,62.37,50.48,35.16,0.12,0.4,0.75,12.18,0.1,13.48,4.56,28.8,72.46,67.85,62.84,92.12,20.49,11.39,98.82,67.46,2193.86,65.92,85.13,70.0,6.05,85.58,12.06,60.58,4.13,66.23,64.73,90.33,71.73,71.61,79.06,18.88,32.01,69.79,77.34,100.0,0.0,1.23,0.79,37.25,3.02,2.78,45.1,19.53,8.49,36.07,2.27,22.21,14.55,53.01,55.19,43.99,-52.68,44.23,39.53,2.57,2.27,5.24,2.76,2.78,5.95,11.52,3.63,16.75,14.7,4.12,19.97,1.43,0.0,0.0,13.39,49.88,0.18,11.66
Jhansi ,Uttar Pradesh,984,1326,229,71.05,24.73,946.43,926.98,93.8,64.55,95.16,96.83,73.18,51.91,97.71,11.37,8.56,72.45,43.26,25.05,1.92,3.47,82.06,61.99,53.62,28.94,0.0,0.0,4.18,19.79,0.0,13.75,4.24,36.71,76.97,70.3,36.6,90.62,24.72,13.14,95.88,80.39,1089.93,76.06,92.89,75.58,3.77,93.35,12.76,47.26,6.06,44.5,53.93,93.95,55.03,69.19,73.61,26.44,30.25,62.61,79.05,98.53,1.47,4.89,3.43,12.7,7.28,10.72,40.93,25.18,10.38,39.28,3.31,18.71,12.59,55.1,70.3,41.47,-35.69,41.33,40.17,2.78,1.66,5.29,5.74,2.19,9.01,11.74,2.44,15.65,12.68,3.88,17.3,1.69,0.54,0.87,10.07,49.54,0.31,10.91
Lalitpur ,Uttar Pradesh,982,1484,230,66.79,31.7,997.02,998.23,87.25,33.68,94.05,96.55,64.19,20.32,90.69,11.74,5.62,61.33,23.78,42.5,3.05,9.41,63.75,73.82,65.73,49.96,0.36,0.26,2.15,10.93,0.25,7.36,3.77,27.81,64.93,65.74,45.7,89.64,26.77,9.86,98.17,71.09,1380.88,64.75,90.79,86.64,2.43,84.5,6.43,39.56,4.84,70.77,72.95,94.7,77.79,80.94,81.91,29.03,38.87,79.1,78.7,100.0,0.0,2.67,0.8,29.15,4.8,4.82,46.61,18.7,7.47,34.84,6.71,22.35,13.24,50.18,56.01,37.48,51.0,38.07,41.97,2.62,1.72,4.67,3.75,1.84,6.3,10.72,4.7,17.15,13.19,3.55,17.86,0.91,0.15,0.45,5.45,54.54,0.71,16.68
Hamirpur ,Uttar Pradesh,980,1389,206,70.77,28.22,1003.02,881.81,97.96,61.72,94.61,99.4,77.7,29.0,94.36,21.91,4.51,73.23,37.61,10.48,2.63,1.39,77.39,61.27,47.47,21.89,0.0,0.1,3.75,19.06,0.55,14.4,6.21,38.4,77.73,77.72,43.24,94.47,27.06,11.53,99.71,87.22,964.64,78.96,96.28,87.96,1.76,96.23,10.7,-56.85,6.79,77.13,79.81,97.45,84.46,86.55,92.52,45.09,45.02,81.25,87.06,100.0,0.0,8.39,2.72,19.92,5.84,5.8,48.02,20.58,10.67,36.28,9.1,22.49,9.27,55.64,68.45,46.44,-34.48,46.11,49.73,2.58,1.63,5.26,4.44,1.75,6.73,13.71,2.29,16.73,15.37,2.64,18.77,2.83,0.16,0.48,16.95,64.47,0.15,13.26
Mahoba ,Uttar Pradesh,978,1347,226,65.24,28.37,972.37,1056.17,97.37,54.23,95.93,94.28,68.95,28.17,93.79,16.23,3.21,69.65,30.69,20.75,4.22,3.95,77.9,61.57,52.04,32.07,0.0,0.68,0.98,15.33,0.49,16.56,6.58,45.07,80.49,76.04,46.24,92.51,27.65,13.68,98.39,86.33,1212.67,80.76,96.32,87.56,1.89,97.04,9.57,-62.76,4.65,70.68,73.9,90.78,78.75,78.4,78.24,34.95,54.28,78.4,88.76,100.0,0.0,6.57,3.96,20.09,7.25,7.46,42.28,25.04,11.71,33.42,5.03,27.97,10.56,53.89,70.13,49.47,-45.21,49.37,53.46,3.37,1.86,5.85,3.1,2.44,6.29,10.85,3.15,15.02,11.81,2.74,15.66,6.04,0.7,1.75,13.22,63.3,0.19,12.22
Banda ,Uttar Pradesh,977,1189,203,61.77,30.63,956.31,971.2,93.43,47.55,89.17,98.22,59.29,26.82,90.43,13.25,4.81,62.61,27.08,18.98,5.47,2.52,52.55,62.38,45.6,16.7,0.0,0.61,6.53,19.99,0.12,15.28,5.06,35.52,81.15,66.93,39.02,90.02,18.04,2.4,95.13,73.67,1132.39,65.12,89.78,85.86,4.43,92.53,4.2,39.56,2.3,62.88,64.89,94.99,65.64,73.46,80.13,28.59,39.31,71.88,81.19,97.44,1.22,2.37,3.48,16.87,5.92,9.52,50.98,25.72,12.98,49.8,6.34,25.68,13.54,50.61,82.17,52.26,-50.27,52.22,54.47,6.6,3.15,11.54,6.73,3.59,13.11,12.52,4.64,20.08,12.67,4.35,18.85,3.6,1.37,1.74,19.68,63.28,0.45,12.39
Chitrakoot ,Uttar Pradesh,985,1176,173,63.76,31.26,949.99,889.41,83.26,35.88,91.99,96.99,56.65,31.17,75.83,17.36,7.58,62.11,30.17,21.82,2.83,3.54,55.84,57.09,49.03,32.75,0.14,1.31,3.19,8.78,0.39,12.69,4.66,25.87,68.97,53.68,30.25,79.85,13.39,7.16,93.89,50.32,2330.74,49.62,81.06,75.03,6.02,78.43,5.31,-51.17,2.97,63.69,68.9,84.83,68.01,76.76,80.65,32.42,54.53,72.79,80.57,92.26,4.81,3.2,1.94,26.87,8.86,8.37,47.45,24.82,12.02,41.78,6.72,24.1,14.49,62.37,55.31,46.69,43.92,46.57,51.85,1.6,1.29,5.1,3.81,2.42,9.14,8.43,3.07,15.05,10.33,2.96,16.41,1.43,0.35,1.25,12.74,59.62,0.5,13.57
Fatehpur ,Uttar Pradesh,989,1206,175,63.43,29.03,1034.86,890.28,84.29,35.27,76.83,98.79,63.1,38.85,76.23,16.83,12.63,66.45,37.27,10.4,3.69,3.28,70.43,66.16,57.96,8.39,0.0,0.68,6.59,38.88,0.86,9.66,2.68,35.56,73.91,56.33,38.09,90.21,17.66,6.78,96.81,66.75,2145.01,65.52,81.36,64.6,7.24,85.64,7.01,26.69,3.93,55.68,63.45,90.01,61.81,76.03,71.48,29.26,20.15,69.8,76.26,91.26,6.02,2.94,1.86,13.92,2.99,3.46,51.06,17.82,9.06,37.97,3.63,24.73,15.81,63.71,78.1,63.66,48.96,62.98,60.51,2.48,2.5,5.65,4.18,4.18,8.79,10.51,4.31,17.0,13.3,3.43,18.03,1.87,1.13,1.54,20.8,60.81,0.84,18.45
Pratapgarh ,Uttar Pradesh,916,1267,96,67.19,29.03,1229.37,1034.37,85.74,45.21,92.46,97.82,52.01,37.12,95.66,14.9,8.7,77.73,49.69,10.98,2.27,0.74,69.09,51.89,33.59,24.2,0.0,0.76,1.85,6.66,0.12,21.91,8.69,16.27,-59.18,57.2,30.62,93.42,22.77,8.18,94.09,71.13,3814.13,67.25,90.82,62.58,4.5,93.11,11.81,28.31,6.1,74.97,92.1,89.13,78.23,82.84,87.58,22.43,42.82,80.59,69.31,96.14,1.28,2.84,1.59,13.23,5.9,4.19,35.47,10.03,2.5,27.71,1.33,19.55,25.03,36.0,57.95,49.92,-27.1,48.9,51.55,6.9,6.66,14.13,8.22,10.47,19.06,10.15,4.92,17.55,13.22,6.08,22.29,0.0,0.0,0.2,11.89,41.41,0.47,8.98
Kaushambi ,Uttar Pradesh,914,1100,140,63.22,34.89,1068.59,971.76,82.42,56.22,78.74,98.34,59.6,37.03,97.74,20.16,9.96,61.99,31.93,17.55,3.74,2.9,67.05,62.5,38.28,19.34,0.0,1.18,0.92,13.54,0.69,12.52,4.38,28.2,65.71,72.22,34.04,91.21,21.25,11.52,96.03,74.16,1628.18,67.87,88.64,72.31,5.4,92.8,8.91,39.73,3.35,65.71,77.13,91.95,70.73,73.77,79.11,30.24,57.19,73.64,79.77,98.89,0.0,3.86,1.8,27.82,5.86,6.09,40.2,18.26,4.29,36.79,0.75,24.14,17.3,44.42,65.54,54.64,-49.59,54.38,54.84,6.66,4.45,11.74,7.21,7.99,15.53,5.04,3.44,9.37,6.66,2.75,10.02,0.45,0.22,0.62,14.87,53.63,0.24,13.0
Allahabad ,Uttar Pradesh,856,1124,123,70.58,31.54,1083.06,1191.08,74.86,48.88,94.97,95.79,59.5,45.05,96.83,20.55,13.08,70.84,47.56,13.81,6.25,1.98,79.89,63.08,45.57,31.34,0.15,1.2,1.44,8.55,0.38,11.88,4.49,18.87,54.82,58.27,45.88,88.34,22.3,12.0,95.82,67.54,2243.24,59.6,83.19,52.63,6.09,85.48,15.65,43.38,4.55,55.84,67.79,85.44,58.38,67.19,70.88,15.49,53.58,66.19,60.72,95.61,1.66,3.78,0.67,24.76,0.0,0.0,37.87,15.07,4.28,32.63,0.99,17.3,25.54,48.82,50.48,46.51,-43.03,46.38,49.11,6.31,6.7,13.37,7.71,7.33,15.7,7.85,3.11,12.58,11.9,4.33,17.74,1.42,0.35,0.73,11.91,44.61,0.21,12.49
Bara Banki ,Uttar Pradesh,967,1186,184,65.09,32.61,1073.98,950.97,68.13,24.5,74.8,98.84,62.4,47.77,78.15,14.63,15.9,61.13,29.5,20.4,3.86,3.4,58.07,45.44,38.29,9.83,0.0,1.62,3.49,19.33,0.99,21.44,7.87,19.37,65.01,43.28,22.56,83.65,12.47,5.27,91.62,41.49,3204.8,42.4,75.98,63.05,5.03,73.28,8.98,29.29,8.23,64.41,67.24,94.88,74.69,78.27,78.18,33.71,30.11,71.15,64.78,93.4,1.32,5.17,4.82,30.2,7.16,6.73,41.89,18.1,7.79,31.9,2.98,26.02,17.05,64.5,65.47,55.04,-60.65,55.27,61.09,3.17,4.61,9.37,5.2,5.56,11.95,11.09,5.98,19.05,14.76,6.61,22.66,1.27,0.0,1.21,11.16,50.18,0.23,11.27
Faizabad ,Uttar Pradesh,914,1213,137,71.13,29.06,1049.25,885.49,86.56,58.9,90.34,100.0,64.4,41.32,94.12,19.81,9.01,77.7,48.99,7.61,1.51,1.97,71.03,46.0,21.01,11.3,0.0,0.77,0.66,7.55,0.5,25.9,12.25,16.18,-50.4,48.37,33.76,94.19,20.79,9.79,94.13,75.48,2524.76,71.23,89.11,63.34,3.16,91.62,21.19,59.27,9.34,68.66,82.87,88.59,71.18,86.37,82.54,27.66,62.67,85.08,65.11,97.29,1.35,2.53,0.68,12.47,3.46,2.92,30.62,12.35,1.99,27.52,2.64,20.0,24.47,31.61,57.74,52.69,-39.31,52.31,52.73,7.85,8.55,17.0,10.59,9.5,20.64,8.88,4.0,14.87,10.29,4.4,17.65,0.0,0.0,0.22,8.68,41.18,0.16,10.55
Ambedkar Nagar ,Uttar Pradesh,908,1259,130,71.64,29.15,1096.59,818.14,90.32,57.43,94.15,100.0,63.55,32.2,98.29,23.0,10.03,78.51,52.95,5.48,2.37,0.0,77.53,48.9,20.66,12.68,0.0,0.41,0.86,4.55,0.37,22.85,6.93,20.24,-62.56,61.14,44.47,94.58,25.2,11.64,97.82,76.83,2610.51,74.53,92.17,49.82,3.74,87.86,15.95,29.0,7.36,75.07,-91.26,89.97,76.72,84.9,83.45,28.28,55.61,84.9,79.97,91.01,0.0,2.99,1.64,20.38,2.78,4.99,31.05,17.77,3.94,29.18,1.92,26.68,20.34,47.2,54.87,52.86,-47.94,52.7,55.04,7.15,6.57,14.61,8.48,9.28,18.36,9.06,5.64,17.19,13.63,6.85,22.04,4.78,0.38,0.35,12.77,52.9,0.15,16.52
Bahraich ,Uttar Pradesh,956,1128,129,48.21,41.02,1012.24,848.1,78.82,21.0,77.75,100.0,44.16,38.2,85.12,10.11,8.39,41.64,14.43,37.48,4.55,8.37,48.43,38.43,33.39,5.83,0.12,1.19,8.27,14.44,2.81,27.58,11.07,31.19,75.42,40.18,34.27,86.01,22.35,14.24,85.87,52.43,1744.86,54.49,67.67,58.64,8.32,70.72,5.2,24.22,5.13,51.77,62.2,89.38,65.18,64.23,70.32,26.31,35.16,59.67,69.44,96.13,0.78,9.77,6.63,17.04,9.51,9.82,52.11,14.35,7.47,38.04,4.13,29.86,12.54,55.43,71.67,48.82,48.58,48.81,52.61,2.14,3.06,6.13,4.8,2.67,8.58,13.42,7.43,24.16,18.1,8.52,28.72,0.2,0.0,1.25,26.61,58.99,0.57,12.24
Shrawasti ,Uttar Pradesh,974,1233,154,47.0,40.15,1036.53,971.05,75.5,34.56,73.65,99.26,58.1,36.94,81.91,13.49,0.64,40.75,15.93,51.9,3.78,5.26,47.35,49.84,35.6,6.91,0.22,2.01,8.28,12.98,4.36,20.13,8.65,37.19,76.45,42.17,42.35,94.38,16.61,8.81,95.94,68.27,1968.52,68.44,80.42,75.27,6.07,84.27,3.23,-27.97,2.38,59.61,69.75,92.2,65.52,76.1,78.07,33.06,33.35,70.86,81.7,98.7,0.0,9.76,6.65,14.11,3.97,3.44,50.93,20.31,9.31,40.76,3.33,22.83,13.73,56.78,61.24,44.63,41.03,44.41,46.36,3.86,3.61,8.11,4.62,3.72,9.69,9.81,4.64,18.43,13.06,3.45,18.7,1.23,0.35,0.57,24.18,64.2,0.27,7.96
Balrampur ,Uttar Pradesh,979,1235,141,53.06,38.92,1074.88,1034.04,81.16,20.35,78.37,99.77,59.65,39.61,96.85,12.99,9.9,44.94,16.8,35.03,3.17,4.12,53.04,49.01,39.42,6.6,0.0,2.61,11.1,14.25,3.41,22.28,7.75,31.01,75.07,55.21,40.97,91.41,23.9,12.4,95.73,62.08,1809.51,61.32,69.71,57.98,6.07,67.4,5.34,32.39,2.65,57.37,67.91,86.44,64.65,67.45,74.54,30.81,33.97,64.23,76.15,88.09,0.76,5.05,5.36,14.12,7.36,6.86,41.15,24.93,14.27,37.16,3.9,22.21,14.84,72.2,75.42,54.8,38.05,53.7,54.7,3.32,4.02,8.18,4.17,3.63,8.68,13.73,7.07,23.24,16.57,7.01,25.26,3.03,0.54,1.56,23.58,59.84,0.44,10.68
Gonda ,Uttar Pradesh,972,1292,152,61.73,32.43,1077.62,895.94,73.0,34.57,88.93,100.0,44.57,56.17,85.09,13.37,7.06,60.39,31.46,25.38,2.02,4.15,61.42,41.09,37.12,8.71,0.22,1.67,6.62,15.94,2.26,24.47,9.16,33.23,62.16,44.39,41.68,90.37,17.17,11.96,97.1,68.62,2602.31,72.13,81.77,66.92,5.67,82.55,11.02,37.78,8.08,59.94,66.21,90.5,70.49,70.51,71.38,29.01,21.06,63.45,74.45,97.8,1.09,15.41,11.2,17.94,5.75,4.96,45.9,12.1,3.79,28.0,4.65,24.64,17.51,50.77,61.98,49.34,48.82,49.31,51.58,3.63,3.7,8.68,3.21,5.53,12.35,12.2,6.11,22.88,17.48,7.5,28.63,2.07,0.51,1.22,18.04,51.56,0.4,11.05
Siddharthnagar ,Uttar Pradesh,949,1396,127,57.67,40.97,1176.96,851.68,85.21,29.15,90.73,99.87,42.81,50.55,99.03,12.17,9.57,49.14,16.99,33.85,2.8,3.67,62.96,64.98,52.49,6.06,0.18,1.91,15.87,22.87,4.72,14.38,6.2,36.11,93.2,62.8,60.86,93.76,31.68,17.86,98.26,61.8,1942.57,57.19,69.74,62.9,7.38,67.62,3.96,-21.87,3.92,65.12,68.07,97.09,70.06,77.11,87.86,33.77,53.55,74.63,82.71,97.4,0.0,4.11,4.26,24.89,2.02,3.51,37.17,24.84,14.47,36.32,2.79,25.78,12.85,73.61,75.81,51.44,46.19,51.17,50.93,3.96,4.8,9.49,5.5,5.38,11.66,11.76,5.27,19.14,13.96,7.4,23.46,2.25,0.36,0.17,14.62,54.85,0.17,11.19
Basti ,Uttar Pradesh,979,1362,147,64.36,31.74,1098.17,895.08,90.88,49.82,94.62,100.0,64.15,57.01,97.53,15.84,5.74,65.27,40.92,15.94,2.58,1.04,73.27,71.96,53.77,12.15,0.0,3.28,15.46,14.15,6.81,11.12,4.05,22.17,71.78,45.04,31.46,96.02,15.91,7.17,98.95,83.78,2062.32,81.63,93.18,79.18,1.73,92.01,11.63,49.48,5.94,73.81,77.35,93.1,84.6,76.34,85.96,33.12,45.64,76.25,78.48,96.46,2.22,10.36,7.65,12.05,6.1,5.72,35.88,24.15,15.23,39.17,2.71,19.95,16.77,62.62,58.35,40.32,-28.84,39.9,41.13,4.3,4.85,9.98,5.88,5.37,11.62,11.21,5.97,19.23,16.2,7.55,24.99,2.98,0.49,0.0,10.23,51.28,0.22,14.83
Sant Kabir Nagar ,Uttar Pradesh,958,1266,120,63.78,34.59,1185.48,835.38,82.63,36.39,93.95,99.92,65.12,58.09,98.17,20.38,4.21,62.7,34.77,16.78,2.51,1.85,63.42,69.2,48.51,13.57,0.24,4.06,8.34,16.23,4.58,13.02,6.57,31.43,84.56,62.1,43.22,93.71,23.81,9.84,98.25,72.48,2134.15,75.1,90.59,79.45,3.62,89.73,8.33,33.0,5.85,80.15,82.94,95.47,85.06,87.79,95.52,42.43,37.7,87.95,84.44,97.17,0.0,3.52,4.87,12.52,7.3,7.47,42.26,19.04,8.75,34.21,2.9,19.25,15.88,58.47,71.58,43.79,36.21,43.45,47.13,4.54,3.29,8.69,5.09,4.51,10.21,13.0,5.72,22.46,18.02,7.28,28.15,0.78,0.26,0.22,9.93,51.91,0.32,14.44
Mahrajganj ,Uttar Pradesh,946,1316,120,62.42,32.37,1115.97,933.08,89.04,33.49,94.82,100.0,66.73,65.06,98.06,18.16,6.61,64.13,33.78,24.05,1.89,3.56,80.59,62.89,49.55,27.89,0.0,1.08,7.35,9.82,2.59,13.73,5.31,32.25,77.25,55.49,52.52,96.06,26.54,12.21,97.43,77.16,2397.65,76.41,93.26,77.45,2.49,91.97,14.7,57.71,7.2,76.15,82.76,96.82,82.69,92.42,91.86,30.1,68.46,87.4,81.12,94.78,0.0,3.37,4.17,13.35,7.67,8.04,40.46,21.76,9.08,37.38,3.37,17.94,19.86,52.62,60.46,47.32,-38.9,47.07,43.35,6.0,5.35,11.96,6.86,5.62,13.33,11.33,5.19,19.58,16.66,5.99,24.85,0.7,0.34,0.34,5.85,47.77,0.26,17.22
Gorakhpur ,Uttar Pradesh,958,1360,135,67.59,30.53,1089.38,942.67,90.27,51.5,94.85,99.78,69.63,66.8,98.4,17.94,10.65,70.14,42.81,14.56,1.68,2.4,78.31,63.81,48.89,18.96,0.0,0.76,6.88,20.07,1.37,14.65,4.31,30.63,84.66,63.93,56.32,96.31,29.25,16.99,98.62,79.11,2533.22,73.92,91.59,72.47,4.29,84.1,15.18,57.92,5.66,67.7,69.25,97.15,74.94,78.29,85.53,23.87,58.31,76.01,72.61,93.6,4.83,3.4,3.88,38.76,1.57,2.28,29.59,23.33,12.02,33.65,1.31,17.99,21.13,63.85,67.43,53.42,41.42,52.89,55.79,6.91,6.15,13.82,6.29,5.07,11.72,10.19,4.59,16.84,13.37,6.13,20.7,1.75,1.34,0.93,5.35,44.58,0.13,18.89
Kushinagar ,Uttar Pradesh,946,1312,138,63.68,34.9,1145.48,1079.5,85.38,47.34,91.49,100.0,73.08,55.19,97.89,15.63,12.83,64.41,34.09,17.69,3.39,2.6,77.3,64.24,48.45,23.2,0.0,1.95,10.14,10.48,1.97,14.51,6.55,18.93,67.04,44.37,35.79,91.1,17.84,9.66,96.46,79.31,2570.68,74.66,89.43,71.09,4.26,93.12,11.96,50.86,3.7,65.41,82.94,91.89,72.67,84.95,87.67,31.94,44.13,83.92,77.27,97.35,0.0,4.56,5.87,16.65,3.22,2.96,32.18,24.28,9.03,36.6,2.22,18.98,20.19,51.52,52.75,42.74,-31.85,42.29,45.65,4.93,4.91,10.59,6.21,6.25,12.62,9.34,4.62,16.38,13.31,6.37,21.86,2.98,0.34,0.33,4.31,45.05,0.22,16.9
Deoria ,Uttar Pradesh,949,1317,157,69.04,30.28,1046.0,1001.81,86.68,47.73,95.25,99.81,69.09,67.2,96.97,10.51,7.48,73.7,50.37,13.7,1.93,2.07,76.88,56.18,45.92,17.98,0.13,3.07,5.36,16.35,2.3,20.44,6.3,24.65,79.27,55.9,42.45,93.87,13.83,7.4,96.17,77.22,1961.34,73.92,93.42,76.41,2.5,91.56,12.66,51.57,5.09,64.22,73.21,92.6,73.89,79.03,77.42,26.5,61.67,77.94,67.95,98.85,0.0,4.97,1.62,17.33,3.01,2.68,36.77,26.53,10.75,39.37,3.37,16.75,19.32,67.36,54.93,34.15,-21.13,33.83,39.03,4.24,4.4,9.55,6.32,5.26,12.63,10.26,5.79,17.6,12.96,5.78,20.98,6.8,0.81,0.48,2.31,36.91,0.31,12.67
Azamgarh ,Uttar Pradesh,902,1354,146,71.15,29.34,1140.81,838.87,85.69,59.27,96.47,100.0,72.76,37.57,99.34,9.0,17.28,78.9,52.6,11.97,5.16,0.33,79.33,52.65,31.37,23.25,0.0,0.61,0.88,5.86,0.22,20.73,8.18,17.82,53.32,53.67,38.48,94.37,19.41,9.91,96.62,72.93,4265.21,72.47,93.23,44.67,3.66,89.76,16.76,27.39,7.73,64.46,80.32,92.18,69.75,82.05,79.99,16.18,43.19,79.82,67.81,86.44,8.83,2.7,1.79,18.75,0.0,0.0,33.38,14.38,4.26,27.96,0.5,22.12,21.51,45.22,58.87,54.19,-57.99,54.29,57.8,6.79,6.9,14.17,6.82,10.12,17.14,11.96,5.39,19.43,18.78,8.07,28.71,4.61,1.48,0.64,9.37,44.05,0.3,14.7
Mau ,Uttar Pradesh,960,1310,189,68.8,27.17,989.14,938.35,89.76,59.22,94.24,99.8,75.09,54.15,98.36,15.97,14.6,74.44,53.13,11.03,2.9,0.32,76.58,54.24,38.99,11.78,0.0,0.41,7.1,16.52,0.86,16.83,7.21,27.26,84.2,64.37,43.2,97.45,27.62,13.38,98.05,79.96,2475.78,75.65,94.74,58.93,2.67,90.66,14.51,33.32,4.38,59.08,63.25,98.81,73.15,74.63,76.74,19.5,41.33,69.28,84.52,97.14,1.59,4.68,2.59,37.07,3.63,3.22,25.42,21.23,9.63,30.25,1.23,16.48,20.2,63.18,62.66,44.53,-37.16,44.28,53.76,4.8,5.42,11.59,5.77,6.5,12.73,16.26,5.21,23.89,20.78,7.89,29.94,3.71,1.0,1.16,6.38,39.32,0.37,13.55
Ballia ,Uttar Pradesh,959,1254,144,68.14,29.02,1008.55,1062.18,85.57,53.83,89.12,99.82,61.66,53.79,96.43,10.59,9.41,73.3,50.11,9.92,3.51,1.7,71.61,55.17,41.92,15.49,0.0,0.95,12.42,10.32,1.32,20.22,5.72,33.88,77.62,64.0,30.52,90.03,15.82,2.79,95.82,76.57,2441.29,72.87,89.96,73.91,4.5,93.14,7.35,32.39,2.91,62.22,65.74,96.82,67.72,69.36,80.31,20.25,31.47,63.4,75.74,94.05,2.84,10.25,7.05,7.99,1.03,0.91,43.8,21.92,10.68,42.49,2.18,16.76,16.56,69.1,71.55,52.96,-16.34,52.24,58.02,5.0,6.08,12.2,6.31,6.57,13.95,10.62,3.79,17.07,15.24,3.18,20.69,0.88,0.36,0.72,2.18,35.55,0.45,9.89
Jaunpur ,Uttar Pradesh,977,1561,176,69.94,29.33,1065.74,898.28,94.03,51.03,98.17,99.08,62.62,55.24,97.6,12.02,1.85,77.28,52.67,11.77,2.96,0.59,83.46,62.0,55.16,23.48,0.0,2.75,6.77,18.7,2.4,16.21,5.39,27.9,75.32,47.87,47.58,93.95,14.83,7.51,98.86,82.27,2030.4,79.38,88.77,72.39,5.62,86.68,7.34,32.64,2.75,75.12,83.59,91.4,78.69,79.89,81.13,24.41,47.07,78.87,76.14,97.4,1.26,5.07,4.8,18.02,4.06,5.7,40.52,14.76,6.73,30.33,2.7,17.45,15.71,75.79,65.33,34.11,-30.49,34.0,41.4,3.5,3.4,8.04,4.88,3.65,9.6,10.17,3.82,15.96,13.62,4.99,19.73,4.17,0.0,0.12,5.79,43.8,0.57,13.6
Ghazipur ,Uttar Pradesh,966,1363,203,69.65,29.61,1052.7,971.89,74.34,53.42,91.77,99.32,64.05,39.31,98.15,10.64,1.84,75.84,51.43,13.52,2.79,1.85,77.62,62.88,51.2,20.92,0.0,1.9,10.11,12.05,2.8,13.36,4.9,30.54,68.51,58.1,29.22,93.72,10.62,2.11,97.71,71.53,2575.06,69.08,88.32,71.07,2.96,90.51,10.93,44.26,4.64,60.82,69.89,95.8,67.55,71.03,76.54,20.94,33.88,70.01,71.76,97.37,2.63,6.62,5.28,12.44,5.12,4.42,39.31,25.67,13.92,38.27,3.64,19.37,14.32,67.05,71.62,46.23,-29.75,45.68,49.79,4.93,3.43,8.72,7.75,4.81,13.33,9.09,3.02,14.17,15.67,3.51,20.25,1.27,0.14,0.2,4.37,37.66,0.16,10.48
Chandauli ,Uttar Pradesh,950,1272,141,68.79,30.51,985.59,877.31,80.46,45.41,91.86,97.49,66.7,42.34,98.9,28.05,12.64,73.85,47.16,17.23,3.4,2.13,80.58,60.42,48.71,34.87,0.18,0.57,2.2,7.44,2.02,15.37,5.53,24.57,69.22,69.32,32.91,92.33,26.3,15.11,96.45,65.18,2530.11,63.48,86.24,53.41,5.0,85.06,18.53,47.95,5.22,70.58,82.55,90.23,72.6,82.61,82.71,23.95,64.03,81.52,75.89,100.0,0.0,4.38,1.22,28.04,3.1,3.52,39.48,17.43,7.44,29.94,0.57,21.35,23.13,57.69,64.61,48.46,-55.35,48.69,52.43,5.16,4.18,10.28,6.46,4.35,11.15,11.52,5.75,18.92,15.6,6.32,23.63,4.17,0.82,0.55,7.11,44.84,0.36,16.92
Varanasi ,Uttar Pradesh,936,1403,195,74.08,27.31,951.36,885.28,95.6,61.76,97.16,98.41,83.19,71.53,99.89,12.78,12.98,80.61,55.02,10.36,2.21,0.0,85.58,72.54,60.93,23.91,0.11,1.47,9.12,23.74,1.95,8.67,4.21,27.37,76.97,74.3,51.4,94.98,30.13,10.72,99.0,85.14,3697.96,82.0,95.17,58.66,2.79,93.41,23.03,46.25,10.47,79.28,78.55,96.06,87.12,84.34,89.54,27.38,48.37,84.34,80.46,97.66,2.34,4.4,2.06,36.35,6.63,5.77,37.38,21.0,13.27,39.02,3.14,15.7,22.56,67.06,65.2,38.21,-17.32,37.6,41.98,4.28,4.24,9.33,7.15,4.98,12.63,13.34,3.85,19.01,20.86,5.64,27.13,3.42,0.87,1.62,5.54,38.41,0.43,13.37
Sant Ravidas Nagar (Bhadohi) ,Uttar Pradesh,884,1352,118,67.34,33.68,1081.69,838.9,81.86,45.2,96.48,96.73,68.76,39.91,98.72,18.81,2.46,72.57,46.45,19.61,3.66,1.7,74.78,53.77,40.17,30.85,0.0,0.59,2.19,6.06,0.0,22.37,10.12,26.31,62.6,53.64,25.78,89.91,12.86,5.71,92.12,69.49,3299.18,67.47,90.3,47.83,3.71,92.28,18.86,37.75,5.91,62.16,72.05,87.79,69.12,78.57,80.64,27.33,59.07,77.8,63.93,96.52,0.0,4.1,1.59,7.77,3.52,2.92,42.71,9.07,2.37,26.51,2.25,15.78,26.45,49.84,59.23,43.16,53.83,43.79,39.7,4.33,3.96,8.68,5.33,7.26,13.15,9.28,4.07,14.86,15.89,5.43,23.0,1.81,0.0,0.55,7.42,36.53,0.11,7.66
Mirzapur ,Uttar Pradesh,942,1176,147,69.03,31.88,1002.61,812.39,87.38,44.41,92.67,96.94,72.33,42.51,96.96,15.0,2.79,73.39,43.79,16.61,3.34,2.43,75.41,61.49,53.29,32.42,0.0,1.84,7.47,9.02,0.89,14.53,6.1,23.57,66.91,55.67,36.51,94.23,11.61,3.3,98.11,69.76,2575.61,69.57,91.09,62.12,1.62,88.55,17.63,43.66,8.03,68.27,83.26,92.89,73.95,77.65,80.86,29.96,55.53,77.65,72.0,100.0,0.0,3.78,2.6,8.67,4.23,4.57,43.4,12.48,3.32,27.59,2.85,20.86,22.34,58.32,59.76,42.26,-36.39,42.05,43.6,3.76,5.06,9.44,5.4,5.03,11.26,13.66,6.29,21.71,18.62,8.1,29.0,3.34,0.15,0.8,5.4,42.22,0.09,13.99
Sonbhadra ,Uttar Pradesh,952,1158,168,62.09,31.79,994.9,974.34,82.58,33.99,82.87,89.58,70.56,30.44,98.22,19.66,13.0,64.8,35.69,17.68,4.94,6.93,68.93,67.08,53.56,33.74,0.12,0.75,7.55,9.88,0.89,11.61,4.71,21.86,64.77,63.59,36.38,86.02,27.99,12.54,95.76,59.89,1924.1,57.42,76.76,56.76,7.25,77.08,11.83,48.64,3.71,72.69,82.31,93.6,80.22,83.6,81.47,20.53,51.39,83.6,83.11,98.9,0.0,2.02,2.92,29.11,1.94,2.5,38.26,26.75,17.36,46.49,0.87,20.94,15.33,60.85,62.96,44.18,-52.88,44.54,44.22,5.12,2.6,7.91,5.79,4.99,11.31,12.92,5.01,18.98,16.79,4.0,21.41,2.77,0.0,0.16,5.84,54.09,0.56,24.08
Etah ,Uttar Pradesh,953,1267,179,67.99,33.15,1047.06,1003.78,57.59,49.11,87.98,99.82,62.72,39.62,74.81,12.78,11.81,70.8,38.77,20.08,4.09,4.29,64.46,73.09,39.73,7.77,0.0,1.79,3.25,24.21,0.88,6.99,2.0,13.44,56.48,54.12,33.6,92.3,19.98,4.66,96.18,60.18,1928.72,61.55,76.69,50.52,5.21,80.79,7.5,23.25,2.8,55.49,71.9,98.11,60.49,75.03,88.94,37.11,19.07,69.02,69.57,90.22,1.13,9.35,9.06,29.77,4.21,4.98,48.77,14.95,8.35,30.59,3.74,18.73,20.41,50.66,77.4,56.02,44.62,55.41,60.86,3.71,2.12,6.16,4.78,2.56,7.59,11.18,3.63,16.35,14.23,4.44,19.19,0.74,0.34,0.0,5.03,46.02,0.56,15.11
Kanshiram Nagar ,Uttar Pradesh,950,1143,163,62.2,35.51,1039.54,997.44,55.25,46.66,87.22,99.36,69.78,36.63,84.2,15.08,9.71,60.6,29.66,23.16,5.0,7.55,55.4,65.2,31.32,6.91,0.0,2.3,3.34,17.42,0.63,11.82,3.46,18.76,50.6,61.24,38.09,85.92,22.42,7.16,93.21,62.0,1834.2,67.8,74.81,46.62,3.91,77.15,6.47,19.88,1.87,69.19,74.55,94.88,72.13,82.41,87.22,30.08,26.39,77.6,59.55,93.07,1.84,11.07,6.06,33.17,5.82,5.63,45.11,19.29,9.85,35.53,4.61,17.7,20.69,46.06,80.78,66.06,44.76,64.59,64.11,3.56,2.77,6.71,6.4,3.24,10.29,9.31,4.81,16.45,12.76,5.79,19.5,0.62,0.21,0.21,6.88,44.72,0.37,17.1
Amethi ,Uttar Pradesh,906,1255,124,66.09,32.12,1169.62,843.61,87.47,52.39,92.32,98.67,60.9,26.39,97.24,20.91,5.25,67.28,34.55,14.87,3.34,1.91,71.77,48.42,30.45,14.43,0.0,0.69,1.55,11.65,0.48,19.88,7.02,34.41,-77.37,72.56,31.69,93.54,15.88,10.37,96.82,76.33,2713.32,73.73,90.76,71.28,3.35,91.39,11.08,40.34,4.52,75.88,86.76,96.78,78.73,82.0,85.74,27.48,65.2,82.0,80.67,95.94,0.0,4.43,3.71,21.63,5.0,5.66,35.8,19.88,5.07,33.09,1.23,21.04,23.51,39.93,52.42,46.55,-36.56,46.12,45.43,5.85,6.48,12.85,5.73,5.56,12.03,12.72,5.03,19.18,14.29,5.7,21.21,1.52,0.18,0.38,11.46,49.27,0.44,9.11
Budaun ,Uttar Pradesh,944,1134,166,54.92,35.34,933.36,869.84,59.18,44.3,80.66,99.83,69.66,39.84,91.41,13.55,6.2,52.39,21.56,22.85,4.05,6.95,58.82,76.9,42.01,7.28,0.0,1.16,2.82,26.42,1.33,4.27,1.52,16.55,-80.25,58.45,40.57,90.08,15.86,1.87,94.38,62.43,3622.48,59.41,72.31,57.41,2.75,73.07,5.66,20.91,4.43,69.52,74.54,93.85,73.07,82.61,86.45,40.54,35.45,64.93,71.66,97.93,1.14,10.62,4.19,33.61,8.44,8.56,51.79,18.19,6.81,43.02,3.82,19.36,15.2,44.85,72.17,56.18,39.31,55.31,55.62,5.03,3.58,8.98,6.78,3.7,10.93,8.62,3.4,12.98,10.32,3.1,13.81,0.7,0.43,0.21,7.11,41.85,0.49,13.96
Ghaziabad ,Uttar Pradesh,716,805,76,78.93,24.89,930.39,1182.1,86.78,73.37,99.92,99.13,84.51,92.4,96.27,20.0,1.57,81.78,55.23,8.03,3.74,0.61,91.65,72.74,51.14,15.86,0.0,3.03,0.15,31.9,0.0,5.32,2.82,22.61,-95.46,77.24,62.0,86.03,47.83,22.64,95.53,84.8,2251.05,85.3,86.44,40.69,4.06,88.01,31.81,52.45,19.21,68.51,-83.84,90.19,73.21,79.08,82.01,27.4,64.74,77.83,64.48,-87.76,-8.64,4.7,0.77,18.4,7.53,5.96,28.15,17.1,2.98,23.35,3.0,11.06,43.73,49.72,61.78,55.89,-39.62,55.15,59.77,7.76,9.37,17.85,8.04,11.15,20.2,10.28,6.39,19.34,15.53,6.89,24.46,0.65,0.0,0.93,1.67,22.34,0.09,13.42
Hapur ,Uttar Pradesh,976,1357,222,71.82,31.38,917.47,784.88,75.13,56.17,98.81,99.88,85.61,67.99,96.01,14.85,9.84,75.29,43.53,7.12,5.03,0.81,88.63,70.31,47.58,15.29,0.11,2.14,2.44,26.45,0.67,4.75,2.23,31.41,85.11,80.1,53.31,96.24,28.99,12.64,98.87,82.98,1296.84,83.27,83.33,34.73,3.37,85.58,16.48,28.91,6.98,84.43,89.11,97.16,88.25,94.31,92.4,41.58,83.62,94.31,82.13,93.46,2.02,3.89,2.01,38.42,12.58,10.93,30.23,18.52,9.23,26.93,5.14,9.4,32.39,70.65,69.37,51.67,30.8,50.59,55.7,4.07,3.33,7.67,4.93,4.14,9.61,15.63,6.31,22.9,20.09,5.06,25.67,0.44,0.13,0.27,2.41,30.84,0.05,15.44
Moradabad ,Uttar Pradesh,953,1264,160,67.6,29.38,1001.91,1022.05,74.41,58.89,96.04,99.8,78.99,58.28,95.14,17.07,10.13,69.41,42.58,9.6,4.29,1.53,78.51,69.82,47.68,10.18,0.0,0.54,5.5,30.65,0.66,6.9,2.9,20.91,77.39,73.72,33.15,95.1,17.22,2.94,97.55,76.09,5877.47,74.71,80.26,40.0,5.33,85.59,22.54,42.95,13.11,84.5,90.62,97.19,84.5,90.22,89.05,17.98,61.17,85.86,74.06,96.07,1.25,6.95,2.23,17.04,9.11,12.92,34.69,19.13,9.83,27.0,2.26,13.41,17.01,69.69,67.55,45.51,33.63,44.93,43.39,5.17,3.87,9.54,8.08,3.78,12.93,13.61,6.38,21.32,18.25,6.24,25.55,0.77,0.79,0.35,3.57,32.62,0.3,13.81
Muzaffarnagar ,Uttar Pradesh,932,1201,179,69.1,30.36,956.97,865.47,80.22,70.51,97.81,99.9,80.12,59.76,96.31,8.2,4.44,73.41,41.83,7.28,4.28,0.95,78.14,73.17,44.86,14.41,0.24,1.6,3.57,24.7,0.1,4.97,1.86,17.58,78.77,75.54,44.02,93.96,34.54,8.44,96.4,88.51,1746.79,87.29,86.99,45.0,4.2,89.9,22.39,33.3,18.68,69.51,79.57,91.07,74.1,75.47,77.57,23.63,62.17,75.47,72.93,93.77,4.1,6.44,0.48,18.15,18.26,16.08,29.76,20.73,9.89,29.86,4.21,11.12,28.11,67.7,65.44,46.16,-40.24,45.99,48.78,5.54,5.23,11.45,8.45,5.81,14.34,14.92,4.99,21.62,16.64,6.81,24.19,0.18,0.18,0.18,3.65,31.72,0.27,13.7
Rae Bareli ,Uttar Pradesh,985,1258,148,66.43,30.42,1102.18,870.78,78.06,31.6,88.85,98.07,54.96,39.41,79.48,16.84,3.55,66.45,36.13,14.34,2.67,1.29,70.9,69.32,55.81,14.08,0.11,2.48,4.84,26.24,3.3,12.43,3.59,18.68,52.79,58.75,43.57,90.66,15.98,4.78,97.28,60.11,1963.2,61.58,89.51,78.5,4.54,90.77,8.84,-50.84,4.13,71.41,77.18,93.88,76.58,81.76,82.81,33.94,27.22,76.99,73.43,97.27,1.31,2.08,4.0,28.63,3.91,3.43,47.02,12.98,6.26,28.83,4.28,18.46,18.73,64.27,76.43,48.33,-44.39,48.2,49.66,3.9,3.67,8.26,3.06,3.15,7.38,11.3,5.87,19.35,11.75,4.76,17.85,1.41,0.18,0.7,11.78,50.42,0.51,16.46
Sambhal ,Uttar Pradesh,963,1314,199,55.96,35.47,1019.12,939.59,54.79,37.74,91.92,100.0,72.82,38.16,91.1,13.72,7.03,52.57,24.14,21.13,4.37,4.32,60.18,65.93,40.14,8.64,0.0,0.61,2.52,26.17,1.12,8.48,3.9,19.59,-81.23,60.78,32.87,90.3,21.29,5.64,93.45,67.48,1214.46,67.47,74.24,45.08,5.19,78.19,8.07,25.51,1.42,83.04,89.6,95.66,84.73,89.61,91.3,27.65,73.53,88.69,72.72,86.13,0.77,5.37,2.1,31.45,5.92,5.61,51.59,14.08,5.6,29.82,3.79,16.12,19.63,61.6,69.8,51.13,53.01,51.25,57.28,3.48,3.24,7.36,4.81,3.38,8.5,14.19,4.75,19.32,16.74,5.39,22.69,0.0,0.0,0.18,4.85,40.28,0.15,16.68
Shamli ,Uttar Pradesh,950,1300,180,62.69,31.26,988.68,1028.56,86.96,65.38,98.7,99.85,83.32,53.58,95.69,14.75,3.99,65.82,32.6,10.84,6.62,2.33,74.08,71.01,45.64,10.85,0.0,0.93,4.4,27.65,1.07,5.55,2.26,17.6,74.57,82.67,40.98,97.56,25.0,6.65,98.25,81.27,1724.76,75.22,78.29,54.32,5.91,83.3,11.26,35.71,4.97,91.08,95.27,97.49,93.47,91.08,94.55,40.41,76.91,92.49,83.96,93.04,0.0,1.93,1.25,19.11,1.56,1.78,28.62,24.29,13.17,27.49,2.13,9.82,22.61,75.41,65.17,42.4,28.8,41.68,49.5,4.62,3.59,8.67,7.4,4.71,12.48,12.71,6.95,21.16,20.88,7.17,28.56,0.37,0.19,0.19,3.66,30.57,0.31,10.15
Sultanpur ,Uttar Pradesh,922,1282,133,68.91,31.43,1151.21,996.74,86.77,53.03,94.25,99.51,65.08,33.68,96.95,20.65,15.07,74.94,46.58,7.94,0.94,1.11,74.77,47.64,24.33,13.59,0.0,0.71,1.08,7.11,0.84,23.93,9.18,19.01,-75.2,59.61,47.0,93.36,27.8,12.44,97.74,70.48,2641.74,69.42,86.96,67.96,4.41,83.7,12.97,45.1,6.47,80.24,92.67,94.48,81.26,87.83,89.28,33.34,55.46,87.83,80.52,93.81,1.23,2.32,1.32,26.7,2.62,4.36,33.4,10.7,2.54,28.29,1.4,20.81,22.88,53.79,62.27,49.48,65.18,50.2,45.38,5.63,6.85,13.52,7.76,7.82,16.73,12.99,5.82,20.64,16.36,6.72,24.32,4.32,1.76,1.71,14.17,47.47,0.14,10.08
Uttarkashi ,Uttarakhand,947,1049,165,69.02,24.95,1023.55,868.74,94.1,81.1,99.56,96.13,75.73,32.56,87.2,80.29,4.17,81.23,53.58,5.71,2.48,4.75,90.19,73.79,60.23,42.25,2.66,1.31,1.88,11.65,0.48,7.66,3.92,34.19,51.46,77.09,66.81,95.32,46.93,18.91,99.58,71.96,3168.49,72.38,85.87,77.01,0.43,84.53,6.21,-28.71,4.76,81.78,91.49,89.87,86.23,94.33,95.82,29.44,44.44,94.33,55.57,100.0,0.0,4.77,1.66,61.66,7.4,7.59,34.08,10.59,5.37,23.52,2.66,12.91,21.52,59.67,73.57,60.76,63.95,60.94,66.13,4.52,3.47,8.22,4.42,5.96,10.9,12.52,4.97,18.96,16.47,6.27,24.36,0.14,0.14,0.75,2.53,35.13,0.46,26.85
Chamoli ,Uttarakhand,929,1016,114,79.09,26.09,1087.25,1026.06,96.85,66.46,99.45,94.43,87.59,37.44,93.81,71.12,28.15,90.45,58.95,3.38,1.4,2.95,96.83,73.66,64.03,48.95,1.19,0.39,1.43,10.79,0.14,9.29,3.58,21.83,70.54,58.59,52.22,94.57,40.81,18.82,100.0,72.11,7882.31,67.79,73.94,67.25,2.83,75.31,8.81,39.56,7.06,85.01,91.13,100.0,87.93,92.02,92.02,57.89,21.36,90.39,49.93,98.36,0.0,5.71,1.45,63.05,9.8,10.32,34.06,16.2,4.99,21.62,7.54,9.63,24.23,73.53,65.47,41.78,-40.89,41.75,39.3,3.4,2.85,6.79,3.56,4.99,9.84,15.14,3.7,19.71,19.36,8.2,28.46,0.0,0.0,0.59,2.18,38.44,0.19,37.71
Rudraprayag ,Uttarakhand,962,1032,108,72.95,25.02,1242.27,958.26,97.74,86.09,99.46,93.89,86.82,35.07,91.7,76.64,19.17,87.17,56.36,8.58,1.68,1.76,96.82,72.11,61.31,47.63,0.91,1.16,0.38,10.8,0.0,12.23,4.52,26.73,74.71,74.2,76.51,93.97,51.88,28.71,99.69,83.58,4155.67,82.21,86.62,81.02,3.79,85.8,16.67,39.56,16.66,91.44,93.95,97.08,91.44,95.74,95.45,32.66,43.58,95.74,71.87,98.61,0.0,3.22,0.87,54.44,13.2,10.78,25.15,8.04,2.35,10.88,4.19,8.79,25.32,43.62,52.35,40.69,-35.44,40.55,43.14,5.72,4.15,10.37,6.74,8.7,16.3,12.67,4.39,18.7,20.61,9.15,31.68,0.0,0.0,0.17,2.01,40.98,0.19,38.89
Tehri Garhwal ,Uttarakhand,947,971,111,62.2,25.73,1235.96,865.87,90.42,58.43,99.9,84.09,84.57,34.88,92.76,71.17,-33.59,75.54,50.79,6.27,1.8,1.74,93.71,67.28,52.36,36.48,0.0,1.12,1.12,12.48,0.0,13.75,5.57,20.37,-65.44,62.34,48.89,94.05,57.62,27.54,93.81,78.49,1827.36,80.35,82.15,59.31,2.03,77.62,15.02,40.7,9.66,83.0,-77.63,100.0,85.04,98.58,97.96,38.62,10.39,96.48,59.51,97.34,0.0,2.96,2.52,41.82,1.76,1.47,29.3,12.75,5.24,20.72,2.24,12.72,20.89,55.49,61.74,41.86,-54.01,42.22,46.88,3.67,4.09,8.94,4.59,5.95,11.85,13.03,5.46,19.99,21.95,10.44,33.99,0.0,0.0,0.0,3.78,41.06,0.18,35.69
Dehradun ,Uttarakhand,872,979,93,82.9,23.09,914.91,822.94,95.55,73.73,99.65,98.95,83.92,88.79,92.25,67.31,19.28,87.59,62.59,6.63,1.04,0.41,94.1,74.96,59.13,19.23,0.51,1.92,2.83,32.75,1.02,6.51,2.76,27.7,-66.35,83.53,75.26,98.4,57.73,33.18,98.04,82.36,4277.04,84.16,91.73,49.36,0.73,92.71,25.85,34.5,22.75,-76.02,-83.02,-95.35,-76.02,-87.76,-86.19,-40.49,-38.89,-85.93,61.03,-96.01,-3.99,1.67,1.37,55.37,-14.38,13.34,20.92,10.12,2.43,19.09,3.75,13.08,39.78,58.74,59.48,47.92,-43.34,47.85,45.56,4.48,8.16,13.82,5.84,10.64,17.82,12.73,6.01,23.7,17.88,10.18,31.85,0.17,0.0,0.0,2.41,25.55,0.18,21.55
Garhwal ,Uttarakhand,894,836,80,75.49,23.01,1166.04,1064.73,86.02,71.89,99.43,83.5,83.3,48.13,92.34,62.66,-39.15,85.83,56.18,8.62,2.59,1.32,86.46,77.95,63.99,33.89,0.64,1.49,3.51,22.11,0.64,9.9,3.19,9.38,-27.62,49.03,39.62,90.54,40.2,14.86,96.83,63.95,2381.84,70.69,76.02,59.39,2.36,76.91,9.37,-33.62,6.37,-75.96,-80.38,-90.6,-81.72,-81.75,-90.24,-26.41,-13.9,-84.15,48.3,-96.06,-3.94,6.07,1.64,36.01,-9.0,-12.12,29.97,12.0,4.97,18.76,4.65,16.11,20.95,71.18,57.2,40.83,-43.34,40.3,44.26,4.41,4.94,10.57,5.4,5.68,12.12,14.47,5.18,22.06,20.71,12.03,34.34,0.08,0.0,0.0,6.44,42.92,0.74,33.57
Pithoragarh ,Uttarakhand,967,1085,145,79.67,22.17,1043.11,910.94,96.38,79.53,99.64,90.92,84.46,45.91,97.73,72.84,22.98,89.1,55.48,16.16,1.22,3.65,94.64,71.16,63.63,42.52,0.66,2.28,0.54,16.89,0.48,11.25,4.5,28.31,59.03,68.7,58.71,93.98,52.6,24.32,97.42,82.01,3725.8,82.7,84.89,79.98,1.9,83.24,17.02,39.56,18.44,96.02,-96.97,100.0,96.02,100.0,100.0,27.49,43.35,100.0,69.63,97.82,2.18,4.76,0.48,54.09,19.25,16.93,25.64,12.43,6.88,20.63,4.42,11.47,21.82,65.25,36.15,25.24,-34.5,25.53,30.2,3.5,2.41,6.54,4.52,5.03,10.56,14.82,6.72,23.25,21.61,10.31,32.85,0.52,0.0,0.0,4.29,38.49,0.29,33.19
Bageshwar ,Uttarakhand,975,1008,113,73.92,24.6,1173.73,940.48,94.74,76.12,99.82,92.03,88.47,34.59,98.58,71.93,41.78,87.78,52.22,12.85,0.67,1.66,91.23,78.79,66.41,33.37,4.22,1.48,2.55,23.08,0.38,8.42,2.87,17.29,58.24,63.84,67.93,94.83,42.38,25.13,99.44,78.08,2541.99,79.79,82.01,75.1,3.68,84.97,12.4,39.56,9.87,-86.88,-91.04,-95.27,-88.81,-93.81,-93.22,-16.72,-41.85,-82.6,36.98,-95.54,-0.01,4.02,1.8,36.99,6.43,7.23,23.57,7.66,3.65,11.87,3.46,17.21,17.6,53.46,43.71,27.76,-27.63,27.76,27.28,3.79,3.79,7.91,4.61,5.97,12.0,13.13,5.65,20.2,20.75,11.94,34.89,0.0,0.0,0.0,7.71,43.65,0.5,39.51
Almora ,Uttarakhand,975,938,91,72.29,23.16,1330.9,1443.53,91.14,68.47,99.88,93.31,89.23,35.85,88.07,65.98,40.35,88.02,48.03,1.48,2.32,1.66,88.58,78.63,70.47,37.89,1.76,1.63,4.77,22.1,0.51,6.35,2.57,13.39,68.85,52.34,44.33,87.7,38.58,20.85,99.42,78.05,3162.08,79.64,80.1,69.44,6.15,85.44,16.34,39.56,13.66,-85.13,-96.32,-96.25,-85.13,-85.13,-96.25,-36.61,-19.59,-85.13,51.58,-100.0,-0.01,6.19,4.0,30.17,-20.11,18.13,26.01,16.99,6.12,22.87,4.44,15.62,19.45,58.06,57.71,34.01,-14.51,33.44,31.76,5.27,3.7,9.51,6.89,5.93,13.99,13.55,8.17,24.58,19.57,12.19,33.19,0.0,0.73,0.38,5.46,44.25,0.11,31.78
Champawat ,Uttarakhand,979,1177,147,75.89,27.58,1111.82,926.42,94.64,77.74,99.55,95.39,82.68,39.81,97.09,65.67,23.87,84.73,50.99,11.68,0.82,1.85,94.35,66.74,57.67,37.95,0.13,0.62,1.7,16.55,0.11,10.35,3.53,28.14,73.9,72.27,62.03,96.61,57.72,30.73,100.0,80.84,2577.84,80.52,79.84,51.76,5.59,80.74,16.25,45.14,6.91,91.89,91.59,98.0,93.89,97.19,98.69,37.65,46.71,94.1,56.86,96.96,3.04,4.2,0.0,46.26,9.88,8.95,24.9,12.4,5.83,15.29,4.66,14.63,17.89,59.85,43.08,32.59,-30.11,32.5,33.6,3.34,3.7,7.88,3.81,6.75,11.33,12.9,5.03,19.92,20.69,7.86,29.71,1.18,0.46,0.0,4.92,38.67,0.22,33.13
Nainital ,Uttarakhand,939,1078,155,80.27,25.79,1014.37,1135.55,91.68,79.92,99.05,92.98,82.4,71.56,97.37,60.79,51.16,85.4,55.2,11.26,1.42,2.03,90.72,74.69,64.43,26.73,1.13,1.76,3.81,29.69,0.13,6.48,1.98,15.09,59.72,69.98,59.74,88.83,45.67,29.42,97.75,75.85,3598.54,76.34,81.23,56.43,4.9,83.9,30.08,69.0,22.97,74.05,73.46,97.43,84.79,87.69,84.42,31.04,20.25,83.47,45.78,94.52,1.7,5.04,2.43,23.96,18.95,19.24,23.15,13.99,5.85,14.84,7.45,12.7,33.25,72.92,59.75,34.64,-31.18,34.53,37.99,4.55,6.0,11.51,6.25,6.72,14.6,14.3,5.92,24.01,19.83,7.77,30.43,0.0,0.23,0.0,5.17,34.84,0.42,29.49
Udham Singh Nagar ,Uttarakhand,940,1143,143,70.46,27.87,956.8,1021.89,92.29,76.36,99.59,99.91,70.88,63.99,95.89,59.03,31.39,72.26,41.11,14.59,2.11,5.15,93.63,67.21,51.85,19.64,0.17,1.13,1.73,28.42,0.0,7.18,2.09,22.76,-68.29,77.28,75.92,96.91,45.67,23.15,98.46,81.97,1906.17,80.77,85.14,51.0,3.57,81.55,20.39,49.44,6.9,83.19,92.22,94.83,83.19,90.07,90.07,35.76,43.94,86.18,52.09,98.58,0.0,3.41,1.9,42.38,11.89,9.65,26.8,12.42,3.06,22.04,2.4,14.05,35.42,53.04,60.81,51.11,-48.75,51.01,51.62,5.28,8.05,14.22,7.71,9.84,18.02,12.59,7.22,22.2,19.21,8.65,30.21,0.52,0.0,0.55,5.34,31.71,0.35,21.64
Hardwar ,Uttarakhand,843,968,121,73.91,31.04,945.6,985.14,87.96,67.13,99.7,99.59,69.82,61.53,89.79,46.64,40.31,76.39,40.29,9.88,3.9,2.28,85.35,63.61,50.93,12.79,0.14,1.69,3.84,30.63,0.49,11.81,4.14,11.38,-52.22,57.35,48.46,89.67,38.16,21.76,93.22,74.15,3785.81,76.57,79.84,37.87,4.77,83.15,22.09,37.34,16.95,76.51,-93.7,92.64,84.05,86.2,89.42,36.05,23.19,80.73,50.78,87.63,9.1,6.4,3.88,30.55,14.49,15.45,31.07,16.4,6.44,27.03,3.97,15.93,29.83,74.33,63.14,42.77,-63.56,43.77,31.52,2.59,5.51,9.91,4.47,6.86,12.31,15.0,6.89,26.18,22.49,9.49,33.88,1.26,0.49,0.86,5.7,31.79,0.42,17.61
Darjiling ,West Bengal,898,1058,163,78.28,20.69,1029.32,1058.56,98.43,92.03,98.18,90.81,83.03,68.79,97.72,26.31,7.6,76.99,41.28,21.15,1.14,6.33,92.7,82.17,67.01,32.57,0.0,2.19,19.52,8.84,1.43,5.86,2.65,11.78,49.22,84.96,79.18,96.6,62.22,30.07,96.76,73.9,2183.04,84.66,98.35,79.53,0.88,99.23,30.52,-84.62,18.35,94.2,94.2,100.0,95.93,98.26,100.0,57.6,5.41,94.66,76.17,91.95,3.66,6.61,3.12,54.3,27.97,29.39,34.27,20.55,11.61,31.57,8.19,11.83,28.25,74.53,68.08,59.07,-43.34,59.17,60.07,7.0,4.77,13.2,9.0,6.59,16.47,16.2,10.07,29.15,18.74,8.68,29.45,0.48,0.31,0.15,14.42,49.02,5.78,32.92
Jalpaiguri ,West Bengal,919,1101,149,73.73,22.61,1037.78,1098.76,99.2,74.78,97.41,95.2,73.17,42.7,94.75,35.78,29.96,73.6,33.92,18.69,0.0,11.77,82.29,82.7,70.11,35.53,0.34,4.57,20.21,7.55,1.0,4.02,1.59,15.06,61.06,77.48,88.39,96.63,70.67,29.04,100.0,74.81,2243.06,82.54,95.84,83.22,0.37,97.67,28.73,-90.79,20.76,87.87,96.31,98.25,89.49,94.84,96.58,53.62,0.0,94.84,65.45,100.0,0.0,4.33,2.09,61.25,29.67,28.47,28.89,18.31,7.33,25.42,5.48,15.83,16.67,82.72,67.38,72.2,-44.79,71.42,66.6,7.93,5.21,13.77,9.48,6.81,17.2,12.55,6.34,21.19,15.1,7.13,23.65,0.0,0.0,0.0,18.96,54.2,2.76,28.21
Koch Bihar ,West Bengal,920,1095,157,75.72,24.98,1057.73,958.85,97.43,70.3,98.19,99.33,75.71,25.68,97.59,35.95,27.79,79.18,26.67,46.74,0.0,27.26,83.48,81.68,67.67,31.92,0.26,2.13,24.02,6.44,0.75,4.55,2.31,18.28,49.69,71.29,77.34,96.56,58.81,28.3,99.62,71.93,2498.52,79.69,93.03,81.3,0.53,92.54,23.89,-91.77,16.14,94.15,97.09,98.5,96.98,94.15,97.04,49.96,0.0,91.09,61.43,100.0,0.0,4.53,2.47,56.52,23.52,23.15,28.67,16.76,5.16,22.45,2.34,18.13,16.52,75.84,66.37,74.89,-71.97,74.76,71.24,8.3,4.64,13.55,9.6,7.47,18.68,12.77,6.14,21.67,11.3,6.43,20.84,0.39,0.16,0.16,22.29,56.06,0.28,14.37
Uttar Dinajpur ,West Bengal,922,1129,157,68.1,29.22,1092.72,1154.72,98.24,66.46,96.89,99.77,63.78,27.21,93.73,20.96,4.05,65.35,29.32,30.34,1.75,12.71,79.56,81.18,60.93,25.86,0.1,1.53,20.74,9.51,1.43,4.35,3.26,10.26,50.58,76.55,70.08,96.73,59.27,28.86,97.8,60.91,2705.65,69.42,76.89,58.87,7.82,84.72,22.04,77.68,13.65,84.4,86.4,97.47,88.4,92.44,88.45,51.85,0.0,91.26,67.44,97.15,2.85,7.94,4.31,60.22,22.39,20.41,44.76,16.0,7.23,32.03,7.12,16.45,14.56,71.19,77.21,71.86,84.37,72.42,63.55,8.04,4.65,13.56,10.34,7.69,18.76,10.41,3.9,16.34,15.92,4.79,23.79,0.0,0.0,0.0,10.17,49.08,1.66,15.86
Dakshin Dinajpur ,West Bengal,920,1137,163,77.74,23.36,1106.27,1067.27,97.71,80.18,96.54,99.73,79.03,28.7,97.31,28.25,21.9,74.31,30.47,45.6,0.0,18.15,76.58,78.6,58.98,26.64,0.11,3.31,17.63,9.88,0.95,6.13,2.64,16.0,68.25,70.85,76.37,95.29,76.2,36.17,99.63,83.17,2592.53,89.14,91.4,81.22,3.14,94.04,25.33,-93.38,19.49,92.55,92.97,100.0,92.55,96.7,96.7,44.71,0.0,92.6,67.16,100.0,0.0,2.7,2.12,70.49,34.53,34.16,31.93,22.77,9.56,30.16,3.92,14.93,20.15,76.63,72.48,82.78,-61.36,82.04,78.73,10.53,6.67,17.53,13.53,8.05,22.04,9.67,4.05,17.62,10.15,3.03,16.22,0.47,0.16,0.19,12.83,47.16,2.3,22.74
Maldah ,West Bengal,911,1113,150,71.34,30.15,1061.79,942.23,95.9,72.4,98.13,99.04,61.98,29.6,97.75,28.96,13.35,72.25,30.02,49.08,0.75,18.92,83.63,75.26,54.65,23.28,0.0,2.54,19.21,8.22,0.32,9.21,3.35,18.91,46.52,77.75,82.75,93.13,58.78,27.75,99.67,61.61,1961.15,67.86,87.68,76.55,1.75,88.92,22.2,-89.02,16.05,87.2,93.1,100.0,90.23,94.06,93.8,45.73,0.0,92.22,57.65,100.0,0.0,5.51,2.34,52.49,25.79,24.19,40.54,19.95,6.34,35.3,3.33,15.73,21.98,80.64,71.04,73.83,-67.6,73.6,68.5,7.95,7.82,16.68,10.11,9.62,20.16,11.36,5.46,19.34,10.6,4.07,17.77,0.18,0.0,0.2,8.37,45.23,0.26,15.14
Murshidabad ,West Bengal,917,1144,159,74.66,29.32,1102.84,1054.17,99.42,74.05,96.66,99.1,69.66,30.71,92.51,28.39,17.2,67.55,24.16,55.44,2.78,20.63,85.7,85.41,64.89,39.55,0.11,0.95,14.47,7.6,0.32,3.52,1.76,6.35,60.87,73.92,66.85,91.14,52.78,30.63,97.34,49.84,2661.52,67.56,86.99,71.51,5.28,92.28,29.5,92.36,21.25,89.95,89.74,97.74,94.74,95.35,96.14,30.87,1.36,94.15,67.72,100.0,0.0,7.84,2.39,57.9,8.37,7.76,39.75,16.25,3.68,32.43,3.63,19.87,25.18,74.95,72.07,77.96,-66.72,77.57,73.0,8.9,8.84,18.37,11.12,8.09,19.45,10.04,5.33,18.72,10.91,3.21,16.26,0.33,0.34,0.16,5.12,43.68,0.88,10.75
Birbhum ,West Bengal,922,1161,168,73.63,25.66,1033.15,934.02,99.18,75.15,97.78,99.38,55.04,28.13,93.25,37.67,7.33,70.79,25.76,49.89,0.57,24.97,79.25,82.15,73.85,41.33,0.21,1.61,24.7,5.59,0.31,4.84,2.71,21.59,48.05,81.85,78.38,98.41,51.45,16.22,98.73,67.49,1390.84,81.74,90.31,72.71,2.43,92.2,25.37,92.24,12.58,81.55,90.88,95.18,84.78,98.41,98.41,43.31,0.0,96.82,58.41,96.86,0.0,9.53,4.7,71.98,24.83,24.61,36.99,25.48,5.62,41.8,3.35,20.51,13.39,63.86,76.54,78.15,-66.01,77.71,78.61,8.74,7.23,16.35,11.4,9.06,20.85,10.66,4.0,17.48,9.88,2.06,14.06,0.18,0.16,0.0,8.06,50.3,1.67,18.0
Nadia ,West Bengal,919,1034,146,77.55,21.49,1070.93,981.63,98.56,81.33,98.17,98.22,78.4,34.22,96.04,23.03,-29.12,76.15,28.25,39.94,0.0,15.13,83.43,59.89,49.32,26.82,0.0,3.77,10.45,6.92,0.9,12.93,5.93,20.94,61.57,61.08,71.15,95.72,57.88,23.79,98.43,89.39,3776.05,89.92,97.73,54.22,0.0,98.57,58.17,93.36,32.38,-89.88,-91.76,-100.0,-92.62,-97.26,-94.99,-35.69,-0.01,-92.23,74.02,-100.0,-0.01,5.9,3.25,71.79,17.43,17.79,26.07,17.61,7.52,25.14,2.96,8.25,28.6,80.26,63.58,73.79,-58.65,73.35,68.2,11.13,7.91,20.01,11.94,8.51,21.2,11.31,5.28,21.16,10.15,2.68,16.0,0.18,0.0,0.0,6.81,47.66,0.42,10.83
North Twenty Four Pargana ,West Bengal,924,1055,148,82.38,20.62,1013.26,888.64,99.59,87.63,99.54,99.5,80.39,58.87,98.89,30.73,26.32,85.53,40.69,33.57,0.0,11.54,89.58,78.81,60.99,22.24,0.0,3.7,24.26,8.77,1.77,4.4,1.49,21.91,66.54,72.72,89.91,97.71,73.26,35.69,98.65,87.79,2808.71,92.4,97.46,74.42,0.47,98.34,47.48,91.46,35.49,-92.75,-97.12,-97.71,-92.75,-97.71,-95.0,-61.59,-2.19,-97.71,78.06,-90.67,-9.33,1.96,2.04,63.15,22.19,25.53,32.36,13.34,5.03,23.6,6.48,6.45,26.43,82.55,57.89,65.36,-62.33,65.27,68.44,9.68,8.41,18.79,12.91,9.49,23.23,11.07,5.0,18.98,11.73,3.18,17.07,0.17,0.17,0.17,7.03,49.83,0.4,17.61
Hugli ,West Bengal,892,1020,136,81.04,19.9,1082.39,1024.52,98.17,83.22,98.4,98.14,76.22,54.6,90.52,26.49,15.07,77.4,36.96,40.78,0.0,13.17,86.45,74.91,61.27,35.96,0.25,1.72,13.64,7.8,0.48,6.99,2.45,13.32,59.74,75.96,72.24,92.22,68.1,42.26,98.57,56.74,4557.77,76.65,96.95,67.86,0.43,97.37,49.66,84.86,36.81,-95.4,-95.22,-100.0,-100.0,-95.4,-97.88,-43.43,-2.2,-93.34,74.96,-97.8,-2.2,11.2,0.84,69.5,26.39,25.27,28.94,20.03,5.03,33.36,5.16,14.12,34.6,71.87,67.92,75.05,-43.34,75.06,75.14,8.84,9.49,19.71,9.74,11.38,22.27,12.15,5.38,24.11,17.7,4.6,26.73,0.3,0.36,0.63,8.08,53.45,1.49,22.3
Bankura ,West Bengal,889,997,133,68.66,22.56,1053.13,1001.57,95.62,64.8,92.34,96.26,49.2,20.82,86.83,43.43,13.05,68.3,27.93,45.72,0.41,16.04,79.04,56.65,51.85,26.61,0.0,1.43,19.79,3.74,0.0,11.97,4.7,12.43,43.55,74.71,75.66,89.51,60.48,23.26,99.54,67.15,3274.34,76.52,93.28,83.29,4.66,93.81,22.69,39.56,20.92,-85.02,-94.63,-97.77,-94.07,-93.72,-93.52,-32.53,-6.38,-74.61,73.38,-100.0,-0.01,12.73,4.29,47.62,26.19,23.79,30.34,25.95,8.33,38.83,1.89,28.03,12.98,55.98,67.08,77.27,-71.25,77.04,80.25,8.12,7.14,16.17,11.35,10.94,23.78,11.46,5.07,21.01,13.81,3.21,20.31,0.36,0.18,0.0,21.52,47.73,0.6,15.99
Puruliya ,West Bengal,912,1050,138,63.55,25.36,1064.8,859.99,95.34,61.29,88.58,87.57,29.24,23.17,89.73,35.58,10.56,60.95,26.87,37.01,0.87,12.0,72.68,51.02,41.31,26.45,0.12,2.39,6.72,3.97,0.48,16.11,6.32,21.22,30.68,59.07,57.77,91.24,53.44,26.42,98.01,51.46,2478.19,68.37,89.76,82.66,2.59,91.41,11.91,39.56,8.16,84.66,87.02,96.63,88.15,91.57,93.15,51.97,3.34,93.13,67.96,90.89,2.22,8.98,4.03,62.47,25.14,24.6,36.91,29.42,7.86,46.33,1.03,33.73,9.59,51.62,77.85,76.85,-72.2,76.7,79.23,10.05,4.78,15.31,10.79,8.67,20.71,9.63,3.93,17.5,13.62,3.91,20.42,0.37,0.18,0.18,26.7,51.17,1.13,17.81
Haora ,West Bengal,916,1067,153,82.03,21.19,1010.58,1061.68,97.8,85.41,98.97,99.52,72.93,61.91,97.4,20.07,18.99,80.48,40.07,30.4,0.0,9.4,94.05,84.52,68.41,31.6,0.0,1.93,23.8,9.46,0.43,3.16,1.58,20.52,56.57,84.78,82.71,97.78,69.17,33.07,96.47,70.73,2166.03,79.78,95.54,60.76,1.37,96.91,42.76,69.02,30.87,-87.78,-90.77,-96.23,-90.63,-93.38,-89.81,-28.26,-3.87,-80.19,70.12,-87.41,-12.59,6.63,5.61,58.36,22.79,20.63,27.5,21.34,10.5,27.25,4.59,10.28,22.77,76.58,67.69,65.55,-43.34,65.25,67.06,9.48,6.2,16.89,10.77,8.27,20.26,13.61,6.8,24.0,18.65,5.96,26.83,0.3,0.0,0.12,5.99,44.73,0.66,19.4
Kolkata ,West Bengal,879,921,138,87.22,15.98,953.75,809.31,95.01,92.79,99.59,99.25,60.87,91.71,98.56,21.08,-20.13,87.6,55.35,16.66,0.66,4.86,97.54,84.68,71.72,29.78,0.0,1.62,22.44,14.97,0.67,2.21,0.25,17.91,56.97,74.21,71.74,100.0,67.5,33.82,94.42,72.8,1968.98,84.62,97.47,69.9,1.85,99.32,44.67,-79.92,32.38,-80.16,-79.02,-97.72,-84.68,-91.03,-91.03,-41.35,-2.76,-86.7,57.97,-83.45,-13.17,5.58,2.57,44.2,-34.01,-31.59,29.63,29.28,16.92,32.91,5.97,6.59,29.02,84.41,72.28,58.42,-43.34,58.18,61.41,10.63,9.35,21.6,9.37,12.9,24.34,15.11,4.93,23.87,15.04,5.08,23.84,0.0,0.0,0.0,5.99,42.4,0.99,22.17
South Twenty Four Pargana ,West Bengal,917,1089,148,80.93,25.49,1054.81,1099.04,97.56,84.06,99.24,100.0,70.08,36.19,94.09,36.72,21.35,85.59,34.94,41.91,0.0,13.09,80.31,82.87,67.89,21.89,0.1,2.84,34.8,5.44,1.11,3.74,1.69,17.69,54.48,77.08,87.5,96.4,67.23,32.73,98.63,67.02,2142.06,70.77,91.04,77.66,2.15,93.19,26.63,-72.25,21.84,91.66,96.34,100.0,95.1,94.87,94.82,37.44,1.73,95.0,58.78,100.0,0.0,4.54,1.6,46.2,27.2,27.55,36.7,21.21,11.83,32.15,6.98,9.91,21.22,85.96,70.42,62.14,-47.39,61.62,57.25,7.17,8.16,16.48,9.81,10.12,21.28,13.5,5.64,21.49,13.03,4.28,19.13,0.0,0.0,0.2,6.28,49.76,0.39,16.54
Paschim Medinipur ,West Bengal,910,1002,137,72.1,23.43,1088.57,1005.04,99.32,78.84,95.41,95.53,58.33,17.46,93.77,25.75,41.46,70.85,26.19,55.69,0.37,24.99,67.31,60.74,55.58,32.06,0.36,1.44,18.02,3.1,0.52,11.52,5.68,23.48,49.25,52.62,63.09,96.17,64.31,31.85,99.12,79.73,3387.85,80.86,87.58,72.0,5.12,95.1,23.09,-63.6,18.31,76.93,86.82,100.0,80.12,93.73,89.25,40.55,0.0,89.02,78.29,93.27,0.0,6.28,1.42,67.91,20.89,21.78,31.07,30.27,9.61,39.99,1.66,18.86,19.06,64.48,65.98,82.03,-62.9,81.49,84.52,9.29,7.76,17.93,9.87,10.47,21.67,9.14,5.01,19.31,10.66,4.33,18.98,0.0,0.0,0.0,18.83,50.48,1.46,20.81
Purba Medinipur ,West Bengal,873,957,131,83.04,23.85,1031.4,777.38,99.25,86.18,98.97,87.79,69.78,17.01,89.97,21.53,23.31,77.0,30.87,57.61,0.0,22.04,78.42,59.27,48.08,16.35,0.0,1.15,26.18,3.51,0.13,12.29,4.13,20.63,49.96,69.33,56.81,87.12,51.64,32.85,98.82,48.46,4390.27,58.14,91.48,71.46,4.56,94.61,36.14,75.99,29.28,88.37,-74.29,100.0,90.6,91.74,91.74,52.48,9.53,89.97,83.65,98.01,0.0,8.94,3.82,59.39,21.45,20.93,25.77,15.53,2.99,30.59,3.09,16.5,27.38,66.21,67.47,70.51,-66.42,70.39,73.82,8.82,10.98,21.25,10.75,11.88,24.04,9.61,4.7,18.08,11.92,4.4,21.31,0.0,0.19,0.46,12.93,40.11,1.97,14.8
Paschim Barddhaman ,West Bengal,912,1190,184,74.84,22.32,977.46,786.93,97.7,77.85,97.0,95.21,71.46,56.29,89.75,21.82,10.18,73.45,37.12,31.84,2.06,15.42,84.42,65.3,54.02,28.19,0.0,2.12,13.39,8.75,0.11,11.96,3.62,13.67,25.8,70.28,70.41,96.59,57.02,30.77,95.46,64.12,3019.74,70.49,89.79,62.71,0.78,91.26,34.25,69.1,24.79,62.4,69.69,95.93,62.4,90.82,89.38,48.64,0.0,90.26,60.57,97.57,2.43,8.81,1.97,59.26,31.37,31.05,39.74,25.45,7.98,40.96,3.07,18.43,20.43,67.08,74.69,66.54,49.44,65.81,65.57,8.48,6.98,16.21,12.19,10.3,23.4,9.55,4.33,17.63,14.45,3.67,20.67,0.7,1.3,0.4,11.79,40.23,0.83,14.58
Purba Barddhaman ,West Bengal,915,1088,163,71.15,22.21,1067.12,877.1,99.61,69.64,96.76,99.13,64.15,32.05,95.24,37.18,17.49,73.19,27.32,50.35,0.0,21.85,80.42,67.89,58.51,37.24,0.0,0.8,15.9,3.83,0.33,8.58,3.9,16.03,35.98,72.5,80.5,90.84,68.31,33.64,100.0,65.21,1891.83,74.95,95.95,70.32,1.99,94.27,37.87,88.38,21.64,97.2,97.2,100.0,97.2,100.0,100.0,54.83,0.0,96.26,65.24,94.98,5.02,3.26,4.96,54.47,36.52,34.1,32.67,21.1,5.36,31.63,3.04,16.3,23.93,73.03,71.52,78.39,-63.66,77.86,78.15,8.05,8.13,16.62,10.03,11.16,21.79,11.5,5.68,21.21,11.5,3.82,18.39,0.19,0.1,0.0,9.93,50.06,1.17,22.94
